-- MySQL dump 10.13  Distrib 8.0.40, for Linux (x86_64)
--
-- Host: AKUN.mysql.pythonanywhere-services.com    Database: AKUN$default
-- ------------------------------------------------------
-- Server version	8.0.42

/*!40101 SET @OLD_CHARACTER_SET_CLIENT=@@CHARACTER_SET_CLIENT */;
/*!40101 SET @OLD_CHARACTER_SET_RESULTS=@@CHARACTER_SET_RESULTS */;
/*!40101 SET @OLD_COLLATION_CONNECTION=@@COLLATION_CONNECTION */;
/*!50503 SET NAMES utf8mb4 */;
/*!40103 SET @OLD_TIME_ZONE=@@TIME_ZONE */;
/*!40103 SET TIME_ZONE='+00:00' */;
/*!40014 SET @OLD_UNIQUE_CHECKS=@@UNIQUE_CHECKS, UNIQUE_CHECKS=0 */;
/*!40014 SET @OLD_FOREIGN_KEY_CHECKS=@@FOREIGN_KEY_CHECKS, FOREIGN_KEY_CHECKS=0 */;
/*!40101 SET @OLD_SQL_MODE=@@SQL_MODE, SQL_MODE='NO_AUTO_VALUE_ON_ZERO' */;
/*!40111 SET @OLD_SQL_NOTES=@@SQL_NOTES, SQL_NOTES=0 */;

--
-- Table structure for table `accesorios`
--

DROP TABLE IF EXISTS `accesorios`;
/*!40101 SET @saved_cs_client     = @@character_set_client */;
/*!50503 SET character_set_client = utf8mb4 */;
CREATE TABLE `accesorios` (
  `COD_PARTE` varchar(255) NOT NULL,
  `Idcolor` int DEFAULT NULL,
  `DESCRI` text,
  `PRECIO` float DEFAULT NULL,
  `CONTENIDO` float DEFAULT NULL,
  `UNIDAD` float DEFAULT NULL,
  `MONEDA` int DEFAULT NULL,
  `Bloqueado` text,
  `Tipo` text,
  `cant` int DEFAULT '1',
  `cant_20` int DEFAULT '20',
  `formula_calculo` text,
  `tipo_calculo` text,
  PRIMARY KEY (`COD_PARTE`)
) ENGINE=InnoDB DEFAULT CHARSET=utf8mb3;
/*!40101 SET character_set_client = @saved_cs_client */;

--
-- Dumping data for table `accesorios`
--

LOCK TABLES `accesorios` WRITE;
/*!40000 ALTER TABLE `accesorios` DISABLE KEYS */;
INSERT INTO `accesorios` VALUES ('B-52',NULL,'BURLET B-52',419,NULL,NULL,NULL,NULL,'hoja',1,20,'((Ancho * 2) + (Alto * 2))/1000','formula'),('B-68',NULL,'BURLETE B-68',712,NULL,NULL,NULL,NULL,'marco',1,20,'((Ancho * 2) + (Alto * 2))/1000','formula'),('CALSOS',NULL,'CALSOS DE 22 MM',96.4,NULL,NULL,NULL,NULL,'hoja',4,20,'','unidad'),('CIERRE MILANO',NULL,'CIERRE LATERAL CLIP JN H-56 C/KIT DELTA',7695,NULL,NULL,NULL,NULL,'hoja',1,20,'','unidad'),('CUÑA 16',NULL,'BURLETE CUÑA',419,NULL,NULL,NULL,NULL,'marco',1,20,'((Ancho * 2) + (Alto * 2))/1000','formula'),('cuña mediana',NULL,'BURLETE DE ACRISTALAMIENTO',375.4,NULL,NULL,NULL,NULL,'hoja',1,20,'((Ancho * 2) + (Alto * 2))/1000','formula'),('E-66',NULL,'ESCUADRA DE ALINEACION CONTRAMARCO',41,NULL,NULL,NULL,NULL,'marco',4,20,'','unidad'),('e-69',NULL,'ESCUADRA E-69',923,NULL,NULL,NULL,NULL,'marco',4,20,'','unidad'),('E66',NULL,'ESCUADRA DE ALINEACION DE CONTRAMARCO',25,NULL,NULL,NULL,NULL,'marco',4,20,'','unidad'),('E69',NULL,'ESCUADRA  E 69',923,NULL,NULL,NULL,NULL,'hoja',4,20,'','unidad'),('FELPA CON FEAL SEAL',NULL,'FELPA  7 X 6 CON FEAL SEAL',207,NULL,NULL,NULL,NULL,'hoja',1,20,'((ANCHO*4)+(ALTO*3))/1000','formula'),('H-47',NULL,'FALLEBA H-47 CON KIT',32200,NULL,NULL,NULL,NULL,'hoja',1,20,'','unidad'),('H-52',NULL,'TRABA BANDEROLA H-52',12950,NULL,NULL,NULL,NULL,'hoja',1,20,'','unidad'),('H-53',NULL,'BRAZO SOSTEN RELLENTI DE 250 MM H-53',7900,NULL,NULL,NULL,NULL,'hoja',2,20,'','unidad'),('H-62',NULL,'BISAGRA DE DOS CUERPOS H-62',5500,NULL,NULL,NULL,NULL,'marco',2,20,'','unidad'),('H61',NULL,'BISAGRA DE DOS CUERPOS',3565,NULL,NULL,NULL,NULL,'marco',2,20,'','unidad'),('KIT DE ENGANCHE',NULL,'KIT MODENA DE ENGANCHE',1654,NULL,NULL,NULL,NULL,'marco',2,20,'','unidad'),('MECANISMO',NULL,'CONJUNTO COMPLETO O/B BRZO LARGO JN 90 KG',77000,NULL,NULL,NULL,NULL,'hoja',1,20,'','unidad'),('parker',NULL,'torn. ranurado 10 x 1 1/2',48,NULL,NULL,NULL,NULL,'marco',8,20,'','unidad'),('PARKER 2',NULL,'TORNILLO RANURADO 10 X 01 1/2',48,NULL,NULL,NULL,NULL,'hoja',4,20,'','unidad'),('PLETINA',NULL,'PLETINA DE POLIAMIDA',1800,NULL,NULL,NULL,NULL,'hoja',1,20,'','unidad'),('r -42',NULL,'rueda doble reg ibiza r-42  (80 kg hoja)',3202,NULL,NULL,NULL,NULL,'hoja',2,20,'','unidad'),('T-131',NULL,'TAPA DESAGUE',33,NULL,NULL,NULL,NULL,'marco',2,20,'','unidad'),('T-131 HOJA',NULL,'TAPA DESAGUE',33,NULL,NULL,NULL,NULL,'hoja',1,20,'','unidad'),('T-87',NULL,'CLIP PARA CONTRAMARCO',711,NULL,NULL,NULL,NULL,'marco',1,20,'','unidad'),('T-91',NULL,'TAPON LATERAL DE CONDENSACION T-91',48,NULL,NULL,NULL,NULL,'marco',8,20,'','unidad'),('T-94',NULL,'BOCA DE DESAGUE T-94',28,NULL,NULL,NULL,NULL,'marco',2,20,'','unidad'),('T-96',NULL,'CLIP PARA CONTRAVIDRIO T-96',25.32,NULL,NULL,NULL,NULL,'marco',40,20,'((ANCHO*2)/150)+((ALTO*2)/150)','formula'),('T-96 HOJA',NULL,'CLIP CONTRAVIDRIO',25.32,NULL,NULL,NULL,NULL,'hoja',1,20,'((ANCHO*2)/150)+((ALTO*2)/150)','formula'),('T87',NULL,'CLIP PARA CONTRAMARCO',62,NULL,NULL,NULL,NULL,'marco',30,20,'','unidad'),('T89',NULL,'TOPE PARANTE LATERAL T89',31,NULL,NULL,NULL,NULL,'hoja',2,20,'','unidad'),('T90',NULL,'TOPE PARANTE CENTRAL T90',76,NULL,NULL,NULL,NULL,'hoja',2,20,'','unidad'),('t93',NULL,'cruce de hoja modena t-93',1303,NULL,NULL,NULL,NULL,'marco',2,20,'','unidad');
/*!40000 ALTER TABLE `accesorios` ENABLE KEYS */;
UNLOCK TABLES;

--
-- Table structure for table `auth_group`
--

DROP TABLE IF EXISTS `auth_group`;
/*!40101 SET @saved_cs_client     = @@character_set_client */;
/*!50503 SET character_set_client = utf8mb4 */;
CREATE TABLE `auth_group` (
  `id` int NOT NULL AUTO_INCREMENT,
  `name` varchar(150) NOT NULL,
  PRIMARY KEY (`id`),
  UNIQUE KEY `name` (`name`)
) ENGINE=InnoDB DEFAULT CHARSET=utf8mb3;
/*!40101 SET character_set_client = @saved_cs_client */;

--
-- Dumping data for table `auth_group`
--

LOCK TABLES `auth_group` WRITE;
/*!40000 ALTER TABLE `auth_group` DISABLE KEYS */;
/*!40000 ALTER TABLE `auth_group` ENABLE KEYS */;
UNLOCK TABLES;

--
-- Table structure for table `auth_group_permissions`
--

DROP TABLE IF EXISTS `auth_group_permissions`;
/*!40101 SET @saved_cs_client     = @@character_set_client */;
/*!50503 SET character_set_client = utf8mb4 */;
CREATE TABLE `auth_group_permissions` (
  `id` bigint NOT NULL AUTO_INCREMENT,
  `group_id` int NOT NULL,
  `permission_id` int NOT NULL,
  PRIMARY KEY (`id`),
  UNIQUE KEY `auth_group_permissions_group_id_permission_id_0cd325b0_uniq` (`group_id`,`permission_id`),
  KEY `auth_group_permissio_permission_id_84c5c92e_fk_auth_perm` (`permission_id`),
  CONSTRAINT `auth_group_permissio_permission_id_84c5c92e_fk_auth_perm` FOREIGN KEY (`permission_id`) REFERENCES `auth_permission` (`id`),
  CONSTRAINT `auth_group_permissions_group_id_b120cbf9_fk_auth_group_id` FOREIGN KEY (`group_id`) REFERENCES `auth_group` (`id`)
) ENGINE=InnoDB DEFAULT CHARSET=utf8mb3;
/*!40101 SET character_set_client = @saved_cs_client */;

--
-- Dumping data for table `auth_group_permissions`
--

LOCK TABLES `auth_group_permissions` WRITE;
/*!40000 ALTER TABLE `auth_group_permissions` DISABLE KEYS */;
/*!40000 ALTER TABLE `auth_group_permissions` ENABLE KEYS */;
UNLOCK TABLES;

--
-- Table structure for table `auth_permission`
--

DROP TABLE IF EXISTS `auth_permission`;
/*!40101 SET @saved_cs_client     = @@character_set_client */;
/*!50503 SET character_set_client = utf8mb4 */;
CREATE TABLE `auth_permission` (
  `id` int NOT NULL AUTO_INCREMENT,
  `name` varchar(255) NOT NULL,
  `content_type_id` int NOT NULL,
  `codename` varchar(100) NOT NULL,
  PRIMARY KEY (`id`),
  UNIQUE KEY `auth_permission_content_type_id_codename_01ab375a_uniq` (`content_type_id`,`codename`),
  CONSTRAINT `auth_permission_content_type_id_2f476e4b_fk_django_co` FOREIGN KEY (`content_type_id`) REFERENCES `django_content_type` (`id`)
) ENGINE=InnoDB AUTO_INCREMENT=317 DEFAULT CHARSET=utf8mb3;
/*!40101 SET character_set_client = @saved_cs_client */;

--
-- Dumping data for table `auth_permission`
--

LOCK TABLES `auth_permission` WRITE;
/*!40000 ALTER TABLE `auth_permission` DISABLE KEYS */;
INSERT INTO `auth_permission` VALUES (1,'Can add log entry',1,'add_logentry'),(2,'Can change log entry',1,'change_logentry'),(3,'Can delete log entry',1,'delete_logentry'),(4,'Can view log entry',1,'view_logentry'),(5,'Can add permission',2,'add_permission'),(6,'Can change permission',2,'change_permission'),(7,'Can delete permission',2,'delete_permission'),(8,'Can view permission',2,'view_permission'),(9,'Can add group',3,'add_group'),(10,'Can change group',3,'change_group'),(11,'Can delete group',3,'delete_group'),(12,'Can view group',3,'view_group'),(13,'Can add user',4,'add_user'),(14,'Can change user',4,'change_user'),(15,'Can delete user',4,'delete_user'),(16,'Can view user',4,'view_user'),(17,'Can add content type',5,'add_contenttype'),(18,'Can change content type',5,'change_contenttype'),(19,'Can delete content type',5,'delete_contenttype'),(20,'Can view content type',5,'view_contenttype'),(21,'Can add session',6,'add_session'),(22,'Can change session',6,'change_session'),(23,'Can delete session',6,'delete_session'),(24,'Can view session',6,'view_session'),(25,'Can add cotizacion',7,'add_cotizacion'),(26,'Can change cotizacion',7,'change_cotizacion'),(27,'Can delete cotizacion',7,'delete_cotizacion'),(28,'Can view cotizacion',7,'view_cotizacion'),(29,'Can add producto',8,'add_producto'),(30,'Can change producto',8,'change_producto'),(31,'Can delete producto',8,'delete_producto'),(32,'Can view producto',8,'view_producto'),(33,'Can add cotizacion item',9,'add_cotizacionitem'),(34,'Can change cotizacion item',9,'change_cotizacionitem'),(35,'Can delete cotizacion item',9,'delete_cotizacionitem'),(36,'Can view cotizacion item',9,'view_cotizacionitem'),(37,'Can add Provincia',10,'add_provincia'),(38,'Can change Provincia',10,'change_provincia'),(39,'Can delete Provincia',10,'delete_provincia'),(40,'Can view Provincia',10,'view_provincia'),(41,'Can add Venta',11,'add_venta'),(42,'Can change Venta',11,'change_venta'),(43,'Can delete Venta',11,'delete_venta'),(44,'Can view Venta',11,'view_venta'),(45,'Can add Cliente',12,'add_cliente'),(46,'Can change Cliente',12,'change_cliente'),(47,'Can delete Cliente',12,'delete_cliente'),(48,'Can view Cliente',12,'view_cliente'),(49,'Can add Cuenta',13,'add_cuenta'),(50,'Can change Cuenta',13,'change_cuenta'),(51,'Can delete Cuenta',13,'delete_cuenta'),(52,'Can view Cuenta',13,'view_cuenta'),(53,'Can add Compra',14,'add_compra'),(54,'Can change Compra',14,'change_compra'),(55,'Can delete Compra',14,'delete_compra'),(56,'Can view Compra',14,'view_compra'),(57,'Can add Tipo de Cuenta',15,'add_tipocuenta'),(58,'Can change Tipo de Cuenta',15,'change_tipocuenta'),(59,'Can delete Tipo de Cuenta',15,'delete_tipocuenta'),(60,'Can view Tipo de Cuenta',15,'view_tipocuenta'),(61,'Can add Factura',16,'add_factura'),(62,'Can change Factura',16,'change_factura'),(63,'Can delete Factura',16,'delete_factura'),(64,'Can view Factura',16,'view_factura'),(65,'Can add Punto de Venta',17,'add_puntoventa'),(66,'Can change Punto de Venta',17,'change_puntoventa'),(67,'Can delete Punto de Venta',17,'delete_puntoventa'),(68,'Can view Punto de Venta',17,'view_puntoventa'),(69,'Can add Libro IVA Ventas',18,'add_libroivaventas'),(70,'Can change Libro IVA Ventas',18,'change_libroivaventas'),(71,'Can delete Libro IVA Ventas',18,'delete_libroivaventas'),(72,'Can view Libro IVA Ventas',18,'view_libroivaventas'),(73,'Can add Item de Factura',19,'add_facturaitem'),(74,'Can change Item de Factura',19,'change_facturaitem'),(75,'Can delete Item de Factura',19,'delete_facturaitem'),(76,'Can view Item de Factura',19,'view_facturaitem'),(77,'Can add Pago de Venta',20,'add_pagoventa'),(78,'Can change Pago de Venta',20,'change_pagoventa'),(79,'Can delete Pago de Venta',20,'delete_pagoventa'),(80,'Can view Pago de Venta',20,'view_pagoventa'),(81,'Can add Sub Tipo de Cuenta',21,'add_subtipocuenta'),(82,'Can change Sub Tipo de Cuenta',21,'change_subtipocuenta'),(83,'Can delete Sub Tipo de Cuenta',21,'delete_subtipocuenta'),(84,'Can view Sub Tipo de Cuenta',21,'view_subtipocuenta'),(85,'Can add Tipo de Gasto',22,'add_tipogasto'),(86,'Can change Tipo de Gasto',22,'change_tipogasto'),(87,'Can delete Tipo de Gasto',22,'delete_tipogasto'),(88,'Can view Tipo de Gasto',22,'view_tipogasto'),(89,'Can add Intento de Login',23,'add_loginattempt'),(90,'Can change Intento de Login',23,'change_loginattempt'),(91,'Can delete Intento de Login',23,'delete_loginattempt'),(92,'Can view Intento de Login',23,'view_loginattempt'),(93,'Can add IP Bloqueada',24,'add_ipblacklist'),(94,'Can change IP Bloqueada',24,'change_ipblacklist'),(95,'Can delete IP Bloqueada',24,'delete_ipblacklist'),(96,'Can view IP Bloqueada',24,'view_ipblacklist'),(97,'Can add Log de Auditoría',25,'add_auditlog'),(98,'Can change Log de Auditoría',25,'change_auditlog'),(99,'Can delete Log de Auditoría',25,'delete_auditlog'),(100,'Can view Log de Auditoría',25,'view_auditlog'),(101,'Can add Configuración de Seguridad',26,'add_securitysettings'),(102,'Can change Configuración de Seguridad',26,'change_securitysettings'),(103,'Can delete Configuración de Seguridad',26,'delete_securitysettings'),(104,'Can view Configuración de Seguridad',26,'view_securitysettings'),(105,'Can add Backup',27,'add_backup'),(106,'Can change Backup',27,'change_backup'),(107,'Can delete Backup',27,'delete_backup'),(108,'Can view Backup',27,'view_backup'),(109,'Can add Retención',28,'add_retencion'),(110,'Can change Retención',28,'change_retencion'),(111,'Can delete Retención',28,'delete_retencion'),(112,'Can view Retención',28,'view_retencion'),(113,'Can add Percepción',29,'add_percepcion'),(114,'Can change Percepción',29,'change_percepcion'),(115,'Can delete Percepción',29,'delete_percepcion'),(116,'Can view Percepción',29,'view_percepcion'),(117,'Can add Producto Plantilla',30,'add_productoplantilla'),(118,'Can change Producto Plantilla',30,'change_productoplantilla'),(119,'Can delete Producto Plantilla',30,'delete_productoplantilla'),(120,'Can view Producto Plantilla',30,'view_productoplantilla'),(121,'Can add Ejecución de Cálculo',31,'add_calculoejecucion'),(122,'Can change Ejecución de Cálculo',31,'change_calculoejecucion'),(123,'Can delete Ejecución de Cálculo',31,'delete_calculoejecucion'),(124,'Can view Ejecución de Cálculo',31,'view_calculoejecucion'),(125,'Can add Campo de Plantilla',32,'add_campoplantilla'),(126,'Can change Campo de Plantilla',32,'change_campoplantilla'),(127,'Can delete Campo de Plantilla',32,'delete_campoplantilla'),(128,'Can view Campo de Plantilla',32,'view_campoplantilla'),(129,'Can add Pedido de Fábrica',33,'add_pedidofabrica'),(130,'Can change Pedido de Fábrica',33,'change_pedidofabrica'),(131,'Can delete Pedido de Fábrica',33,'delete_pedidofabrica'),(132,'Can view Pedido de Fábrica',33,'view_pedidofabrica'),(133,'Can add Ítem de Pedido',34,'add_pedidofabricaitem'),(134,'Can change Ítem de Pedido',34,'change_pedidofabricaitem'),(135,'Can delete Ítem de Pedido',34,'delete_pedidofabricaitem'),(136,'Can view Ítem de Pedido',34,'view_pedidofabricaitem'),(137,'Can add Fila de Item',35,'add_pedidofabricafila'),(138,'Can change Fila de Item',35,'change_pedidofabricafila'),(139,'Can delete Fila de Item',35,'delete_pedidofabricafila'),(140,'Can view Fila de Item',35,'view_pedidofabricafila'),(141,'Can add extrusora',36,'add_extrusora'),(142,'Can change extrusora',36,'change_extrusora'),(143,'Can delete extrusora',36,'delete_extrusora'),(144,'Can view extrusora',36,'view_extrusora'),(145,'Can add linea',37,'add_linea'),(146,'Can change linea',37,'change_linea'),(147,'Can delete linea',37,'delete_linea'),(148,'Can view linea',37,'view_linea'),(149,'Can add producto',38,'add_producto'),(150,'Can change producto',38,'change_producto'),(151,'Can delete producto',38,'delete_producto'),(152,'Can view producto',38,'view_producto'),(153,'Can add marco',39,'add_marco'),(154,'Can change marco',39,'change_marco'),(155,'Can delete marco',39,'delete_marco'),(156,'Can view marco',39,'view_marco'),(157,'Can add hoja',40,'add_hoja'),(158,'Can change hoja',40,'change_hoja'),(159,'Can delete hoja',40,'delete_hoja'),(160,'Can view hoja',40,'view_hoja'),(161,'Can add interior',41,'add_interior'),(162,'Can change interior',41,'change_interior'),(163,'Can delete interior',41,'delete_interior'),(164,'Can view interior',41,'view_interior'),(165,'Can add contravidrio',42,'add_contravidrio'),(166,'Can change contravidrio',42,'change_contravidrio'),(167,'Can delete contravidrio',42,'delete_contravidrio'),(168,'Can view contravidrio',42,'view_contravidrio'),(169,'Can add contravidrio exterior',43,'add_contravidrioexterior'),(170,'Can change contravidrio exterior',43,'change_contravidrioexterior'),(171,'Can delete contravidrio exterior',43,'delete_contravidrioexterior'),(172,'Can view contravidrio exterior',43,'view_contravidrioexterior'),(173,'Can add mosquitero',44,'add_mosquitero'),(174,'Can change mosquitero',44,'change_mosquitero'),(175,'Can delete mosquitero',44,'delete_mosquitero'),(176,'Can view mosquitero',44,'view_mosquitero'),(177,'Can add cruce',45,'add_cruce'),(178,'Can change cruce',45,'change_cruce'),(179,'Can delete cruce',45,'delete_cruce'),(180,'Can view cruce',45,'view_cruce'),(181,'Can add vidrio repartido',46,'add_vidriorepartido'),(182,'Can change vidrio repartido',46,'change_vidriorepartido'),(183,'Can delete vidrio repartido',46,'delete_vidriorepartido'),(184,'Can view vidrio repartido',46,'view_vidriorepartido'),(185,'Can add perfil',47,'add_perfil'),(186,'Can change perfil',47,'change_perfil'),(187,'Can delete perfil',47,'delete_perfil'),(188,'Can view perfil',47,'view_perfil'),(189,'Can add accesorio',48,'add_accesorio'),(190,'Can change accesorio',48,'change_accesorio'),(191,'Can delete accesorio',48,'delete_accesorio'),(192,'Can view accesorio',48,'view_accesorio'),(193,'Can add vidrio',49,'add_vidrio'),(194,'Can change vidrio',49,'change_vidrio'),(195,'Can delete vidrio',49,'delete_vidrio'),(196,'Can view vidrio',49,'view_vidrio'),(197,'Can add tratamiento',50,'add_tratamiento'),(198,'Can change tratamiento',50,'change_tratamiento'),(199,'Can delete tratamiento',50,'delete_tratamiento'),(200,'Can view tratamiento',50,'view_tratamiento'),(201,'Can add despiece perfiles marco',51,'add_despieceperfilesmarco'),(202,'Can change despiece perfiles marco',51,'change_despieceperfilesmarco'),(203,'Can delete despiece perfiles marco',51,'delete_despieceperfilesmarco'),(204,'Can view despiece perfiles marco',51,'view_despieceperfilesmarco'),(205,'Can add despiece perfiles hoja',52,'add_despieceperfileshoja'),(206,'Can change despiece perfiles hoja',52,'change_despieceperfileshoja'),(207,'Can delete despiece perfiles hoja',52,'delete_despieceperfileshoja'),(208,'Can view despiece perfiles hoja',52,'view_despieceperfileshoja'),(209,'Can add despiece perfiles mosquitero',53,'add_despieceperfilesmosquitero'),(210,'Can change despiece perfiles mosquitero',53,'change_despieceperfilesmosquitero'),(211,'Can delete despiece perfiles mosquitero',53,'delete_despieceperfilesmosquitero'),(212,'Can view despiece perfiles mosquitero',53,'view_despieceperfilesmosquitero'),(213,'Can add despiece perfiles contravidrio',54,'add_despieceperfilescontravidrio'),(214,'Can change despiece perfiles contravidrio',54,'change_despieceperfilescontravidrio'),(215,'Can delete despiece perfiles contravidrio',54,'delete_despieceperfilescontravidrio'),(216,'Can view despiece perfiles contravidrio',54,'view_despieceperfilescontravidrio'),(217,'Can add despiece perfiles contravidrio exterior',55,'add_despieceperfilescontravidrioexterior'),(218,'Can change despiece perfiles contravidrio exterior',55,'change_despieceperfilescontravidrioexterior'),(219,'Can delete despiece perfiles contravidrio exterior',55,'delete_despieceperfilescontravidrioexterior'),(220,'Can view despiece perfiles contravidrio exterior',55,'view_despieceperfilescontravidrioexterior'),(221,'Can add despiece perfiles vidrio repartido',56,'add_despieceperfilesvidriorepartido'),(222,'Can change despiece perfiles vidrio repartido',56,'change_despieceperfilesvidriorepartido'),(223,'Can delete despiece perfiles vidrio repartido',56,'delete_despieceperfilesvidriorepartido'),(224,'Can view despiece perfiles vidrio repartido',56,'view_despieceperfilesvidriorepartido'),(225,'Can add despiece accesorios marco',57,'add_despieceaccesoriosmarco'),(226,'Can change despiece accesorios marco',57,'change_despieceaccesoriosmarco'),(227,'Can delete despiece accesorios marco',57,'delete_despieceaccesoriosmarco'),(228,'Can view despiece accesorios marco',57,'view_despieceaccesoriosmarco'),(229,'Can add despiece accesorios hoja',58,'add_despieceaccesorioshoja'),(230,'Can change despiece accesorios hoja',58,'change_despieceaccesorioshoja'),(231,'Can delete despiece accesorios hoja',58,'delete_despieceaccesorioshoja'),(232,'Can view despiece accesorios hoja',58,'view_despieceaccesorioshoja'),(233,'Can add despiece accesorios interior',59,'add_despieceaccesoriosinterior'),(234,'Can change despiece accesorios interior',59,'change_despieceaccesoriosinterior'),(235,'Can delete despiece accesorios interior',59,'delete_despieceaccesoriosinterior'),(236,'Can view despiece accesorios interior',59,'view_despieceaccesoriosinterior'),(237,'Can add despiece accesorios mosquitero',60,'add_despieceaccesoriosmosquitero'),(238,'Can change despiece accesorios mosquitero',60,'change_despieceaccesoriosmosquitero'),(239,'Can delete despiece accesorios mosquitero',60,'delete_despieceaccesoriosmosquitero'),(240,'Can view despiece accesorios mosquitero',60,'view_despieceaccesoriosmosquitero'),(241,'Can add despiece accesorios contravidrio',61,'add_despieceaccesorioscontravidrio'),(242,'Can change despiece accesorios contravidrio',61,'change_despieceaccesorioscontravidrio'),(243,'Can delete despiece accesorios contravidrio',61,'delete_despieceaccesorioscontravidrio'),(244,'Can view despiece accesorios contravidrio',61,'view_despieceaccesorioscontravidrio'),(245,'Can add despiece accesorios contravidrio exterior',62,'add_despieceaccesorioscontravidrioexterior'),(246,'Can change despiece accesorios contravidrio exterior',62,'change_despieceaccesorioscontravidrioexterior'),(247,'Can delete despiece accesorios contravidrio exterior',62,'delete_despieceaccesorioscontravidrioexterior'),(248,'Can view despiece accesorios contravidrio exterior',62,'view_despieceaccesorioscontravidrioexterior'),(249,'Can add despiece accesorios cruces',63,'add_despieceaccesorioscruces'),(250,'Can change despiece accesorios cruces',63,'change_despieceaccesorioscruces'),(251,'Can delete despiece accesorios cruces',63,'delete_despieceaccesorioscruces'),(252,'Can view despiece accesorios cruces',63,'view_despieceaccesorioscruces'),(253,'Can add despiece accesorios vidrio repartido',64,'add_despieceaccesoriosvidriorepartido'),(254,'Can change despiece accesorios vidrio repartido',64,'change_despieceaccesoriosvidriorepartido'),(255,'Can delete despiece accesorios vidrio repartido',64,'delete_despieceaccesoriosvidriorepartido'),(256,'Can view despiece accesorios vidrio repartido',64,'view_despieceaccesoriosvidriorepartido'),(257,'Can add despiece cruces',65,'add_despiececruces'),(258,'Can change despiece cruces',65,'change_despiececruces'),(259,'Can delete despiece cruces',65,'delete_despiececruces'),(260,'Can view despiece cruces',65,'view_despiececruces'),(261,'Can add despiece interior',66,'add_despieceinterior'),(262,'Can change despiece interior',66,'change_despieceinterior'),(263,'Can delete despiece interior',66,'delete_despieceinterior'),(264,'Can view despiece interior',66,'view_despieceinterior'),(265,'Can add despiece interior mosquitero',67,'add_despieceinteriormosquitero'),(266,'Can change despiece interior mosquitero',67,'change_despieceinteriormosquitero'),(267,'Can delete despiece interior mosquitero',67,'delete_despieceinteriormosquitero'),(268,'Can view despiece interior mosquitero',67,'view_despieceinteriormosquitero'),(269,'Can add Ítem de Pedido',68,'add_itempedidotelegram'),(270,'Can change Ítem de Pedido',68,'change_itempedidotelegram'),(271,'Can delete Ítem de Pedido',68,'delete_itempedidotelegram'),(272,'Can view Ítem de Pedido',68,'view_itempedidotelegram'),(273,'Can add Pedido Telegram',69,'add_pedidotelegram'),(274,'Can change Pedido Telegram',69,'change_pedidotelegram'),(275,'Can delete Pedido Telegram',69,'delete_pedidotelegram'),(276,'Can view Pedido Telegram',69,'view_pedidotelegram'),(277,'Can add despiece perfiles vidrio',70,'add_despieceperfilesvidrio'),(278,'Can change despiece perfiles vidrio',70,'change_despieceperfilesvidrio'),(279,'Can delete despiece perfiles vidrio',70,'delete_despieceperfilesvidrio'),(280,'Can view despiece perfiles vidrio',70,'view_despieceperfilesvidrio'),(281,'Can add Comentario',71,'add_comentariopresupuesto'),(282,'Can change Comentario',71,'change_comentariopresupuesto'),(283,'Can delete Comentario',71,'delete_comentariopresupuesto'),(284,'Can view Comentario',71,'view_comentariopresupuesto'),(285,'Can add Presupuesto',72,'add_presupuesto'),(286,'Can change Presupuesto',72,'change_presupuesto'),(287,'Can delete Presupuesto',72,'delete_presupuesto'),(288,'Can view Presupuesto',72,'view_presupuesto'),(289,'Can add Ítem de presupuesto',73,'add_itempresupuesto'),(290,'Can change Ítem de presupuesto',73,'change_itempresupuesto'),(291,'Can delete Ítem de presupuesto',73,'delete_itempresupuesto'),(292,'Can view Ítem de presupuesto',73,'view_itempresupuesto'),(293,'Can add Configuración',74,'add_configuraciongeneral'),(294,'Can change Configuración',74,'change_configuraciongeneral'),(295,'Can delete Configuración',74,'delete_configuraciongeneral'),(296,'Can view Configuración',74,'view_configuraciongeneral'),(297,'Can add Opcional de Fábrica',75,'add_opcionalfabrica'),(298,'Can change Opcional de Fábrica',75,'change_opcionalfabrica'),(299,'Can delete Opcional de Fábrica',75,'delete_opcionalfabrica'),(300,'Can view Opcional de Fábrica',75,'view_opcionalfabrica'),(301,'Can add Fórmula de Opcional',76,'add_formulaopcional'),(302,'Can change Fórmula de Opcional',76,'change_formulaopcional'),(303,'Can delete Fórmula de Opcional',76,'delete_formulaopcional'),(304,'Can view Fórmula de Opcional',76,'view_formulaopcional'),(305,'Can add Relación Producto-Opcional',77,'add_relacionproductoopcional'),(306,'Can change Relación Producto-Opcional',77,'change_relacionproductoopcional'),(307,'Can delete Relación Producto-Opcional',77,'delete_relacionproductoopcional'),(308,'Can view Relación Producto-Opcional',77,'view_relacionproductoopcional'),(309,'Can add Accesorio de Opcional',78,'add_accesorioopcional'),(310,'Can change Accesorio de Opcional',78,'change_accesorioopcional'),(311,'Can delete Accesorio de Opcional',78,'delete_accesorioopcional'),(312,'Can view Accesorio de Opcional',78,'view_accesorioopcional'),(313,'Can add Pago de Compra',79,'add_pagocompra'),(314,'Can change Pago de Compra',79,'change_pagocompra'),(315,'Can delete Pago de Compra',79,'delete_pagocompra'),(316,'Can view Pago de Compra',79,'view_pagocompra');
/*!40000 ALTER TABLE `auth_permission` ENABLE KEYS */;
UNLOCK TABLES;

--
-- Table structure for table `auth_user`
--

DROP TABLE IF EXISTS `auth_user`;
/*!40101 SET @saved_cs_client     = @@character_set_client */;
/*!50503 SET character_set_client = utf8mb4 */;
CREATE TABLE `auth_user` (
  `id` int NOT NULL AUTO_INCREMENT,
  `password` varchar(128) NOT NULL,
  `last_login` datetime(6) DEFAULT NULL,
  `is_superuser` tinyint(1) NOT NULL,
  `username` varchar(150) NOT NULL,
  `first_name` varchar(150) NOT NULL,
  `last_name` varchar(150) NOT NULL,
  `email` varchar(254) NOT NULL,
  `is_staff` tinyint(1) NOT NULL,
  `is_active` tinyint(1) NOT NULL,
  `date_joined` datetime(6) NOT NULL,
  PRIMARY KEY (`id`),
  UNIQUE KEY `username` (`username`)
) ENGINE=InnoDB AUTO_INCREMENT=7 DEFAULT CHARSET=utf8mb3;
/*!40101 SET character_set_client = @saved_cs_client */;

--
-- Dumping data for table `auth_user`
--

LOCK TABLES `auth_user` WRITE;
/*!40000 ALTER TABLE `auth_user` DISABLE KEYS */;
INSERT INTO `auth_user` VALUES (1,'pbkdf2_sha256$600000$3Feqv8GusvtFJbtFBaoh60$Z42bypZzMRRyTi1zR3GXyXTUDGXOqG6CFQ8uChzLpNA=','2026-03-16 21:41:24.260807',1,'romina','Romina','Rosas','rominarosas@gmail.com',1,1,'2025-11-18 12:33:06.565171'),(2,'pbkdf2_sha256$600000$zHnsi98kR9J3BAmcHmXasQ$18gxwSxdIxsIrcMZBLBoBRHDOpxucqjFmXwogH9PBqs=','2026-03-29 11:26:56.797647',1,'admin','','','',1,1,'2025-11-18 13:36:40.485626'),(3,'pbkdf2_sha256$600000$7QQDRuDTZgerR4woV4kgZT$HWbw0skAbP5zov+lDnuozQk0fNPLT+sJSeXsW0SNlh8=',NULL,1,'akun','','','',1,1,'2025-11-18 15:11:47.759892'),(4,'pbkdf2_sha256$600000$lCZYffBtV1RvIRdWVql8Di$TsDdU7Hg81w5jcW3ymY/Dsskx/0tsUEm01mWHt1t9mA=','2026-03-23 15:14:58.791261',0,'Kiara','Kiara','kiki','',1,1,'2026-01-30 17:27:52.561138'),(5,'pbkdf2_sha256$600000$eV5FBBb1vOpGrAWp29iSfK$CXhFui/4uLKY3oW1fHe3GTCN3+BmavUMxqtNY5TqQlY=','2026-03-26 14:06:48.662012',0,'Dario','','','',1,1,'2026-03-06 16:36:16.697975'),(6,'pbkdf2_sha256$600000$NJudZhtZB9Bc7j8xF7IWe8$CeAXE0kgwKBsdZTzKkxuKXT5xmEgJ71+wdWH55qc4e8=','2026-03-10 14:48:11.091867',0,'cristian','','','',1,1,'2026-03-10 14:46:41.721255');
/*!40000 ALTER TABLE `auth_user` ENABLE KEYS */;
UNLOCK TABLES;

--
-- Table structure for table `auth_user_groups`
--

DROP TABLE IF EXISTS `auth_user_groups`;
/*!40101 SET @saved_cs_client     = @@character_set_client */;
/*!50503 SET character_set_client = utf8mb4 */;
CREATE TABLE `auth_user_groups` (
  `id` bigint NOT NULL AUTO_INCREMENT,
  `user_id` int NOT NULL,
  `group_id` int NOT NULL,
  PRIMARY KEY (`id`),
  UNIQUE KEY `auth_user_groups_user_id_group_id_94350c0c_uniq` (`user_id`,`group_id`),
  KEY `auth_user_groups_group_id_97559544_fk_auth_group_id` (`group_id`),
  CONSTRAINT `auth_user_groups_group_id_97559544_fk_auth_group_id` FOREIGN KEY (`group_id`) REFERENCES `auth_group` (`id`),
  CONSTRAINT `auth_user_groups_user_id_6a12ed8b_fk_auth_user_id` FOREIGN KEY (`user_id`) REFERENCES `auth_user` (`id`)
) ENGINE=InnoDB DEFAULT CHARSET=utf8mb3;
/*!40101 SET character_set_client = @saved_cs_client */;

--
-- Dumping data for table `auth_user_groups`
--

LOCK TABLES `auth_user_groups` WRITE;
/*!40000 ALTER TABLE `auth_user_groups` DISABLE KEYS */;
/*!40000 ALTER TABLE `auth_user_groups` ENABLE KEYS */;
UNLOCK TABLES;

--
-- Table structure for table `auth_user_user_permissions`
--

DROP TABLE IF EXISTS `auth_user_user_permissions`;
/*!40101 SET @saved_cs_client     = @@character_set_client */;
/*!50503 SET character_set_client = utf8mb4 */;
CREATE TABLE `auth_user_user_permissions` (
  `id` bigint NOT NULL AUTO_INCREMENT,
  `user_id` int NOT NULL,
  `permission_id` int NOT NULL,
  PRIMARY KEY (`id`),
  UNIQUE KEY `auth_user_user_permissions_user_id_permission_id_14a6b632_uniq` (`user_id`,`permission_id`),
  KEY `auth_user_user_permi_permission_id_1fbb5f2c_fk_auth_perm` (`permission_id`),
  CONSTRAINT `auth_user_user_permi_permission_id_1fbb5f2c_fk_auth_perm` FOREIGN KEY (`permission_id`) REFERENCES `auth_permission` (`id`),
  CONSTRAINT `auth_user_user_permissions_user_id_a95ead1b_fk_auth_user_id` FOREIGN KEY (`user_id`) REFERENCES `auth_user` (`id`)
) ENGINE=InnoDB DEFAULT CHARSET=utf8mb3;
/*!40101 SET character_set_client = @saved_cs_client */;

--
-- Dumping data for table `auth_user_user_permissions`
--

LOCK TABLES `auth_user_user_permissions` WRITE;
/*!40000 ALTER TABLE `auth_user_user_permissions` DISABLE KEYS */;
/*!40000 ALTER TABLE `auth_user_user_permissions` ENABLE KEYS */;
UNLOCK TABLES;

--
-- Table structure for table `comercial_cliente`
--

DROP TABLE IF EXISTS `comercial_cliente`;
/*!40101 SET @saved_cs_client     = @@character_set_client */;
/*!50503 SET character_set_client = utf8mb4 */;
CREATE TABLE `comercial_cliente` (
  `id` bigint NOT NULL AUTO_INCREMENT,
  `nombre` varchar(100) NOT NULL,
  `apellido` varchar(100) NOT NULL,
  `razon_social` varchar(200) NOT NULL,
  `direccion` longtext NOT NULL,
  `localidad` varchar(100) NOT NULL,
  `telefono` varchar(20) NOT NULL,
  `email` varchar(254) NOT NULL,
  `created_at` datetime(6) NOT NULL,
  `condicion_iva` varchar(4) NOT NULL,
  `cuit` varchar(11) DEFAULT NULL,
  `dni` varchar(8) NOT NULL,
  `deleted_at` datetime(6) DEFAULT NULL,
  PRIMARY KEY (`id`),
  UNIQUE KEY `cuit` (`cuit`)
) ENGINE=InnoDB AUTO_INCREMENT=108 DEFAULT CHARSET=utf8mb3;
/*!40101 SET character_set_client = @saved_cs_client */;

--
-- Dumping data for table `comercial_cliente`
--

LOCK TABLES `comercial_cliente` WRITE;
/*!40000 ALTER TABLE `comercial_cliente` DISABLE KEYS */;
INSERT INTO `comercial_cliente` VALUES (7,'VIVIANA','GIOIA','','APOLINARIO FIGUEROA 1315','CABA','116166-0092','','2026-01-16 18:52:14.824293','CF',NULL,'',NULL),(8,'VICTORIA','GONZALEZ','','ANIBAL TROILO 913 TIMBRE 3','ALMAGRO','1158411181','','2026-01-16 19:03:39.022488','CF',NULL,'',NULL),(9,'CARLOS','ROMERO','','JUNCAL 3058 PISO 5','CABA','1141748756','','2026-01-16 19:08:28.509483','CF',NULL,'',NULL),(10,'NAZARETH','MIRANDA','','AZCUENAGA 936 PB','CABA','1162796207','','2026-01-16 19:21:46.585491','CF',NULL,'',NULL),(11,'JOSE','FRANZA','','MAIPU 1232 PISO1','CABA','1131720852','','2026-01-16 19:28:52.897417','CF',NULL,'',NULL),(12,'FACUNDO','FUEYO','','GALLARDO 577 PISO 5','CABA','1169284216','','2026-01-16 19:36:09.675478','CF',NULL,'',NULL),(13,'SANTIAGO','.','','BULNES 680 PISO 5 DPTO B','CABA','1149483878','','2026-01-16 19:41:52.078089','CF',NULL,'',NULL),(14,'CRISTINA','BRUNACCIO','','HONORIO PUEYRREDON 1438','CABA','','','2026-01-16 19:48:33.107857','CF',NULL,'',NULL),(15,'ANALIA','.','','SAN MARTIN 691 PISO 4 DPTO D','QUILMES CENTRO','1140466281','','2026-01-16 19:59:19.008438','CF',NULL,'',NULL),(16,'ANDREA','CASAL','','ALTE.F.J. SEGUI 748 PISO 8 DPTO F','CABA','116368-3380','','2026-01-16 20:07:35.458167','CF',NULL,'',NULL),(17,'SEBASTIAN','SALAS','','MIRANDA 5114','CABA','115796-7005','','2026-01-16 20:13:00.709099','CF',NULL,'',NULL),(18,'CESAR','PACHECO','','ENTRE RIOS 521 PISO 3','CABA','117095-6336','','2026-01-16 20:17:04.483030','CF',NULL,'',NULL),(19,'GULIANA','PANIZZA','','CAMACUA 192 PISO 4 D','CABA','116948-1956','','2026-01-16 20:22:32.699891','CF',NULL,'',NULL),(20,'MARCELO','.','','NEW YORK 3369','CABA','116687-7785','','2026-01-16 20:37:49.245826','CF',NULL,'',NULL),(21,'MARCELA','ROSSI','','VERA 1464 1 2','CAPITAL FEDERAL','','','2026-01-19 16:29:58.201541','CF',NULL,'',NULL),(22,'NICOLAS','DERECHO','','LASCANO 6017','CAPITAL FEDERAL','','','2026-01-19 16:32:56.296791','CF',NULL,'',NULL),(23,'JOHANA','MENDOZA','','FRAGATA SARMIENTO 2054 PB A','CAPITAL FEDERAL','','','2026-01-19 16:38:48.035327','CF',NULL,'',NULL),(24,'AMELIA','PUGLIESE','','VIRREY OLAGER 3046','CAPITAL FEDERAL','','','2026-01-19 16:49:09.650489','CF',NULL,'',NULL),(25,'PATRICIA','RODRIGUEZ','','GAONA 4264','CAPITAL FEDERAL','','','2026-01-19 16:50:55.761458','CF',NULL,'',NULL),(26,'EDUARDO','FERNANDEZ','','JOSE CUBAS 3289','CAPITAL FEDERAL','','','2026-01-20 16:09:54.043432','CF',NULL,'',NULL),(27,'LORENA','GASTAL','','RIVADAVIA 5123 PISO 22 10','CABA','1159947906','','2026-01-30 17:39:30.517961','CF',NULL,'',NULL),(28,'PABLO','ALEMAN','MEDINA GABRIELA CECILIA','TUCUMAN 2361 BELLA VISTA','PROVINCIA DE BUENOS AIRES','1133640801','','2026-01-30 17:49:25.849324','CF',NULL,'17609711',NULL),(29,'TIZIANA','LA BANCA','','SALVADOR MARIA DEL CARRIL 3684 PISO 3','CABA','1130336658','','2026-01-30 17:59:30.892127','RI','30594322327','',NULL),(30,'HORACIO','.','','SANCHEZ DE BUSTAMANTE 2144 PISO 7 DEPTO A','CABA','1153250985','','2026-01-30 18:19:04.372390','CF','23101415449','',NULL),(31,'LUCILA','TARRICO','','PASAJE VIRASORO 2349 PISO 3 DPTO A','CABA','1137950068','','2026-01-30 18:33:28.873694','CF',NULL,'31234297',NULL),(32,'DANIEL','RODRIGUEZ','','LASCANO 5432 DEPTO A','CABA','1139404475','','2026-01-30 18:39:32.374572','CF',NULL,'18303999',NULL),(33,'MARCELO','FERNANDEZ BONFANTE','','ARTIGAS JOSE G 2643 PISO 1 DEPTO B','CABA','','','2026-01-30 18:47:51.247127','RI','20141522818','',NULL),(34,'PAULA','RODRIGUEZ','','BLANCO ENCALADA  5058 DEPTO 13','CABA','1169428684','','2026-01-30 18:53:17.962626','CF',NULL,'',NULL),(35,'FABIAN','YAJID','','MORON 2918 PISO 8','CABA','1154157981','','2026-01-30 19:01:58.701429','CF',NULL,'',NULL),(36,'PABLO','ONORATO','','BACACAY 4131 PISO 1 DEPTO D','CABA','113098 9915','','2026-01-30 19:07:20.282525','CF',NULL,'28325587',NULL),(37,'RAFAEL','SAENZ','','MUÑIZ 1125 PISO 8 DEPTO B','CABA','1123691199','','2026-01-30 19:30:50.418083','CF',NULL,'',NULL),(38,'CESAR','PACHECO','','ENTRE RIOS 521 PISO 3','CABA','1170956336','','2026-01-30 19:38:19.609874','CF',NULL,'',NULL),(39,'CARMEN','.','','FRENCH 2377 PISO 6 DEPTO D','CABA','1145325024','','2026-01-30 19:56:44.605772','CF',NULL,'',NULL),(40,'JESICA','MONTIEL','RAVA BURSATIL','25 DE MAYO 277 PISO 5 - 24','CAPITAL FEDERAL','','','2026-01-30 19:58:04.576701','RI','30595025024','',NULL),(41,'HERNAN','.','MARIA DEL CARMEN SANGUINETTI','EL MIRASOL 555','CAPITAL FEDERAL','','','2026-01-30 20:47:40.740662','CF','27048992310','',NULL),(42,'VANESA','FERRER','FERNANDEZ AMANDA DOLORES','LOS OLMOS 2365','CAPITAL FEDERAL','','','2026-01-30 20:53:41.609868','CF',NULL,'11231343',NULL),(43,'CRISTIAN','ORTIZ','CRISTEX','ESTOMBA 785','CABA','','','2026-01-31 12:25:30.641594','RI','33708625979','',NULL),(44,'KARINA','KORCHMAN','GUILLERMO MIGUEL RUBERTO','25 DE MAYO 347','CABA','','','2026-01-31 14:45:30.743846','RI','20084471438','',NULL),(45,'ASOCIACION AMIGOS DEL MUSEO DE','ARTE MODERNO','ASOCIACION AMIGOS DEL MUSEO DE ARTE MODERNO','SAN JUAN 350','CAPITAL FEDERAL','','','2026-01-31 14:59:05.497793','EX','30625488490','',NULL),(46,'ADRIANA','SOTO','','MAIPU 388 PISO 14 B','CAPITAL','1159229871','','2026-02-04 17:16:11.556862','CF',NULL,'',NULL),(47,'GABRIELA','CABRONE','','MORON 5028 PISO 1','CABA','1135802189','','2026-02-04 17:45:11.415750','CF',NULL,'',NULL),(48,'GONZALO','DREISPIEL','DREISPIEL GUSTAVO ERNESTO','LUIS VIALE 3303','CAPITAL FEDERAL','','','2026-02-09 14:59:54.842863','RI','20142143268','',NULL),(49,'MARIANO','POBLET','POBLET MACHADO MARIANO ANDRES','SAN BLAS 4097','CAPITAL FEDERAL','','','2026-02-09 15:04:57.217831','CF','28589108','',NULL),(50,'EDGARDO GUSTAVO','BURKE','EDGARDO GUSTAVO BURKE','SAN NICOLAS 2490 2 C','CAPITAL FEDERAL','','','2026-02-09 15:11:34.903189','CF','24872523','',NULL),(51,'LUCAS','AROZA','','PIEDRAS 810 7MO A','CABA','1140988702','','2026-02-23 16:45:03.999768','CF',NULL,'',NULL),(52,'ANGELA','.','','ARREGUI 4186','MONTE CASTRO','1139238998','','2026-02-23 17:05:50.980232','CF',NULL,'',NULL),(53,'SUSANA','GOMEZ','','IBAÑEZ 1914','PROVINCIA DE BUENOS AIRES','1150031590','','2026-02-23 19:30:03.815640','RI','30535622767','',NULL),(54,'MARIA','BICETTI','','ESMERALDA 1020 PISO 2 DPTO 23','CABA','','','2026-02-23 19:37:12.780688','CF','27040727588','',NULL),(55,'CAROLINA','MELENCHINI','','CATAMARCA 4195','CABA','','','2026-02-23 19:42:13.629996','CF',NULL,'24227303',NULL),(56,'CECILIA','MALATESTA','','INDEPENDENCIA 6236','PROVINCIA DE BUENOS AIRES','1151023602','','2026-02-23 19:45:34.497032','CF',NULL,'',NULL),(57,'FELIPE','FRYDMAN','','AVENIDA SANTA FE 5280 PISO 3 DEPTO E','CABA','1162218111','','2026-02-23 19:49:05.467449','CF',NULL,'',NULL),(58,'CAROLINA','CHACARITA','','FITZ ROY 1333','CABA','','','2026-02-23 19:54:01.312139','CF',NULL,'',NULL),(59,'ANDRES','MARIN','','DOBLAS 1542','CABA','','','2026-02-23 19:56:43.532084','CF',NULL,'',NULL),(60,'YESICA','POGGIO','','PABLO POGGIO 993','VILLA BOSH','','','2026-02-23 20:07:35.117031','CF','27317506444','',NULL),(61,'PEDRO','BENEGAS','','JOSE ANTONIO CABRERA  3840 10C','CABS','','','2026-02-24 12:19:31.312132','CF',NULL,'',NULL),(62,'GIULIANA','/ARIEL','','JEAN JAURES 963 PB B','CABA','1157539693','','2026-02-24 12:24:11.474049','CF',NULL,'',NULL),(63,'CLAUDIA','VAZQUEZ','','AV DE MAYO 1316 4 D','CABA','','','2026-02-24 12:28:31.640288','CF',NULL,'',NULL),(64,'HERNAN','VALLEDOR','','JUNIN 1631 PB C','.','1151612959','','2026-02-24 12:34:56.914057','CF',NULL,'',NULL),(65,'DANIEL','RODRIGUEZ','','LASCANO 1260','CABA','','','2026-02-24 12:41:42.134042','CF',NULL,'',NULL),(66,'ESTELA','MAIDANA','','SARANDI 686 P2 DF','CABA','','','2026-02-24 12:50:09.898034','RI','27220052740','',NULL),(67,'MALE','OCCHIONE','BALPARDA BARBARA ISABEL','LARREA 1429','CABA','','','2026-02-24 13:07:18.952505','RI','92448301','',NULL),(68,'JOSEFA','MENDOZA NIETO','','TORQUINST 2265 P3 DEPTO D','SANTOS LUGARES','1161437898','','2026-02-24 13:15:40.275922','CF',NULL,'',NULL),(69,'VANESA','FERRER','','LOS OLMOS 2365 BARRIO LA LONJA','PILAR','1168556957','','2026-02-24 13:25:21.166474','CF',NULL,'11231343',NULL),(70,'JUAN MANUEL','OTERO','OTERO JUAN MANUEL','BAHIA BLANCA 2278','CAPITAL FEDERAL','','','2026-02-27 17:57:39.733646','CF',NULL,'29903585',NULL),(71,'KARINA','KORCHMAR','KARINA KORCHMAR','SAN MARTIN 424','CAPITAL FEDERAL','','','2026-02-27 18:13:45.084381','RI','27226752930','',NULL),(72,'BRUNO GUSTAVO','LUCCHESE','BRUNO GUSTAVO LUCCHESE','GAONA 3241','CAPITAL FEDERAL','','','2026-02-27 18:26:46.087822','RI','20925950050','',NULL),(73,'INES MARIA','CARREIRA','CARREIRA INES MARIA','CONGRESO 2686','BS AS','','','2026-02-28 13:23:53.722105','CF','27102083292','',NULL),(74,'ARIEL','.','','OLIVIERI 241','CABA','','','2026-03-06 19:41:36.469741','CF',NULL,'',NULL),(75,'MARIA','.','','PEDRO MORAN 3536 3 A','CABA','','','2026-03-06 19:48:11.881920','CF',NULL,'',NULL),(76,'BELEN','OLLER','','MANSILLA 3444 5 12','CABA','','','2026-03-06 19:52:50.441247','CF',NULL,'',NULL),(77,'LAURA','.','','AGUILAR 2842 16 93','CABA','','','2026-03-06 19:59:55.876163','CF',NULL,'',NULL),(78,'MAY','.','','CRAMER 1926 13 D','CABA','','','2026-03-06 20:02:03.027870','CF',NULL,'',NULL),(79,'FABIAN','FERNANDEZ','','BEIRO 2503 PISO 2 DTO B','CABA','','','2026-03-06 20:08:47.426447','CF',NULL,'',NULL),(80,'EMILIO','SANTI','','SUCRE 2829 PISO 13 DTO B','CABA','','','2026-03-06 20:11:33.047924','CF',NULL,'',NULL),(81,'FEDERICO','SABRINA','','ALCARAZ 5133 1 B','CABA','','','2026-03-06 20:14:34.515892','CF',NULL,'',NULL),(82,'TERESA','SUAREZ','','MARTINEZ CASTRO 1335 2','CABA','','','2026-03-06 20:16:05.472188','CF',NULL,'',NULL),(83,'DIEGO','VILA','','NUEVA YORK 4772','CABA','','','2026-03-06 20:17:04.813267','CF',NULL,'',NULL),(84,'RAMON','FERNANDEZ','FERNANDEZ SCHWEIKL RAMON AGUSTIN','BILLINGURST 2436 1 A','CABA','','','2026-03-06 20:20:54.658370','RI','20076919896','',NULL),(85,'PATRICIA','SAIDON','SAIDON PATRICIA SUSANA','ACEVEDO 24 4 I','CABA','','','2026-03-06 20:23:09.485387','CF','13132790','',NULL),(86,'GABRIELA','GUTIERREZ FACAL','','DONADO 810 9 D','CABA','','','2026-03-06 20:26:11.422837','CF',NULL,'',NULL),(87,'MONICA','.|','','EMILIO MITRE 1452','CABA','','','2026-03-06 20:29:18.595467','CF',NULL,'',NULL),(88,'test','test','','ta','a','','','2026-03-11 04:01:22.540467','CF',NULL,'',NULL),(89,'VIVERO','CUCULO','','DE LOS INCAS AV 4354','CABA','','','2026-03-12 17:18:41.055656','RI','30650273672','',NULL),(90,'AUGUSTO','ALTILIO','','PERNAMBUSCO 2435 P 2 DEPTO 7','CABA','','','2026-03-12 17:50:23.265532','CF','20335069723','',NULL),(91,'MARCELA','KAZMIRCHUK','','SAN MARTIN 604 PISO 11 DEPTO 9','CABA','1155844129','','2026-03-12 19:12:20.884523','RI','30711126755','',NULL),(92,'YAZMIN','.','','NUÑEZ 4712 PISO 2 DEPTO B','CABA','1164839581','','2026-03-12 19:15:11.001003','CF',NULL,'',NULL),(93,'EUGENIA','DEGANO','','LAS HERAS 3702 PISO 2 DEPTO A','CABA','1157447213','','2026-03-12 19:21:01.177506','RI','20078020521','',NULL),(94,'CECILIA','CALVANO','','ALVAREZ THOMAS 1456 PISO 7 DEPTO C','CABA','1161058488','','2026-03-12 19:27:39.397100','CF',NULL,'',NULL),(95,'FLOR','SAHAGUN','','YATAY 775 PISO 3 DEPTO E','CABA','1159971567','','2026-03-12 19:31:44.165853','CF',NULL,'',NULL),(96,'VALERIA','.','','MOLIERE 2395','CABA','1158211863','','2026-03-12 19:34:50.336071','CF',NULL,'',NULL),(97,'JOSE','QUINTANA','','REPUBLICA ARABE SIRIA 2555 3','.','','','2026-03-12 19:48:26.283899','CF',NULL,'34772849',NULL),(98,'KARINA','MARTINEZ','KARINA MARTINEZ','ARENALES 3660 PISO 7','CABA','','','2026-03-23 18:53:12.135680','CF',NULL,'',NULL),(99,'OFELIA','PONFIEL','OFELIA PONFIEL','RAMON FALCON 2137 PISO A','CABA','','','2026-03-23 18:55:52.762126','CF',NULL,'',NULL),(100,'ARTURO','GONZALEZ','ARTURO GONZALEZ','ALTOLAGUIRRE 2153 6TO A','CABA','','','2026-03-23 18:57:33.872976','CF',NULL,'',NULL),(101,'SILVIA','LUCERO','SILVIA LUCERO','MEDRANO 521 8','CABA','','','2026-03-23 19:01:22.297549','CF','23106241503','',NULL),(102,'SANTIAGO','.','','BULNES 680 5TO B','CABA','','','2026-03-23 19:05:03.281924','CF',NULL,'',NULL),(103,'FEDERICO','WALTER','','TEODORO GARCIA 2871 PISO 15 C','CABA','','','2026-03-23 19:07:04.139456','CF',NULL,'',NULL),(104,'ALFREDO','LUACES','ALFREDO LUACES','ESTANISLAO DEL CAMPO 2454','MUNRO','','','2026-03-23 19:14:12.011850','CF','20043861876','',NULL),(105,'EVANGELINA','NAZARRE','','CHIVILCOY 3085 PISO 5','CABA','','','2026-03-23 19:17:31.916203','CF','20043885511','',NULL),(106,'YAMILA','AMENEIROS','','CUZCO 508 PISO 4 DEPTO D','CABA','','','2026-03-23 19:21:02.189002','CF',NULL,'',NULL),(107,'GABRIELA','GEPPI','','IRIGOYEN 632','CABA','','','2026-03-23 19:23:54.025737','CF',NULL,'',NULL);
/*!40000 ALTER TABLE `comercial_cliente` ENABLE KEYS */;
UNLOCK TABLES;

--
-- Table structure for table `comercial_compra`
--

DROP TABLE IF EXISTS `comercial_compra`;
/*!40101 SET @saved_cs_client     = @@character_set_client */;
/*!50503 SET character_set_client = utf8mb4 */;
CREATE TABLE `comercial_compra` (
  `id` bigint NOT NULL AUTO_INCREMENT,
  `numero_pedido` varchar(50) NOT NULL,
  `fecha_pago` date NOT NULL,
  `valor_total` decimal(12,2) NOT NULL,
  `descripcion` longtext NOT NULL,
  `comprobante` varchar(100) NOT NULL,
  `created_at` datetime(6) NOT NULL,
  `created_by_id` int NOT NULL,
  `cuenta_id` bigint NOT NULL,
  `con_factura` tinyint(1) NOT NULL,
  `numero_factura` varchar(50) NOT NULL,
  `deleted_at` datetime(6) DEFAULT NULL,
  `tipo_gasto_id` bigint DEFAULT NULL,
  `estado` varchar(20) NOT NULL,
  `notas_internas` longtext NOT NULL,
  `saldo` decimal(12,2) NOT NULL,
  `sena` decimal(12,2) NOT NULL,
  `updated_at` datetime(6) NOT NULL,
  PRIMARY KEY (`id`),
  KEY `comercial_compra_created_by_id_907524cd_fk_auth_user_id` (`created_by_id`),
  KEY `comercial_compra_cuenta_id_93a3ebfa_fk_comercial_cuenta_id` (`cuenta_id`),
  KEY `comercial_compra_tipo_gasto_id_fk` (`tipo_gasto_id`),
  CONSTRAINT `comercial_compra_created_by_id_907524cd_fk_auth_user_id` FOREIGN KEY (`created_by_id`) REFERENCES `auth_user` (`id`),
  CONSTRAINT `comercial_compra_cuenta_id_93a3ebfa_fk_comercial_cuenta_id` FOREIGN KEY (`cuenta_id`) REFERENCES `comercial_cuenta` (`id`),
  CONSTRAINT `comercial_compra_tipo_gasto_id_fk` FOREIGN KEY (`tipo_gasto_id`) REFERENCES `comercial_subtipocuenta` (`id`) ON DELETE SET NULL
) ENGINE=InnoDB AUTO_INCREMENT=140 DEFAULT CHARSET=utf8mb3;
/*!40101 SET character_set_client = @saved_cs_client */;

--
-- Dumping data for table `comercial_compra`
--

LOCK TABLES `comercial_compra` WRITE;
/*!40000 ALTER TABLE `comercial_compra` DISABLE KEYS */;
INSERT INTO `comercial_compra` VALUES (1,'01','2026-01-06',379800.00,'ENERO','5-574','2026-01-15 14:41:00.047202',2,1,1,'',NULL,NULL,'pendiente','',0.00,0.00,'2026-03-29 11:26:36.823594'),(3,'01','2026-01-14',7857356.01,'ENERO','801','2026-01-15 14:54:06.417767',2,3,1,'',NULL,NULL,'pendiente','',0.00,0.00,'2026-03-29 11:26:36.823594'),(4,'01','2026-01-14',1352175.00,'ENERO','185','2026-01-15 14:58:15.424895',2,4,1,'',NULL,NULL,'pendiente','',0.00,0.00,'2026-03-29 11:26:36.823594'),(5,'01','2026-01-16',914221.31,'ENERO','11629','2026-01-16 18:34:18.637714',2,5,1,'',NULL,NULL,'pendiente','',0.00,0.00,'2026-03-29 11:26:36.823594'),(6,'01','2026-01-07',2265150.21,'ENERO','5-57481','2026-01-16 18:36:38.319626',2,2,1,'',NULL,NULL,'pendiente','',0.00,0.00,'2026-03-29 11:26:36.823594'),(7,'PVC','2026-01-30',1.00,'','','2026-01-30 17:41:08.374468',2,1,1,'','2026-01-30 17:59:38.408817',NULL,'pendiente','',0.00,0.00,'2026-03-29 11:26:36.823594'),(8,'1','2026-02-03',10000.00,'','','2026-02-03 15:59:19.806060',2,7,0,'','2026-02-04 17:54:29.352710',15,'pendiente','',0.00,0.00,'2026-03-29 11:26:36.823594'),(9,'01','2026-01-02',45000.00,'','','2026-02-04 14:26:38.123180',4,12,0,'',NULL,23,'pendiente','',0.00,0.00,'2026-03-29 11:26:36.823594'),(10,'01','2026-01-05',560000.00,'','','2026-02-04 14:34:13.887488',4,13,0,'',NULL,9,'pendiente','',0.00,0.00,'2026-03-29 11:26:36.823594'),(11,'01','2026-01-07',260000.00,'','','2026-02-04 14:35:30.854875',4,13,0,'',NULL,9,'pendiente','',0.00,0.00,'2026-03-29 11:26:36.823594'),(12,'01','2026-01-08',260000.00,'','','2026-02-04 14:36:59.298334',4,13,0,'',NULL,9,'pendiente','',0.00,0.00,'2026-03-29 11:26:36.823594'),(13,'01','2026-01-12',260000.00,'','','2026-02-04 14:37:58.766583',4,13,0,'',NULL,10,'pendiente','',0.00,0.00,'2026-03-29 11:26:36.823594'),(14,'01','2026-01-09',150000.00,'','','2026-02-04 14:39:17.725854',4,13,0,'',NULL,9,'pendiente','',0.00,0.00,'2026-03-29 11:26:36.823594'),(15,'01','2026-01-09',45000.00,'','','2026-02-04 14:41:30.922460',4,12,0,'',NULL,23,'pendiente','',0.00,0.00,'2026-03-29 11:26:36.823594'),(16,'01','2026-01-09',200000.00,'','','2026-02-04 14:42:58.607689',4,9,0,'',NULL,16,'pendiente','',0.00,0.00,'2026-03-29 11:26:36.823594'),(17,'01','2026-01-09',300000.00,'','','2026-02-04 14:45:05.777663',4,10,0,'',NULL,21,'pendiente','',0.00,0.00,'2026-03-29 11:26:36.823594'),(18,'01','2026-01-15',600000.00,'','','2026-02-04 14:46:06.426183',4,7,0,'',NULL,15,'pendiente','',0.00,0.00,'2026-03-29 11:26:36.823594'),(19,'01','2026-01-16',600000.00,'','','2026-02-04 14:47:36.619775',4,9,0,'',NULL,16,'pendiente','',0.00,0.00,'2026-03-29 11:26:36.823594'),(20,'01','2026-01-16',300000.00,'','','2026-02-04 14:49:01.739052',4,10,0,'',NULL,21,'pendiente','',0.00,0.00,'2026-03-29 11:26:36.823594'),(21,'01','2026-01-16',700000.00,'','','2026-02-04 14:50:28.869433',4,7,0,'',NULL,14,'pendiente','',0.00,0.00,'2026-03-29 11:26:36.823594'),(22,'01','2026-01-16',1480000.00,'','','2026-02-04 14:53:32.843433',4,8,0,'',NULL,18,'pendiente','',0.00,0.00,'2026-03-29 11:26:36.823594'),(23,'01','2026-01-19',240000.00,'','','2026-02-04 14:55:09.292151',4,13,0,'',NULL,9,'pendiente','',0.00,0.00,'2026-03-29 11:26:36.823594'),(24,'01','2026-01-20',180000.00,'','','2026-02-04 14:59:43.331519',4,11,0,'',NULL,22,'pendiente','',0.00,0.00,'2026-03-29 11:26:36.823594'),(25,'01','2026-01-20',64000.00,'','','2026-02-04 15:00:31.530488',4,12,0,'',NULL,23,'pendiente','',0.00,0.00,'2026-03-29 11:26:36.823594'),(26,'01','2026-01-21',60000.00,'','','2026-02-04 15:01:39.111049',4,12,0,'',NULL,23,'pendiente','',0.00,0.00,'2026-03-29 11:26:36.823594'),(27,'01','2026-01-24',1000000.00,'','','2026-02-04 15:02:49.351899',4,13,0,'',NULL,9,'pendiente','',0.00,0.00,'2026-03-29 11:26:36.823594'),(28,'01','2026-01-24',900000.00,'','','2026-02-04 15:03:40.386153',4,14,0,'',NULL,10,'pendiente','',0.00,0.00,'2026-03-29 11:26:36.823594'),(29,'01','2026-01-23',90000.00,'','','2026-02-04 15:04:48.244402',4,11,0,'',NULL,22,'pendiente','',0.00,0.00,'2026-03-29 11:26:36.823594'),(30,'01','2026-01-23',300000.00,'','','2026-02-04 15:05:46.019930',4,10,0,'',NULL,21,'pendiente','',0.00,0.00,'2026-03-29 11:26:36.823594'),(31,'01','2026-01-23',700000.00,'','','2026-02-04 15:07:21.670811',4,7,0,'',NULL,14,'pendiente','',0.00,0.00,'2026-03-29 11:26:36.823594'),(32,'01','2026-01-26',120000.00,'','','2026-02-04 15:09:30.103726',4,11,0,'',NULL,22,'pendiente','',0.00,0.00,'2026-03-29 11:26:36.823594'),(33,'25-12','2026-01-19',714663.62,'','','2026-02-04 15:11:30.271952',2,15,1,'',NULL,24,'pendiente','',0.00,0.00,'2026-03-29 11:26:36.823594'),(34,'01','2026-01-27',40000.00,'','','2026-02-04 15:11:54.374710',4,11,0,'',NULL,22,'pendiente','',0.00,0.00,'2026-03-29 11:26:36.823594'),(35,'25-12','2026-01-19',3779390.98,'','','2026-02-04 15:12:27.970356',2,16,1,'',NULL,27,'pendiente','',0.00,0.00,'2026-03-29 11:26:36.823594'),(36,'01','2026-01-27',60000.00,'','','2026-02-04 15:12:43.856036',4,13,0,'',NULL,9,'pendiente','',0.00,0.00,'2026-03-29 11:26:36.823594'),(37,'26-1','2026-02-04',62743.08,'','','2026-02-04 15:13:22.743867',2,19,1,'',NULL,26,'pendiente','',0.00,0.00,'2026-03-29 11:26:36.823594'),(38,'01','2026-01-28',300000.00,'','','2026-02-04 15:13:53.251999',4,13,0,'',NULL,9,'pendiente','',0.00,0.00,'2026-03-29 11:26:36.823594'),(39,'25-12','2026-01-12',61230.68,'','','2026-02-04 15:13:57.501752',2,19,1,'',NULL,26,'pendiente','',0.00,0.00,'2026-03-29 11:26:36.823594'),(40,'01','2026-01-29',450000.00,'','','2026-02-04 15:15:05.797743',4,13,0,'',NULL,9,'pendiente','',0.00,0.00,'2026-03-29 11:26:36.823594'),(41,'25-12','2026-01-12',765246.99,'','','2026-02-04 15:17:08.576995',2,20,1,'',NULL,28,'pendiente','',0.00,0.00,'2026-03-29 11:26:36.823594'),(42,'01','2026-01-30',510000.00,'','','2026-02-04 15:18:39.432089',4,14,0,'',NULL,10,'pendiente','',0.00,0.00,'2026-03-29 11:26:36.823594'),(43,'01','2026-01-30',300000.00,'','','2026-02-04 15:19:53.283852',4,10,0,'',NULL,21,'pendiente','',0.00,0.00,'2026-03-29 11:26:36.823594'),(44,'01','2026-01-30',700000.00,'','','2026-02-04 15:21:05.396233',4,7,0,'',NULL,14,'pendiente','',0.00,0.00,'2026-03-29 11:26:36.823594'),(45,'01','2026-01-26',4434245.00,'','','2026-02-04 15:25:57.707967',4,21,0,'',NULL,29,'pendiente','',0.00,0.00,'2026-03-29 11:26:36.823594'),(46,'01','2026-01-30',280000.00,'','','2026-02-04 15:29:31.857136',4,13,0,'',NULL,9,'pendiente','',0.00,0.00,'2026-03-29 11:26:36.823594'),(47,'37185','2026-01-27',250000.00,'','','2026-02-04 15:37:00.965748',4,22,0,'',NULL,30,'pendiente','',0.00,0.00,'2026-03-29 11:26:36.823594'),(48,'37041','2026-01-19',997048.77,'','','2026-02-04 15:40:41.061594',4,22,0,'',NULL,30,'pendiente','',0.00,0.00,'2026-03-29 11:26:36.823594'),(49,'20366 20364 20351','2026-01-19',3171423.55,'','','2026-02-04 15:45:46.953817',4,23,0,'',NULL,31,'pendiente','',0.00,0.00,'2026-03-29 11:26:36.823594'),(50,'143','2026-02-04',2043360.00,'','','2026-02-04 17:39:08.000711',4,21,0,'',NULL,29,'pendiente','',0.00,0.00,'2026-03-29 11:26:36.823594'),(51,'01','2026-02-04',442533.22,'','','2026-02-04 17:42:10.597549',4,5,1,'11685',NULL,12,'pendiente','',0.00,0.00,'2026-03-29 11:26:36.823594'),(52,'01','2026-02-03',774171.00,'','','2026-02-04 18:15:10.480533',4,26,0,'',NULL,12,'pendiente','',0.00,0.00,'2026-03-29 11:26:36.823594'),(53,'01','2026-02-14',620890.00,'','','2026-02-04 18:15:58.158872',4,26,0,'',NULL,12,'pendiente','',0.00,0.00,'2026-03-29 11:26:36.823594'),(54,'01','2026-02-02',42700.00,'','','2026-02-04 18:21:56.991047',4,25,0,'',NULL,37,'pendiente','',0.00,0.00,'2026-03-29 11:26:36.823594'),(55,'582','2026-02-06',390460.00,'','','2026-02-23 14:43:00.877728',4,1,1,'582',NULL,12,'pendiente','',0.00,0.00,'2026-03-29 11:26:36.823594'),(56,'01','2026-02-04',105000.00,'','','2026-02-23 14:45:40.930777',4,11,1,'229',NULL,22,'pendiente','',0.00,0.00,'2026-03-29 11:26:36.823594'),(57,'01','2026-02-18',105000.00,'','','2026-02-23 14:46:58.009650',4,11,1,'231',NULL,22,'pendiente','',0.00,0.00,'2026-03-29 11:26:36.823594'),(58,'01','2026-02-05',90000.00,'','','2026-02-23 14:51:45.941099',4,11,0,'',NULL,22,'pendiente','',0.00,0.00,'2026-03-29 11:26:36.823594'),(59,'01','2026-02-03',260000.00,'','','2026-02-23 14:52:41.459209',4,13,0,'',NULL,9,'pendiente','',0.00,0.00,'2026-03-29 11:26:36.823594'),(60,'01','2026-02-06',1150000.00,'','','2026-02-23 15:08:02.456392',4,28,0,'',NULL,42,'pendiente','',0.00,0.00,'2026-03-29 11:26:36.823594'),(61,'01','2026-02-09',50000.00,'','','2026-02-23 15:16:20.401920',4,29,0,'',NULL,43,'pendiente','',0.00,0.00,'2026-03-29 11:26:36.823594'),(62,'01','2026-02-10',50000.00,'','','2026-02-23 15:17:57.227845',4,29,0,'',NULL,43,'pendiente','',0.00,0.00,'2026-03-29 11:26:36.823594'),(63,'01','2026-02-10',120000.00,'','','2026-02-23 15:21:45.042279',4,30,0,'',NULL,44,'pendiente','',0.00,0.00,'2026-03-29 11:26:36.823594'),(64,'01','2026-02-11',600000.00,'','','2026-02-23 15:22:46.511352',4,13,0,'',NULL,9,'pendiente','',0.00,0.00,'2026-03-29 11:26:36.823594'),(65,'01','2026-02-11',500000.00,'','','2026-02-23 15:23:32.766816',4,13,0,'',NULL,9,'pendiente','',0.00,0.00,'2026-03-29 11:26:36.823594'),(66,'01','2026-02-12',1700000.00,'','','2026-02-23 15:24:22.503010',4,13,0,'',NULL,9,'pendiente','',0.00,0.00,'2026-03-29 11:26:36.823594'),(67,'01','2026-02-12',2507175.00,'','','2026-02-23 15:26:09.364712',4,4,0,'',NULL,12,'pendiente','',0.00,0.00,'2026-03-29 11:26:36.823594'),(68,'01','2026-02-12',350000.00,'','','2026-02-23 15:27:17.665163',4,13,0,'',NULL,9,'pendiente','',0.00,0.00,'2026-03-29 11:26:36.823594'),(69,'01','2026-02-13',3000000.00,'VACACIONES Y COMISION','','2026-02-23 15:30:07.160216',4,7,0,'',NULL,15,'pendiente','',0.00,0.00,'2026-03-29 11:26:36.823594'),(70,'01','2026-02-17',380000.00,'','','2026-02-23 15:31:00.728477',4,13,0,'',NULL,9,'pendiente','',0.00,0.00,'2026-03-29 11:26:36.823594'),(71,'01','2026-02-19',450000.00,'','','2026-02-23 15:32:01.891242',4,28,0,'',NULL,42,'pendiente','',0.00,0.00,'2026-03-29 11:26:36.823594'),(72,'01','2026-02-20',43000.00,'','','2026-02-23 15:35:35.382946',4,8,0,'',NULL,45,'pendiente','',0.00,0.00,'2026-03-29 11:26:36.823594'),(73,'01','2026-02-20',300000.00,'','','2026-02-23 15:36:48.795198',4,10,0,'',NULL,21,'pendiente','',0.00,0.00,'2026-03-29 11:26:36.823594'),(74,'01','2026-02-20',250000.00,'','','2026-02-23 15:38:14.154556',4,9,0,'',NULL,16,'pendiente','',0.00,0.00,'2026-03-29 11:26:36.823594'),(75,'01','2026-02-21',1800000.00,'','','2026-02-23 15:41:16.639777',4,13,0,'',NULL,42,'pendiente','',0.00,0.00,'2026-03-29 11:26:36.823594'),(76,'01','2026-02-19',773746.80,'','','2026-02-23 15:45:05.817836',4,22,0,'',NULL,12,'pendiente','',0.00,0.00,'2026-03-29 11:26:36.823594'),(77,'01','2026-01-27',4132.50,'','','2026-02-23 15:57:04.819852',4,21,0,'',NULL,13,'pendiente','',0.00,0.00,'2026-03-29 11:26:36.823594'),(78,'01','2026-01-17',225.00,'','','2026-02-23 15:58:14.990658',4,21,0,'',NULL,13,'pendiente','',0.00,0.00,'2026-03-29 11:26:36.823594'),(79,'01','2026-02-19',2267983.79,'','','2026-02-23 16:03:40.865940',4,31,1,'30808',NULL,12,'pendiente','',0.00,0.00,'2026-03-29 11:26:36.823594'),(80,'01','2026-02-19',95422.27,'','','2026-02-23 16:09:56.422888',4,32,1,'65563',NULL,12,'pendiente','',0.00,0.00,'2026-03-29 11:26:36.823594'),(81,'01','2026-02-12',1352175.00,'','','2026-02-23 16:13:49.688484',4,4,1,'186',NULL,12,'pendiente','',0.00,0.00,'2026-03-29 11:26:36.823594'),(82,'01','2026-02-10',116160.00,'','','2026-02-23 16:16:58.882724',4,33,1,'163',NULL,12,'pendiente','',0.00,0.00,'2026-03-29 11:26:36.823594'),(83,'01','2026-01-30',1356165.27,'','','2026-02-23 16:18:14.229373',4,23,1,'5911',NULL,12,'pendiente','',0.00,0.00,'2026-03-29 11:26:36.823594'),(84,'01','2026-02-18',2057000.00,'','','2026-02-23 16:20:30.787248',4,34,1,'148',NULL,12,'pendiente','',0.00,0.00,'2026-03-29 11:26:36.823594'),(85,'01','2026-02-20',2495000.00,'','','2026-02-23 17:24:48.855219',4,8,0,'',NULL,18,'pendiente','',0.00,0.00,'2026-03-29 11:26:36.823594'),(86,'.','2026-02-27',4653911.84,'','','2026-02-28 14:24:58.086675',1,2,1,'879/884/907/883/881',NULL,12,'pendiente','',0.00,0.00,'2026-03-29 11:26:36.823594'),(87,'1','2026-02-26',2145000.01,'','','2026-02-28 14:43:26.346919',1,36,1,'8858',NULL,49,'pendiente','',0.00,0.00,'2026-03-29 11:26:36.823594'),(88,'1','2026-02-20',46600000.00,'','','2026-02-28 15:50:52.346391',1,36,1,'3034',NULL,49,'pendiente','',0.00,0.00,'2026-03-29 11:26:36.823594'),(89,'1','2026-02-25',1668811.61,'','','2026-02-28 15:55:23.958911',1,5,1,'11728',NULL,12,'pendiente','',0.00,0.00,'2026-03-29 11:26:36.823594'),(90,'1','2026-02-20',12828880.93,'','','2026-02-28 16:04:09.270061',1,3,1,'810',NULL,12,'pendiente','',0.00,0.00,'2026-03-29 11:26:36.823594'),(91,'1','2026-02-25',384129.97,'','','2026-02-28 16:05:57.530048',1,37,1,'17556',NULL,12,'pendiente','',0.00,0.00,'2026-03-29 11:26:36.823594'),(92,'1','2026-02-25',508810.72,'','','2026-02-28 16:07:26.837245',1,38,1,'3607',NULL,12,'pendiente','',0.00,0.00,'2026-03-29 11:26:36.823594'),(93,'1','2026-02-27',1200000.00,'','','2026-02-28 16:10:50.428652',1,39,1,'',NULL,8,'pendiente','',0.00,0.00,'2026-03-29 11:26:36.823594'),(94,'1','2026-02-25',230000.00,'','','2026-02-28 16:11:48.280245',1,13,0,'',NULL,9,'pendiente','',0.00,0.00,'2026-03-29 11:26:36.823594'),(95,'1','2026-02-26',400000.00,'','','2026-02-28 16:12:15.464306',1,13,0,'',NULL,9,'pendiente','',0.00,0.00,'2026-03-29 11:26:36.823594'),(96,'1','2026-02-26',300000.00,'','','2026-02-28 16:12:49.646264',1,10,0,'',NULL,21,'pendiente','',0.00,0.00,'2026-03-29 11:26:36.823594'),(97,'1','2026-02-26',250000.00,'','','2026-02-28 16:13:22.994215',1,9,0,'',NULL,16,'pendiente','',0.00,0.00,'2026-03-29 11:26:36.823594'),(98,'1','2026-02-10',100309.00,'','','2026-03-03 20:11:31.018641',1,6,1,'511601',NULL,50,'pendiente','',0.00,0.00,'2026-03-29 11:26:36.823594'),(99,'1','2026-02-28',9506.16,'','','2026-03-03 20:16:04.885156',1,40,1,'6624',NULL,51,'pendiente','',0.00,0.00,'2026-03-29 11:26:36.823594'),(100,'1','2026-02-16',5378.11,'','','2026-03-03 20:17:03.273832',1,40,1,'6812',NULL,51,'pendiente','',0.00,0.00,'2026-03-29 11:26:36.823594'),(101,'1','2026-02-16',5378.11,'','','2026-03-03 20:17:03.392777',1,40,1,'6812',NULL,51,'pendiente','',0.00,0.00,'2026-03-29 11:26:36.823594'),(102,'1','2026-02-01',2936.20,'','','2026-03-03 20:17:50.288597',1,40,1,'6879',NULL,51,'pendiente','',0.00,0.00,'2026-03-29 11:26:36.823594'),(103,'1','2026-02-06',428859.00,'','','2026-03-06 14:39:50.472220',1,26,0,'',NULL,12,'pendiente','',0.00,0.00,'2026-03-29 11:26:36.823594'),(104,'21024/20823/20821/20817/20818/20884','2026-03-04',6435676.72,'','','2026-03-06 14:48:39.246119',1,23,0,'',NULL,12,'pendiente','',0.00,0.00,'2026-03-29 11:26:36.823594'),(105,'1','2026-03-04',2360737.00,'','','2026-03-06 14:51:38.611824',1,21,0,'',NULL,12,'pendiente','',0.00,0.00,'2026-03-29 11:26:36.823594'),(106,'01','2026-03-11',530621.34,'','','2026-03-12 18:03:48.365489',4,20,1,'1156122551',NULL,28,'pendiente','',0.00,0.00,'2026-03-29 11:26:36.823594'),(107,'01','2026-03-06',64531.26,'','','2026-03-12 18:06:35.980597',4,20,1,'1594584777',NULL,26,'pendiente','',0.00,0.00,'2026-03-29 11:26:36.823594'),(108,'01','2026-03-11',5536.84,'','','2026-03-12 18:31:40.851970',4,31,1,'30920',NULL,46,'pendiente','',0.00,0.00,'2026-03-29 11:26:36.823594'),(109,'01','2026-03-02',100309.00,'','','2026-03-12 18:35:51.380379',4,6,1,'2-00514242',NULL,50,'pendiente','',0.00,0.00,'2026-03-29 11:26:36.823594'),(110,'01','2026-03-06',401790.00,'','','2026-03-12 18:48:35.832514',4,1,1,'5-26','2026-03-23 16:33:38.743126',12,'pendiente','',0.00,0.00,'2026-03-29 11:26:36.823594'),(111,'01','2026-03-02',401790.00,'','','2026-03-12 18:50:03.416649',4,1,1,'5-589',NULL,12,'pendiente','',0.00,0.00,'2026-03-29 11:26:36.823594'),(112,'01','2026-02-28',989784.13,'','','2026-03-12 18:51:39.401514',4,39,1,'1288988',NULL,8,'pendiente','',0.00,0.00,'2026-03-29 11:26:36.823594'),(113,'1','2026-03-03',204561.18,'','','2026-03-12 18:53:13.039108',1,6,1,'',NULL,5,'pendiente','',0.00,0.00,'2026-03-29 11:26:36.823594'),(114,'01','2026-02-28',189.25,'','','2026-03-12 18:53:27.472405',4,39,1,'917586',NULL,8,'pendiente','',0.00,0.00,'2026-03-29 11:26:36.823594'),(115,'01','2026-03-04',595540.58,'','','2026-03-12 18:57:01.134269',4,41,1,'431',NULL,12,'pendiente','',0.00,0.00,'2026-03-29 11:26:36.823594'),(116,'marzo','2026-03-03',204561.18,'','','2026-03-12 19:12:20.619647',1,6,1,'0',NULL,5,'pendiente','',0.00,0.00,'2026-03-29 11:26:36.823594'),(117,'01','2026-03-12',3242986.34,'','','2026-03-12 19:54:52.666031',4,3,1,'816',NULL,12,'pendiente','',0.00,0.00,'2026-03-29 11:26:36.823594'),(118,'01','2026-03-04',11000.00,'','','2026-03-23 16:27:19.901356',4,42,0,'',NULL,23,'pendiente','',0.00,0.00,'2026-03-29 11:26:36.823594'),(119,'01','2026-03-06',80000.00,'','','2026-03-23 16:28:20.204412',4,25,0,'',NULL,37,'pendiente','',0.00,0.00,'2026-03-29 11:26:36.823594'),(120,'01','2026-03-06',75000.00,'','','2026-03-23 16:29:15.602799',4,12,0,'',NULL,23,'pendiente','',0.00,0.00,'2026-03-29 11:26:36.823594'),(121,'01','2026-03-06',16000.00,'','','2026-03-23 16:31:38.201355',4,43,0,'',NULL,37,'pendiente','',0.00,0.00,'2026-03-29 11:26:36.823594'),(122,'01','2026-03-06',8000.00,'','','2026-03-23 17:03:18.941546',4,44,0,'',NULL,37,'pendiente','',0.00,0.00,'2026-03-29 11:26:36.823594'),(123,'01','2026-03-10',16000.00,'','','2026-03-23 17:04:47.344548',4,43,0,'',NULL,37,'pendiente','',0.00,0.00,'2026-03-29 11:26:36.823594'),(124,'01','2026-03-14',25000.00,'','','2026-03-23 17:11:49.568969',4,45,0,'',NULL,22,'pendiente','',0.00,0.00,'2026-03-29 11:26:36.823594'),(125,'01','2026-03-17',105000.00,'','','2026-03-23 17:13:11.213484',4,12,0,'',NULL,22,'pendiente','',0.00,0.00,'2026-03-29 11:26:36.823594'),(126,'01','2026-03-16',16000.00,'','','2026-03-23 17:14:02.404268',4,43,0,'',NULL,37,'pendiente','',0.00,0.00,'2026-03-29 11:26:36.823594'),(127,'01','2026-03-17',1664656.91,'','','2026-03-23 17:22:07.333055',4,23,0,'',NULL,29,'pendiente','',0.00,0.00,'2026-03-29 11:26:36.823594'),(128,'01','2026-03-06',1718414.00,'','','2026-03-23 17:28:22.120674',4,21,0,'',NULL,12,'pendiente','',0.00,0.00,'2026-03-29 11:26:36.823594'),(129,'01','2026-02-18',1009398.00,'','','2026-03-23 17:30:34.282358',4,21,0,'',NULL,12,'pendiente','',0.00,0.00,'2026-03-29 11:26:36.823594'),(130,'01','2026-03-06',2350000.00,'','','2026-03-23 17:54:36.468112',4,46,1,'68',NULL,29,'pendiente','',0.00,0.00,'2026-03-29 11:26:36.823594'),(131,'01','2026-03-09',1074967.87,'','','2026-03-23 18:00:25.609079',4,47,1,'1294',NULL,29,'pendiente','',0.00,0.00,'2026-03-29 11:26:36.823594'),(132,'01','2026-03-02',100309.00,'','','2026-03-23 18:07:05.409815',4,6,1,'514242',NULL,50,'pendiente','',0.00,0.00,'2026-03-29 11:26:36.823594'),(133,'01','2026-03-10',1352175.00,'','','2026-03-23 18:09:02.602235',4,4,1,'188',NULL,12,'pendiente','',0.00,0.00,'2026-03-29 11:26:36.823594'),(134,'01','2026-03-14',2009999.97,'','','2026-03-23 18:12:31.610715',4,48,1,'242',NULL,12,'pendiente','',0.00,0.00,'2026-03-29 11:26:36.823594'),(135,'01','2026-03-23',21922.32,'','','2026-03-23 18:19:06.626507',4,49,1,'238574/238572',NULL,12,'pendiente','',0.00,0.00,'2026-03-29 11:26:36.823594'),(136,'01','2026-03-20',253771.00,'','','2026-03-23 18:22:45.037977',4,50,1,'15-17729',NULL,12,'pendiente','',0.00,0.00,'2026-03-29 11:26:36.823594'),(137,'01','2026-03-20',3594068.51,'','','2026-03-23 18:23:56.797656',4,3,1,'822',NULL,12,'pendiente','',0.00,0.00,'2026-03-29 11:26:36.823594'),(138,'01','2026-03-17',337832.00,'','','2026-03-23 18:25:36.336039',4,2,1,'4-58220',NULL,12,'pendiente','',0.00,0.00,'2026-03-29 11:26:36.823594'),(139,'01','2026-03-16',697500.00,'TOTAL A PAGAR 1.322.341  QUEDA UN SALDO DE 624.841','','2026-03-23 18:30:13.277793',4,22,0,'',NULL,12,'pendiente','',0.00,0.00,'2026-03-29 11:26:36.823594');
/*!40000 ALTER TABLE `comercial_compra` ENABLE KEYS */;
UNLOCK TABLES;

--
-- Table structure for table `comercial_cuenta`
--

DROP TABLE IF EXISTS `comercial_cuenta`;
/*!40101 SET @saved_cs_client     = @@character_set_client */;
/*!50503 SET character_set_client = utf8mb4 */;
CREATE TABLE `comercial_cuenta` (
  `id` bigint NOT NULL AUTO_INCREMENT,
  `nombre` varchar(100) NOT NULL,
  `razon_social` varchar(200) NOT NULL,
  `telefono` varchar(20) NOT NULL,
  `direccion` longtext NOT NULL,
  `activo` tinyint(1) NOT NULL,
  `created_at` datetime(6) NOT NULL,
  `tipo_cuenta_id` bigint NOT NULL,
  `condicion_iva` varchar(4) NOT NULL,
  `cuit` varchar(11) NOT NULL,
  `deleted_at` datetime(6) DEFAULT NULL,
  PRIMARY KEY (`id`),
  KEY `comercial_cuenta_tipo_cuenta_id_7e67d018_fk_comercial` (`tipo_cuenta_id`),
  CONSTRAINT `comercial_cuenta_tipo_cuenta_id_7e67d018_fk_comercial` FOREIGN KEY (`tipo_cuenta_id`) REFERENCES `comercial_tipocuenta` (`id`)
) ENGINE=InnoDB AUTO_INCREMENT=51 DEFAULT CHARSET=utf8mb3;
/*!40101 SET character_set_client = @saved_cs_client */;

--
-- Dumping data for table `comercial_cuenta`
--

LOCK TABLES `comercial_cuenta` WRITE;
/*!40000 ALTER TABLE `comercial_cuenta` DISABLE KEYS */;
INSERT INTO `comercial_cuenta` VALUES (1,'HERNAN MARIO BENITEZ','SIATINA MARKETING INTELIGENTE','','COMBATE DE LOS POZOS 1477',1,'2026-01-15 14:36:14.268888',1,'','',NULL),(2,'LUXE PERFILES','PERSIANAS IBERO AMERICANAS','+54351-4751050','.',1,'2026-01-15 14:44:29.093339',1,'','',NULL),(3,'SEQUEIRA TARDAO GUSTAVO HERNAN','SEQUEIRA TARDAO GUSTAVO HERNAN','','CURUPAYTI 1334 - MORON',1,'2026-01-15 14:52:13.984377',1,'','',NULL),(4,'AUSGAN SRL','AUSGAN SRL','','LOPE DE VEGA AV 1112 DPTO2',1,'2026-01-15 14:56:32.910266',1,'','',NULL),(5,'LILIANA MABEL GARCIA','METALES MATADEROS','','AV CARDENAS 2136',1,'2026-01-16 18:31:39.420715',1,'','',NULL),(6,'Servicio','','','',1,'2026-02-01 20:33:46.350193',2,'','',NULL),(7,'Cristian','','','',1,'2026-02-03 15:57:29.933484',12,'','',NULL),(8,'Veronica','','','',1,'2026-02-03 15:58:08.028811',12,'','',NULL),(9,'Juan','','','',1,'2026-02-03 15:58:16.156994',12,'','',NULL),(10,'Elias','','','',1,'2026-02-03 15:58:24.397621',12,'','',NULL),(11,'Milco','','','',1,'2026-02-03 15:58:34.529715',14,'','',NULL),(12,'Sergio','','','',1,'2026-02-03 15:58:44.049139',14,'','',NULL),(13,'Fredy','','','',1,'2026-02-04 14:32:43.483464',11,'','',NULL),(14,'COLOCADORES','COLOCADORES','','',0,'2026-02-04 14:33:04.507375',11,'','','2026-02-04 17:47:33.905636'),(15,'ARCA','ARCA','','',0,'2026-02-04 14:52:15.627755',15,'','','2026-02-04 17:14:27.023628'),(16,'ARCA','ARCA','','',0,'2026-02-04 14:52:27.235127',15,'','','2026-02-04 17:14:43.824748'),(17,'ARCA','ARCA','','',0,'2026-02-04 14:52:38.581812',15,'','','2026-02-04 17:14:49.091514'),(18,'ARCA','ARCA','','',0,'2026-02-04 14:52:49.993711',15,'','','2026-02-04 17:14:38.439576'),(19,'ARCA','ARCA','','',0,'2026-02-04 14:54:14.659583',15,'','','2026-02-04 17:14:55.076493'),(20,'ARCA','ARCA','','',1,'2026-02-04 14:55:06.804470',15,'','',NULL),(21,'PROALUM','PROALUM','','',1,'2026-02-04 15:24:51.583546',1,'','',NULL),(22,'ARVA','ARVA','','',1,'2026-02-04 15:35:26.797557',1,'','',NULL),(23,'CRISTALES SAENZ SRL','CRISTALEZ SAENZ SRL','','',1,'2026-02-04 15:44:25.059985',1,'','',NULL),(24,'ARCA','ARCA','','',0,'2026-02-04 16:29:35.257301',15,'','','2026-02-04 17:15:09.909023'),(25,'PAPELERA','PAPELERA','','',1,'2026-02-04 17:43:00.191632',16,'','',NULL),(26,'Humberto','Humberto','','',1,'2026-02-04 17:48:29.401049',1,'','',NULL),(27,'DARIO PONTORIERO','DARIO PONTORIERO','','',1,'2026-02-04 18:11:54.312206',17,'','',NULL),(28,'DIEGO','','','',1,'2026-02-23 15:02:02.322005',11,'','',NULL),(29,'MATIAS','','','',1,'2026-02-23 15:10:48.242655',14,'','',NULL),(30,'ENRIQUE','','','',1,'2026-02-23 15:20:19.478067',14,'','',NULL),(31,'ALUMINIO BROWN','','','',1,'2026-02-23 16:02:00.933536',1,'','',NULL),(32,'MARRA ALUMINIO','','','',1,'2026-02-23 16:07:28.101780',1,'','',NULL),(33,'INSUMOLOGISTIC','','','',1,'2026-02-23 16:15:44.184736',1,'','',NULL),(34,'CONSTRUCCION Y FERRETERIA','','','',1,'2026-02-23 16:19:27.973335',1,'','',NULL),(35,'Matias Fariña','','','',1,'2026-02-26 01:35:38.336949',1,'','',NULL),(36,'Nissan Capital','CABALLITO CARS S.A','','',1,'2026-02-28 14:38:58.448316',18,'','',NULL),(37,'STEEL PLASTIC','STEEL PLASTIC','','',1,'2026-02-28 16:05:15.539064',1,'','',NULL),(38,'CORTINAS MAZZEO','CORTINAS MAZZEO','','',1,'2026-02-28 16:06:34.093801',1,'','',NULL),(39,'GOOGLE','','','',1,'2026-02-28 16:09:32.872356',13,'','',NULL),(40,'PEAJES','','','',1,'2026-03-03 20:15:17.409668',19,'','',NULL),(41,'DVH MALVINAS','','','',1,'2026-03-12 18:55:36.033484',1,'','',NULL),(42,'CABIFY','','','',1,'2026-03-23 16:26:18.503198',14,'','',NULL),(43,'BIDONES AGUA','','','',1,'2026-03-23 16:30:38.928428',16,'','',NULL),(44,'FERRETERIA','','','',1,'2026-03-23 17:02:12.053886',16,'','',NULL),(45,'VARIOS','','','',1,'2026-03-23 17:10:55.629819',14,'','',NULL),(46,'GOMEZ RODRIGO HERNAN','','','',1,'2026-03-23 17:52:17.759048',1,'','',NULL),(47,'PAGLIA VANINA SOLEDAD','','','',1,'2026-03-23 17:58:37.658095',1,'','',NULL),(48,'WLC CARS AX3 SERVICE SRL','','','',1,'2026-03-23 18:11:04.485325',1,'','',NULL),(49,'CUTRONE MAURICIO ANDRES','AXAL ACCESORIOS PARA SISTEMAS','','',1,'2026-03-23 18:16:39.281622',1,'','',NULL),(50,'STEEL PLASTIC','','','',1,'2026-03-23 18:20:58.235334',1,'','',NULL);
/*!40000 ALTER TABLE `comercial_cuenta` ENABLE KEYS */;
UNLOCK TABLES;

--
-- Table structure for table `comercial_pagocompra`
--

DROP TABLE IF EXISTS `comercial_pagocompra`;
/*!40101 SET @saved_cs_client     = @@character_set_client */;
/*!50503 SET character_set_client = utf8mb4 */;
CREATE TABLE `comercial_pagocompra` (
  `id` bigint NOT NULL AUTO_INCREMENT,
  `monto` decimal(12,2) NOT NULL,
  `fecha_pago` date NOT NULL,
  `forma_pago` varchar(20) NOT NULL,
  `con_factura` tinyint(1) NOT NULL,
  `numero_factura` varchar(50) NOT NULL,
  `observaciones` longtext NOT NULL,
  `created_at` datetime(6) NOT NULL,
  `compra_id` bigint NOT NULL,
  `created_by_id` int NOT NULL,
  PRIMARY KEY (`id`),
  KEY `comercial_pagocompra_compra_id_8638f727_fk_comercial_compra_id` (`compra_id`),
  KEY `comercial_pagocompra_created_by_id_29802c79_fk_auth_user_id` (`created_by_id`),
  CONSTRAINT `comercial_pagocompra_compra_id_8638f727_fk_comercial_compra_id` FOREIGN KEY (`compra_id`) REFERENCES `comercial_compra` (`id`),
  CONSTRAINT `comercial_pagocompra_created_by_id_29802c79_fk_auth_user_id` FOREIGN KEY (`created_by_id`) REFERENCES `auth_user` (`id`)
) ENGINE=InnoDB DEFAULT CHARSET=utf8mb3;
/*!40101 SET character_set_client = @saved_cs_client */;

--
-- Dumping data for table `comercial_pagocompra`
--

LOCK TABLES `comercial_pagocompra` WRITE;
/*!40000 ALTER TABLE `comercial_pagocompra` DISABLE KEYS */;
/*!40000 ALTER TABLE `comercial_pagocompra` ENABLE KEYS */;
UNLOCK TABLES;

--
-- Table structure for table `comercial_pagoventa`
--

DROP TABLE IF EXISTS `comercial_pagoventa`;
/*!40101 SET @saved_cs_client     = @@character_set_client */;
/*!50503 SET character_set_client = utf8mb4 */;
CREATE TABLE `comercial_pagoventa` (
  `id` bigint NOT NULL AUTO_INCREMENT,
  `monto` decimal(12,2) NOT NULL,
  `fecha_pago` date NOT NULL,
  `forma_pago` varchar(20) NOT NULL,
  `observaciones` longtext NOT NULL,
  `created_at` datetime(6) NOT NULL,
  `created_by_id` int NOT NULL,
  `venta_id` bigint NOT NULL,
  `numero_factura` varchar(50) NOT NULL,
  `con_factura` tinyint(1) NOT NULL,
  PRIMARY KEY (`id`),
  KEY `comercial_pagoventa_created_by_id_4de2011d_fk_auth_user_id` (`created_by_id`),
  KEY `comercial_pagoventa_venta_id_ccca6163_fk_comercial_venta_id` (`venta_id`),
  CONSTRAINT `comercial_pagoventa_created_by_id_4de2011d_fk_auth_user_id` FOREIGN KEY (`created_by_id`) REFERENCES `auth_user` (`id`),
  CONSTRAINT `comercial_pagoventa_venta_id_ccca6163_fk_comercial_venta_id` FOREIGN KEY (`venta_id`) REFERENCES `comercial_venta` (`id`)
) ENGINE=InnoDB AUTO_INCREMENT=78 DEFAULT CHARSET=utf8mb3;
/*!40101 SET character_set_client = @saved_cs_client */;

--
-- Dumping data for table `comercial_pagoventa`
--

LOCK TABLES `comercial_pagoventa` WRITE;
/*!40000 ALTER TABLE `comercial_pagoventa` DISABLE KEYS */;
INSERT INTO `comercial_pagoventa` VALUES (1,5.00,'2026-01-30','transferencia','','2026-01-30 17:02:35.977808',2,27,'',1),(2,300.00,'2026-01-30','efectivo','','2026-01-30 18:07:03.045805',2,31,'',1),(3,382562.00,'2026-01-23','efectivo','','2026-01-30 18:23:32.448825',4,32,'',1),(4,940988.00,'2026-01-30','efectivo','','2026-01-30 19:33:49.658396',4,39,'efectivo',0),(5,1020125.00,'2026-01-29','efectivo','','2026-01-30 19:42:47.574926',4,40,'efectivo',0),(6,825126.00,'2026-01-29','efectivo','','2026-01-30 19:53:37.195592',4,41,'efectivo',0),(7,1534069.00,'2026-01-27','efectivo','','2026-01-30 19:59:29.480586',4,42,'efectivo',0),(8,2208991.73,'2025-12-30','transferencia','','2026-01-31 12:28:59.956104',2,47,'',1),(9,11640141.99,'2026-01-20','transferencia','','2026-01-31 12:32:05.907961',2,47,'',1),(10,2672879.99,'2025-12-30','transferencia','','2026-01-31 12:46:52.566459',2,48,'',1),(11,11640141.99,'2026-01-20','transferencia','','2026-01-31 12:47:20.041191',2,48,'',1),(12,2165374.00,'2026-02-04','efectivo','','2026-02-04 17:21:05.476008',4,51,'',1),(13,651755.00,'2026-02-03','efectivo','efectivo','2026-02-04 17:47:26.481824',4,52,'efectivo',0),(14,2100000.00,'2025-12-18','transferencia','','2026-02-09 15:02:52.344829',2,53,'173',1),(15,8281396.49,'2026-02-06','transferencia','','2026-02-09 15:03:23.033430',2,53,'183',1),(16,1858500.00,'2025-12-19','transferencia','PAGO USD 1260','2026-02-09 15:10:29.888299',2,54,'110',1),(17,1134678.78,'2025-12-02','transferencia','','2026-02-09 15:14:30.777868',2,55,'102',1),(18,239203.00,'2026-02-12','efectivo','','2026-02-23 16:32:49.613054',4,20,'efectivo',0),(19,1014733.00,'2026-02-14','efectivo','','2026-02-23 16:36:06.248202',4,16,'efectivo',0),(20,1016264.48,'2026-02-12','transferencia','','2026-02-23 16:39:13.636938',4,30,'130',1),(21,1375000.00,'2026-02-11','efectivo','','2026-02-23 16:51:45.973577',4,57,'efectivo',0),(22,1677102.00,'2026-02-10','efectivo','','2026-02-23 16:55:09.790933',4,29,'efectivo',0),(23,352393.00,'2026-02-09','efectivo','','2026-02-23 16:58:57.372991',4,14,'',1),(24,888480.00,'2026-02-14','efectivo','','2026-02-23 17:09:00.303824',4,58,'efectivo',0),(26,10000.00,'2026-02-27','efectivo','efectivo','2026-02-27 17:39:50.444842',1,55,'efectivo',0),(28,11119999.99,'2026-02-23','transferencia','PAGO EN PESOS','2026-02-27 18:19:24.073155',1,79,'187',1),(29,327027.91,'2026-02-27','transferencia','','2026-02-27 19:08:21.528905',1,78,'131',1),(30,352393.00,'2026-02-26','efectivo','','2026-02-27 19:27:12.571872',1,81,'efectivo',0),(31,2217078.16,'2026-02-10','transferencia','','2026-02-28 13:28:41.159599',1,82,'132',1),(32,839877.00,'2026-02-26','efectivo','','2026-02-28 14:09:09.641196',1,37,'efectivo',0),(33,726458.00,'2026-02-25','efectivo','','2026-02-28 14:13:22.166384',1,21,'efectivo',0),(34,2373212.00,'2026-02-28','efectivo','','2026-02-28 14:21:09.782488',1,22,'efectivo',0),(35,5000.00,'2026-02-28','efectivo','','2026-02-28 14:55:51.348640',1,83,'',0),(36,1877430.00,'2026-01-02','efectivo','','2026-02-28 15:27:47.568839',1,6,'',0),(37,2315374.00,'2026-02-02','efectivo','','2026-02-28 15:36:44.965854',1,84,'',0),(38,259908.00,'2026-03-02','efectivo','','2026-03-06 15:00:24.796713',2,44,'',0),(39,910791.00,'2026-03-04','efectivo','','2026-03-06 15:02:21.282287',2,36,'',0),(40,816247.00,'2026-03-03','efectivo','','2026-03-06 15:05:22.614158',2,15,'',0),(42,4.00,'2026-03-06','transferencia','','2026-03-06 16:04:09.790520',2,85,'',1),(43,374932.41,'2026-01-06','transferencia','','2026-03-06 16:37:25.082689',2,9,'115',1),(44,0.18,'2026-03-06','efectivo','','2026-03-06 17:46:33.400118',2,42,'',0),(45,236351.00,'2026-03-06','transferencia','','2026-03-06 18:08:41.939616',2,26,'176',0),(46,0.28,'2026-03-06','efectivo','','2026-03-06 18:09:49.065958',2,26,'',0),(47,1081293.00,'2026-01-08','efectivo','','2026-03-06 18:20:52.511322',2,12,'',0),(48,459430.34,'2026-01-07','transferencia','','2026-03-06 18:42:29.992554',2,10,'113',1),(49,204073.17,'2026-01-07','transferencia','','2026-03-06 18:53:23.025964',2,8,'175',1),(50,740467.00,'2026-01-07','efectivo','','2026-03-06 18:56:52.295718',2,7,'',0),(51,1722000.00,'2026-03-02','efectivo','dolar','2026-03-06 19:15:21.749353',2,24,'',0),(52,124701.00,'2026-03-02','transferencia','','2026-03-06 19:15:45.151717',2,24,'133',1),(53,1182660.00,'2026-03-06','efectivo','','2026-03-06 19:18:35.348787',2,23,'',0),(54,378000.00,'2026-03-12','efectivo','','2026-03-12 17:25:06.725752',4,63,'',0),(55,641725.00,'2026-03-09','efectivo','','2026-03-12 17:29:24.612856',4,64,'',0),(56,1538542.22,'2026-03-06','transferencia','','2026-03-12 17:55:02.212334',4,104,'135',1),(58,2386608.02,'2026-03-05','transferencia','','2026-03-12 18:21:55.213261',4,46,'189',1),(59,66477.01,'2026-03-12','transferencia','CORRESPONDE RETENCIONES PAGO INICIAL ','2026-03-12 18:24:31.601509',4,46,'',1),(61,1200000.00,'2026-03-21','efectivo','','2026-03-23 15:20:38.493839',4,75,'',0),(62,230478.00,'2026-03-21','efectivo','','2026-03-23 15:22:20.982144',4,96,'',0),(63,1670000.00,'2026-03-19','efectivo','','2026-03-23 15:28:25.096783',4,71,'',0),(64,1817263.00,'2026-03-19','efectivo','PAGO EL SALDO EN EFECTIVO SE LE DESCUENTA EL 10,5','2026-03-23 15:30:55.281270',4,34,'',0),(65,1872187.38,'2026-03-19','transferencia','','2026-03-23 15:35:53.432787',4,80,'196',1),(66,793581.52,'2026-03-19','transferencia','','2026-03-23 15:41:07.836995',4,74,'142',1),(67,542501.94,'2026-03-17','transferencia','','2026-03-23 15:46:41.041637',4,67,'195',1),(68,3024537.78,'2026-03-12','transferencia','','2026-03-23 15:50:08.812914',4,35,'194',1),(70,656524.22,'2026-03-13','transferencia','','2026-03-23 15:55:23.667200',4,60,'139',1),(71,1698150.30,'2026-03-10','transferencia','','2026-03-23 16:08:11.844180',4,76,'137',1),(72,2710000.00,'2026-03-13','efectivo','','2026-03-23 16:10:18.868342',4,18,'',0),(73,641725.00,'2026-03-12','efectivo','','2026-03-23 16:14:11.771306',4,68,'',0),(74,480513.73,'2026-03-16','transferencia','','2026-03-23 16:16:09.892693',4,38,'140',1),(75,772000.00,'2026-03-13','transferencia','','2026-03-23 16:19:38.879887',4,61,'141',1),(76,1558976.00,'2026-03-18','efectivo','','2026-03-23 16:20:55.925432',4,19,'',0),(77,1304280.00,'2026-03-18','transferencia','','2026-03-23 18:59:12.635762',2,115,'PENDIENTE',1);
/*!40000 ALTER TABLE `comercial_pagoventa` ENABLE KEYS */;
UNLOCK TABLES;

--
-- Table structure for table `comercial_percepcion`
--

DROP TABLE IF EXISTS `comercial_percepcion`;
/*!40101 SET @saved_cs_client     = @@character_set_client */;
/*!50503 SET character_set_client = utf8mb4 */;
CREATE TABLE `comercial_percepcion` (
  `id` bigint NOT NULL AUTO_INCREMENT,
  `tipo` varchar(20) NOT NULL,
  `observaciones` longtext NOT NULL,
  `importe` decimal(12,2) NOT NULL,
  `created_at` datetime(6) NOT NULL,
  `venta_id` bigint NOT NULL,
  PRIMARY KEY (`id`),
  KEY `comercial_percepcion_venta_id_2b83adc7_fk_comercial_venta_id` (`venta_id`),
  CONSTRAINT `comercial_percepcion_venta_id_2b83adc7_fk_comercial_venta_id` FOREIGN KEY (`venta_id`) REFERENCES `comercial_venta` (`id`)
) ENGINE=InnoDB DEFAULT CHARSET=utf8mb3;
/*!40101 SET character_set_client = @saved_cs_client */;

--
-- Dumping data for table `comercial_percepcion`
--

LOCK TABLES `comercial_percepcion` WRITE;
/*!40000 ALTER TABLE `comercial_percepcion` DISABLE KEYS */;
/*!40000 ALTER TABLE `comercial_percepcion` ENABLE KEYS */;
UNLOCK TABLES;

--
-- Table structure for table `comercial_retencion`
--

DROP TABLE IF EXISTS `comercial_retencion`;
/*!40101 SET @saved_cs_client     = @@character_set_client */;
/*!50503 SET character_set_client = utf8mb4 */;
CREATE TABLE `comercial_retencion` (
  `id` bigint NOT NULL AUTO_INCREMENT,
  `tipo` varchar(20) NOT NULL,
  `concepto` varchar(200) NOT NULL,
  `descripcion` longtext NOT NULL,
  `numero_comprobante` varchar(100) NOT NULL,
  `importe_isar` decimal(12,2) NOT NULL,
  `importe_retenido` decimal(12,2) NOT NULL,
  `fecha_comprobante` date NOT NULL,
  `created_at` datetime(6) NOT NULL,
  `pago_id` bigint NOT NULL,
  PRIMARY KEY (`id`),
  KEY `comercial_retencion_pago_id_91ab2cbf_fk_comercial_pagoventa_id` (`pago_id`),
  CONSTRAINT `comercial_retencion_pago_id_91ab2cbf_fk_comercial_pagoventa_id` FOREIGN KEY (`pago_id`) REFERENCES `comercial_pagoventa` (`id`)
) ENGINE=InnoDB AUTO_INCREMENT=4 DEFAULT CHARSET=utf8mb3;
/*!40101 SET character_set_client = @saved_cs_client */;

--
-- Dumping data for table `comercial_retencion`
--

LOCK TABLES `comercial_retencion` WRITE;
/*!40000 ALTER TABLE `comercial_retencion` DISABLE KEYS */;
INSERT INTO `comercial_retencion` VALUES (2,'ganancias','GANANCIAS ','','0000-2026-46',0.00,36066.86,'2026-03-05','2026-03-12 18:21:55.276358',58),(3,'iibb','','','1-2026-5717',0.00,30410.15,'2026-03-05','2026-03-12 18:21:55.308191',58);
/*!40000 ALTER TABLE `comercial_retencion` ENABLE KEYS */;
UNLOCK TABLES;

--
-- Table structure for table `comercial_subtipocuenta`
--

DROP TABLE IF EXISTS `comercial_subtipocuenta`;
/*!40101 SET @saved_cs_client     = @@character_set_client */;
/*!50503 SET character_set_client = utf8mb4 */;
CREATE TABLE `comercial_subtipocuenta` (
  `id` bigint NOT NULL AUTO_INCREMENT,
  `nombre` varchar(100) NOT NULL,
  `descripcion` varchar(200) NOT NULL,
  `activo` tinyint(1) NOT NULL,
  `deleted_at` datetime(6) DEFAULT NULL,
  `created_at` datetime(6) NOT NULL,
  `tipo_cuenta_id` bigint NOT NULL,
  PRIMARY KEY (`id`),
  KEY `comercial_subtipocue_tipo_cuenta_id_068aae5d_fk_comercial` (`tipo_cuenta_id`),
  CONSTRAINT `comercial_subtipocue_tipo_cuenta_id_068aae5d_fk_comercial` FOREIGN KEY (`tipo_cuenta_id`) REFERENCES `comercial_tipocuenta` (`id`)
) ENGINE=InnoDB AUTO_INCREMENT=52 DEFAULT CHARSET=utf8mb3;
/*!40101 SET character_set_client = @saved_cs_client */;

--
-- Dumping data for table `comercial_subtipocuenta`
--

LOCK TABLES `comercial_subtipocuenta` WRITE;
/*!40000 ALTER TABLE `comercial_subtipocuenta` DISABLE KEYS */;
INSERT INTO `comercial_subtipocuenta` VALUES (1,'luz','',0,'2026-01-30 19:20:40.619574','2026-01-30 18:08:35.992471',2),(2,'internet','',0,'2026-01-30 19:20:37.907516','2026-01-30 18:08:46.412107',2),(3,'Cristales Saenz','',0,'2026-01-30 19:21:32.388538','2026-01-30 19:20:31.441043',1),(4,'SERVICIOS','',0,'2026-01-30 19:43:58.548210','2026-01-30 19:32:47.273908',2),(5,'Edesur','Nro de cliente 04417017',1,NULL,'2026-01-30 19:43:19.337385',2),(6,'AYSA','NRO CLIENTE 464929',1,NULL,'2026-01-30 19:43:52.423523',2),(7,'Movistar linea celular','114482992',1,NULL,'2026-01-30 19:44:32.523748',2),(8,'PAGO','',1,NULL,'2026-01-30 19:46:03.668423',13),(9,'Pago','',1,NULL,'2026-01-30 19:46:20.659568',11),(10,'DIEGO','',0,'2026-02-23 14:56:12.812452','2026-01-30 19:46:29.034960',11),(11,'Movista Linea Telefono','',1,NULL,'2026-02-02 22:04:50.485768',2),(12,'Pago','',1,NULL,'2026-02-02 22:15:19.268429',1),(13,'Pago en dolares','',1,NULL,'2026-02-02 22:15:52.677835',1),(14,'Cristian Semanal','',1,NULL,'2026-02-03 15:45:33.457121',12),(15,'Cristian comision','',1,NULL,'2026-02-03 15:45:43.436489',12),(16,'Juan Semanal','',1,NULL,'2026-02-03 15:45:54.856013',12),(17,'Juan extra','',1,NULL,'2026-02-03 15:46:04.003353',12),(18,'Veronica Comision','',1,NULL,'2026-02-03 15:46:13.815584',12),(19,'Veronica Extra','',1,NULL,'2026-02-03 15:46:23.689108',12),(20,'Elias Extra','',1,NULL,'2026-02-03 15:46:41.422113',12),(21,'Elias Semanal','',1,NULL,'2026-02-03 15:46:52.292869',12),(22,'Pago','',1,NULL,'2026-02-03 15:47:45.232654',14),(23,'Pago','',1,NULL,'2026-02-03 15:47:53.879670',14),(24,'Convenio Multilateral','',1,NULL,'2026-02-04 15:09:43.957608',15),(25,'GANANCIAS','',1,NULL,'2026-02-04 15:09:56.779164',15),(26,'AUTONOMOS','',1,NULL,'2026-02-04 15:10:06.862409',15),(27,'IVA','',1,NULL,'2026-02-04 15:10:16.718466',15),(28,'Cargas Sociales','',1,NULL,'2026-02-04 15:16:10.911097',15),(29,'Pago','',1,NULL,'2026-02-04 15:24:11.745916',1),(30,'ARVA','',0,'2026-02-04 17:49:03.637925','2026-02-04 15:33:22.675860',1),(31,'Pagos','',1,NULL,'2026-02-04 15:43:47.089010',1),(32,'test','',0,'2026-02-04 17:01:05.837602','2026-02-04 16:55:43.633743',1),(33,'RETIRO CUENTA PROPIA','',1,NULL,'2026-02-04 17:45:25.424103',17),(34,'TARJETA BBVA','',1,NULL,'2026-02-04 17:45:38.476306',17),(35,'TARJETA GALICIA','',1,NULL,'2026-02-04 17:45:47.966342',17),(36,'COMBUSTIBLE','',1,NULL,'2026-02-04 17:45:58.164610',17),(37,'pago','',1,NULL,'2026-02-04 18:20:58.258554',16),(38,'DIEGO','',0,'2026-02-23 14:56:07.258597','2026-02-23 14:55:15.040426',11),(39,'DIEGO','',0,'2026-02-23 15:00:14.583557','2026-02-23 14:57:07.207927',11),(40,'DIEGO','',0,'2026-02-23 15:00:08.706068','2026-02-23 14:58:38.820780',11),(41,'DIEGO','',0,'2026-02-23 15:05:28.258565','2026-02-23 15:03:37.485985',12),(42,'Pago','',1,NULL,'2026-02-23 15:06:06.514946',11),(43,'Pago','',1,NULL,'2026-02-23 15:14:36.638580',14),(44,'Pago','',1,NULL,'2026-02-23 15:19:51.230048',14),(45,'MONOTRIBUTO VERO','',1,NULL,'2026-02-23 15:34:14.124293',12),(46,'Pago','',1,NULL,'2026-02-23 16:00:49.737657',1),(47,'Pago','',1,NULL,'2026-02-23 16:06:51.320702',1),(48,'ABL','',1,NULL,'2026-02-26 01:37:27.207652',2),(49,'Inversion','',1,NULL,'2026-02-28 14:39:53.923086',18),(50,'SOLUCIONES ON LINE  - XUBIO','',1,NULL,'2026-03-03 20:10:09.773649',2),(51,'PAGO','',1,NULL,'2026-03-03 20:15:01.671183',19);
/*!40000 ALTER TABLE `comercial_subtipocuenta` ENABLE KEYS */;
UNLOCK TABLES;

--
-- Table structure for table `comercial_tipocuenta`
--

DROP TABLE IF EXISTS `comercial_tipocuenta`;
/*!40101 SET @saved_cs_client     = @@character_set_client */;
/*!50503 SET character_set_client = utf8mb4 */;
CREATE TABLE `comercial_tipocuenta` (
  `id` bigint NOT NULL AUTO_INCREMENT,
  `tipo` varchar(20) NOT NULL,
  `descripcion` varchar(100) NOT NULL,
  `activo` tinyint(1) NOT NULL,
  `deleted_at` datetime(6) DEFAULT NULL,
  PRIMARY KEY (`id`),
  UNIQUE KEY `tipo` (`tipo`)
) ENGINE=InnoDB AUTO_INCREMENT=20 DEFAULT CHARSET=utf8mb3;
/*!40101 SET character_set_client = @saved_cs_client */;

--
-- Dumping data for table `comercial_tipocuenta`
--

LOCK TABLES `comercial_tipocuenta` WRITE;
/*!40000 ALTER TABLE `comercial_tipocuenta` DISABLE KEYS */;
INSERT INTO `comercial_tipocuenta` VALUES (1,'proveedores','PROVEEDORES',1,NULL),(2,'Servicios','SERVICIOS',1,NULL),(3,'Servicios akun','luz',0,'2026-01-30 19:19:07.468447'),(11,'Colocadores','COLOCADORES',1,NULL),(12,'Colaboradores','COLABORADORES',1,NULL),(13,'Publicidad','PUBLICIDAD',1,NULL),(14,'Flete','Flete',1,NULL),(15,'IMPUESTOS','IMPUESTOS',1,NULL),(16,'INSUMOS','INSUMOS',1,NULL),(17,'PERSONAL','PERSONAL',1,NULL),(18,'Inversion','INVERSION ',1,NULL),(19,'Peajes','PEAJES',1,NULL);
/*!40000 ALTER TABLE `comercial_tipocuenta` ENABLE KEYS */;
UNLOCK TABLES;

--
-- Table structure for table `comercial_venta`
--

DROP TABLE IF EXISTS `comercial_venta`;
/*!40101 SET @saved_cs_client     = @@character_set_client */;
/*!50503 SET character_set_client = utf8mb4 */;
CREATE TABLE `comercial_venta` (
  `id` bigint NOT NULL AUTO_INCREMENT,
  `numero_pedido` varchar(50) NOT NULL,
  `valor_total` decimal(12,2) NOT NULL,
  `sena` decimal(12,2) NOT NULL,
  `saldo` decimal(12,2) NOT NULL,
  `fecha_pago` date DEFAULT NULL,
  `forma_pago` varchar(20) NOT NULL,
  `con_factura` tinyint(1) NOT NULL,
  `tipo_factura` varchar(2) NOT NULL,
  `numero_factura` varchar(50) NOT NULL,
  `estado` varchar(20) NOT NULL,
  `observaciones` longtext NOT NULL,
  `created_at` datetime(6) NOT NULL,
  `updated_at` datetime(6) NOT NULL,
  `cliente_id` bigint NOT NULL,
  `deleted_at` datetime(6) DEFAULT NULL,
  `monto_retenciones` decimal(12,2) NOT NULL,
  `tiene_retenciones` tinyint(1) NOT NULL,
  `notas_internas` longtext NOT NULL,
  PRIMARY KEY (`id`),
  KEY `comercial_venta_cliente_id_605488b5_fk_comercial_cliente_id` (`cliente_id`),
  CONSTRAINT `comercial_venta_cliente_id_605488b5_fk_comercial_cliente_id` FOREIGN KEY (`cliente_id`) REFERENCES `comercial_cliente` (`id`)
) ENGINE=InnoDB AUTO_INCREMENT=123 DEFAULT CHARSET=utf8mb3;
/*!40101 SET character_set_client = @saved_cs_client */;

--
-- Dumping data for table `comercial_venta`
--

LOCK TABLES `comercial_venta` WRITE;
/*!40000 ALTER TABLE `comercial_venta` DISABLE KEYS */;
INSERT INTO `comercial_venta` VALUES (6,'1205',4469430.00,2592000.00,0.00,'2025-11-25','efectivo',0,'','','colocado','','2026-01-16 18:56:44.390554','2026-03-06 15:15:35.254738',7,NULL,0.00,0,''),(7,'1222',1480967.00,740500.00,0.00,'2025-12-18','efectivo',0,'','','colocado','','2026-01-16 19:06:10.308359','2026-03-06 18:56:52.310398',8,NULL,0.00,0,''),(8,'1211',409073.17,205000.00,0.00,'2025-12-05','transferencia',1,'A','168','colocado','','2026-01-16 19:13:02.912603','2026-03-06 18:53:23.035415',9,NULL,0.00,0,''),(9,'1206',749864.82,374932.41,0.00,'2025-11-26','transferencia',1,'B','98','colocado','','2026-01-16 19:26:10.856961','2026-03-06 16:37:25.100094',10,NULL,0.00,0,''),(10,'1219',918860.68,459430.34,0.00,'2025-12-16','transferencia',1,'B','108','colocado','','2025-12-16 03:00:00.000000','2026-03-06 18:42:30.004895',11,NULL,0.00,0,''),(11,'1208',666015.00,666015.00,0.00,'2026-01-09','efectivo',0,'','','colocado','','2026-01-16 19:39:06.122390','2026-03-06 18:35:34.854319',12,NULL,0.00,0,''),(12,'1223',1081293.00,0.00,0.00,'2026-01-08','efectivo',0,'','','colocado','','2026-01-16 19:44:43.217848','2026-03-06 18:20:52.536776',13,NULL,0.00,0,''),(13,'.',90750.00,0.00,90750.00,'2026-01-07','transferencia',1,'B','114','entregado','','2026-01-16 19:50:04.964521','2026-03-06 15:15:35.100297',14,NULL,0.00,0,''),(14,'1227',704786.28,352393.14,0.14,'2026-01-05','transferencia',1,'B','112','colocado','','2026-01-05 03:00:00.000000','2026-02-27 19:23:25.073914',15,'2026-02-27 19:23:25.066284',0.00,0,''),(15,'1228',1636247.00,820000.00,0.00,'2026-01-12','efectivo',0,'','','colocado','','2026-01-16 20:10:58.783201','2026-03-06 15:15:35.081593',16,NULL,0.00,0,''),(16,'1229',2214733.00,1200000.00,0.00,NULL,'efectivo',0,'','','colocado','','2026-01-16 20:14:41.550691','2026-03-06 15:15:35.062793',17,NULL,0.00,0,''),(17,'1230',1108625.00,88500.00,1020125.00,'2026-01-10','efectivo',0,'','','pendiente','','2026-01-16 20:20:46.428620','2026-02-04 17:36:40.842672',18,'2026-02-04 17:36:40.838746',0.00,0,''),(18,'1231',4200000.00,1490000.00,0.00,'2026-01-12','efectivo',0,'','','colocado','','2026-01-16 20:25:38.958721','2026-03-23 16:11:02.558025',19,NULL,0.00,0,''),(19,'1232',2598476.00,1039500.00,0.00,'2026-01-13','efectivo',0,'','','colocado','','2026-01-16 20:36:01.002822','2026-03-23 16:21:40.494449',12,NULL,0.00,0,''),(20,'1233',439203.00,200000.00,0.00,NULL,'efectivo',0,'','','colocado','','2026-01-16 20:39:24.747891','2026-03-06 15:15:34.981778',20,NULL,0.00,0,''),(21,'HUMBERTO',1446458.00,720000.00,0.00,'2026-02-25','efectivo',0,'','','colocado','','2026-01-19 16:31:41.343899','2026-03-06 15:15:34.941502',21,NULL,0.00,0,''),(22,'PVC',4608212.00,2235000.00,0.00,'2026-02-27','efectivo',0,'','','colocado','','2026-01-19 16:36:04.348919','2026-03-06 15:15:34.926897',22,NULL,0.00,0,''),(23,'PVC1',2374660.00,1192000.00,0.00,'2026-01-12','efectivo',0,'','','colocado','','2026-01-19 16:47:44.928155','2026-03-06 19:18:37.207168',23,NULL,0.00,0,''),(24,'PVC2',3336701.00,1490000.00,0.00,'2026-01-07','efectivo',0,'','','colocado','','2026-01-19 16:50:23.127200','2026-03-06 19:15:47.442646',24,NULL,0.00,0,''),(25,'PERSIANA',1800000.00,900000.00,900000.00,'2026-01-08','efectivo',0,'','','pendiente','','2026-01-19 16:51:56.691828','2026-01-30 21:36:00.595427',25,'2026-01-30 21:36:00.591222',0.00,0,''),(26,'1224',472703.00,236351.72,0.00,'2025-12-23','transferencia',1,'A','176','colocado','','2026-01-20 16:11:04.320105','2026-03-06 18:09:49.088892',26,NULL,0.00,0,''),(27,'TEST',10.00,5.00,0.00,NULL,'',1,'','','pendiente','','2026-01-29 20:29:37.056905','2026-01-30 18:13:40.501817',26,'2026-01-30 18:13:40.492567',0.00,0,''),(28,'PVC',1.00,0.00,1.00,NULL,'',1,'','','pendiente','','2026-01-29 20:48:41.759428','2026-01-31 14:47:30.109963',7,'2026-01-31 14:47:30.105804',0.00,0,''),(29,'1234',3354302.00,1677200.00,0.00,NULL,'efectivo',0,'','','colocado','','2026-01-30 17:41:22.037718','2026-03-06 15:15:34.833354',27,NULL,0.00,0,''),(30,'1235',2032528.96,1016264.48,0.00,'2026-01-19','transferencia',1,'B','118','colocado','','2026-01-19 03:00:00.000000','2026-03-06 15:15:34.962369',28,NULL,0.00,0,''),(31,'test1',1000.00,200.00,500.00,'2026-01-06','transferencia',1,'','','pendiente','','2026-01-30 18:06:17.780459','2026-01-30 18:07:40.588763',7,'2026-01-30 18:07:40.581788',0.00,0,''),(32,'1238',801466.00,418904.00,0.00,NULL,'transferencia',1,'B','119','colocado','','2026-01-30 18:22:32.060397','2026-03-06 15:15:34.805607',30,NULL,0.00,0,''),(33,'1239',6650574.00,3325287.51,3325286.49,'2026-01-20','transferencia',1,'B','120','pendiente','','2026-01-30 18:35:34.225648','2026-03-06 15:15:34.781920',31,NULL,0.00,0,''),(34,'1240',4060924.56,2030462.28,213199.28,'2026-01-20','transferencia',1,'B','123','colocado','','2026-01-30 18:41:10.683146','2026-03-23 15:31:04.797617',32,NULL,0.00,0,''),(35,'1241',6049075.56,3024537.78,0.00,'2026-01-23','transferencia',1,'A','181','colocado','','2026-01-30 18:49:45.384915','2026-03-23 15:51:45.250874',33,NULL,0.00,0,''),(36,'1242',1810791.00,900000.00,0.00,'2026-01-24','efectivo',0,'','','colocado','','2026-01-30 18:55:08.889211','2026-03-06 15:15:34.713579',34,NULL,0.00,0,''),(37,'1243',1539877.00,700000.00,0.00,'2026-01-26','efectivo',0,'','','colocado','','2026-01-30 19:03:26.796604','2026-03-06 15:15:34.681701',35,NULL,0.00,0,''),(38,'1244',960513.73,480000.00,0.00,'2026-01-26','transferencia',1,'B','122','colocado','','2026-01-30 19:09:06.713979','2026-03-23 16:16:18.464102',36,NULL,0.00,0,''),(39,'1225',1540988.00,600000.00,0.00,'2025-12-30','efectivo',0,'','','colocado','','2026-01-30 19:32:15.838347','2026-03-06 15:15:34.605694',37,NULL,0.00,0,''),(40,'1230',2086157.37,1066032.37,0.00,'2026-01-10','efectivo',0,'','','colocado','','2026-01-30 19:41:44.004712','2026-03-06 15:15:34.576211',38,NULL,0.00,0,''),(41,'PERSIANAS',1725126.00,900000.00,0.00,'2026-01-08','efectivo',0,'','','colocado','','2026-01-30 19:52:59.109884','2026-03-06 15:15:34.561179',25,NULL,0.00,0,''),(42,'1221',2104069.18,570000.00,0.00,'2025-12-16','efectivo',0,'','','colocado','','2026-01-30 19:58:28.531966','2026-03-06 17:46:33.409869',39,NULL,0.00,0,''),(43,'1237',1662777.16,831388.58,831388.58,'2026-01-22','transferencia',1,'A','180','pendiente','Se aplica retencion de ganancias por $ 12.398.56','2026-01-30 20:00:21.904485','2026-03-06 15:15:34.521529',40,NULL,0.00,0,''),(44,'MOTOR',550308.00,290400.00,0.00,'2026-01-26','transferencia',1,'B','121','colocado','','2026-01-30 20:48:37.477716','2026-03-06 15:15:34.497720',41,NULL,0.00,0,''),(45,'PVC',3479136.72,1739568.60,1739568.12,NULL,'transferencia',1,'B','117','pendiente','','2026-01-30 20:55:30.446148','2026-02-26 22:36:14.231888',42,'2026-02-26 22:36:14.227902',0.00,0,''),(46,'1236',4906170.06,2453085.03,0.00,'2026-01-19','transferencia',1,'A','177','colocado','SE APLICAN RETENCIONES','2026-01-30 21:32:49.365531','2026-03-12 18:24:42.972610',29,NULL,0.00,0,''),(47,'PVC',23439825.99,9126804.00,463888.27,'2025-12-16','transferencia',1,'A','170','pendiente','','2026-01-31 12:28:30.750926','2026-01-31 12:43:47.321264',43,'2026-01-31 12:43:47.310602',0.00,0,''),(48,'PVC',23439825.98,9126804.00,0.00,NULL,'transferencia',1,'A','170/178','pendiente','','2026-01-31 12:46:12.117955','2026-03-06 15:15:34.457571',43,NULL,0.00,0,''),(49,'1216',8588612.49,8588612.49,0.00,'2026-01-21','transferencia',1,'A','179','colocado','','2026-01-31 14:46:20.007607','2026-03-06 17:44:24.111819',44,NULL,0.00,0,''),(50,'1210',894023.02,894023.02,0.00,'2026-01-16','transferencia',1,'B','116','colocado','','2026-01-31 15:00:55.974557','2026-03-06 15:15:34.416643',45,NULL,0.00,0,''),(51,'1212',3165374.00,1000000.00,0.00,'2025-12-01','efectivo',0,'','','colocado','','2026-02-04 17:20:19.008961','2026-02-04 17:32:30.544870',46,'2026-02-04 17:32:30.529710',0.00,0,''),(52,'1220',1051755.00,400000.00,0.00,'2025-12-10','efectivo',0,'','','colocado','','2026-02-04 17:46:38.029608','2026-03-06 15:15:34.377224',47,NULL,0.00,0,''),(53,'pvc',15546596.49,5165200.00,0.00,'2025-12-18','transferencia',1,'A','172','colocado','','2025-12-18 03:00:00.000000','2026-03-06 15:15:35.362759',48,NULL,0.00,0,''),(54,'PVC',3686950.00,1828450.00,0.00,'2026-01-30','transferencia',1,'B','125','colocado','saldo en dolares usd 1261\r\nseña en dolares 1260','2026-02-09 15:09:47.800564','2026-03-06 15:15:34.329619',49,NULL,0.00,0,''),(55,'PVC',2269375.57,1124696.79,0.00,'2026-02-08','transferencia',1,'B','126','colocado','','2026-02-09 15:13:48.086148','2026-03-06 15:15:34.309571',50,NULL,0.00,0,''),(56,'1206',374932.00,0.00,374932.00,'2026-01-26','',1,'NC','115','colocado','','2026-02-09 15:48:46.042340','2026-03-06 16:35:40.637345',10,'2026-03-06 16:35:40.610991',0.00,0,''),(57,'HUMBERTO',2800000.00,1425000.00,0.00,'2025-12-03','efectivo',0,'','','colocado','','2026-02-23 16:50:50.599921','2026-03-06 15:15:34.265541',51,NULL,0.00,0,''),(58,'1226',1588480.60,700000.00,0.60,'2026-01-02','efectivo',0,'','','colocado','','2026-02-23 17:08:04.870751','2026-03-06 16:03:16.550833',52,NULL,0.00,0,''),(59,'1245',2118990.72,1060000.00,1058990.72,'2026-01-30','transferencia',1,'A','182','pendiente','','2026-02-23 19:33:45.854170','2026-03-06 15:15:34.225663',53,NULL,0.00,0,''),(60,'1247',1313048.44,656524.22,0.00,'2026-02-06','',1,'B','129','colocado','','2026-02-23 19:39:11.646850','2026-03-23 15:55:31.825366',54,NULL,0.00,0,''),(61,'1248',1544000.00,772000.00,0.00,'2026-02-05','transferencia',1,'B','127','colocado','','2026-02-23 19:43:17.584419','2026-03-23 16:19:54.571469',55,NULL,0.00,0,''),(62,'1250',725000.00,360000.00,365000.00,'2026-01-28','efectivo',0,'','','pendiente','','2026-02-23 19:46:51.064961','2026-03-06 15:15:34.153431',56,NULL,0.00,0,''),(63,'1251',758000.00,380000.00,0.00,'2026-01-29','efectivo',0,'','','colocado','','2026-02-23 19:50:38.032825','2026-03-12 17:32:57.221995',57,NULL,0.00,0,''),(64,'1252',1191725.00,550000.00,0.00,'2026-02-09','efectivo',0,'','','colocado','','2026-02-23 19:55:10.786045','2026-03-12 17:31:40.080801',58,NULL,0.00,0,''),(65,'1253',1532615.00,772615.00,760000.00,'2026-02-09','efectivo',0,'','','pendiente','','2026-02-23 19:59:11.188328','2026-03-06 15:15:34.092977',59,NULL,0.00,0,''),(66,'1254',5104331.76,2552000.00,2552331.76,'2026-02-10','transferencia',1,'A','184','pendiente','','2026-02-23 20:08:59.042213','2026-03-06 15:15:34.073467',60,NULL,0.00,0,''),(67,'1255',1042501.94,500000.00,0.00,'2026-02-11','efectivo',0,'','','colocado','','2026-02-24 12:20:50.236869','2026-03-23 15:46:49.353026',61,NULL,0.00,0,''),(68,'1256',1241725.00,600000.00,0.00,'2026-02-11','efectivo',0,'','','colocado','','2026-02-24 12:25:29.714961','2026-03-23 16:14:20.172062',62,NULL,0.00,0,''),(69,'1257',2228000.00,1114000.00,1114000.00,'2026-02-11','efectivo',0,'','','pendiente','','2026-02-24 12:29:52.411710','2026-03-06 15:15:34.015621',63,NULL,0.00,0,''),(70,'1259',1783000.00,825000.00,958000.00,'2026-02-12','efectivo',0,'','','pendiente','','2026-02-24 12:36:19.513274','2026-03-06 15:15:33.993514',64,NULL,0.00,0,''),(71,'1260',3270000.00,1600000.00,0.00,'2026-02-06','efectivo',0,'','','colocado','','2026-02-24 12:45:38.900242','2026-03-23 15:28:32.063579',65,NULL,0.00,0,''),(72,'????',4787576.75,2350000.00,2437576.75,NULL,'transferencia',1,'A','185','pendiente','','2026-02-24 12:51:21.019598','2026-03-06 19:59:04.589035',66,NULL,0.00,0,''),(73,'PERSIANA',580800.00,290400.00,290400.00,'2026-01-26','transferencia',1,'B','121','pendiente','','2026-01-26 03:00:00.000000','2026-03-06 14:58:51.874990',41,'2026-03-06 14:58:51.871179',0.00,0,''),(74,'1249',1618581.52,825000.00,0.00,'2026-02-08','transferencia',1,'B','128','colocado','','2026-02-08 03:00:00.000000','2026-03-23 15:41:21.676886',67,NULL,0.00,0,''),(75,'PVC',2400000.00,1200000.00,0.00,'2026-02-16','efectivo',0,'','','colocado','','2026-02-24 13:17:36.010349','2026-03-23 15:20:51.937125',68,NULL,0.00,0,''),(76,'PVC',3437718.30,1739568.00,0.00,'2026-01-15','transferencia',1,'B','117','colocado','','2026-01-15 03:00:00.000000','2026-03-23 16:08:32.613729',69,NULL,0.00,0,''),(77,'01',10.00,5.00,5.00,'2026-02-25','efectivo',1,'','','pendiente','','2026-02-26 22:50:26.911296','2026-02-26 22:50:48.023708',42,'2026-02-26 22:50:48.013607',0.00,0,''),(78,'1246',654055.82,327027.91,0.00,'2026-02-02','transferencia',1,'B','124','colocado','','2026-02-02 03:00:00.000000','2026-03-06 15:15:34.395154',70,NULL,0.00,0,''),(79,'PVC',18419999.99,7300000.00,0.00,'2026-02-23','transferencia',1,'A','156','colocado','PAGO 5000 DOLARES','2025-10-28 03:00:00.000000','2026-03-06 17:33:11.697802',71,NULL,0.00,0,''),(80,'1264',4372187.38,2500000.00,0.00,'2026-02-20','transferencia',1,'A','186','colocado','','2026-02-27 18:32:46.464385','2026-03-23 15:36:09.534246',72,NULL,0.00,0,''),(81,'1227',704786.28,352393.00,0.28,'2026-01-05','transferencia',1,'B','112','pendiente','','2026-01-05 03:00:00.000000','2026-03-06 15:15:35.344420',15,NULL,0.00,0,''),(82,'1213',4434156.32,2217078.16,0.00,'2025-12-05','transferencia',1,'B','104','colocado','','2025-12-05 03:00:00.000000','2026-03-06 15:15:35.398995',73,NULL,0.00,0,''),(83,'1',10000.00,5000.00,0.00,'2026-02-28','transferencia',1,'A','1','pendiente','','2026-02-28 14:55:37.234049','2026-02-28 15:00:03.843103',7,'2026-02-28 15:00:03.834842',0.00,0,''),(84,'1212',3315374.00,1000000.00,0.00,'2025-11-19','efectivo',0,'','','colocado','','2026-02-28 15:36:12.320196','2026-03-06 15:15:33.881063',46,NULL,0.00,0,''),(85,'1',5.00,1.00,0.00,NULL,'',1,'','','colocado','','2026-03-06 16:03:58.135372','2026-03-06 16:04:35.100003',7,'2026-03-06 16:04:35.088966',0.00,0,''),(86,'1200',2528999.99,2528999.99,0.00,'2025-11-22','transferencia',1,'A','163','colocado','','2025-11-22 03:00:00.000000','2026-03-06 17:38:10.477656',71,NULL,0.00,0,''),(87,'1216',1799999.99,1799999.99,0.00,'2025-12-04','transferencia',1,'A','166','colocado','','2026-03-06 17:39:14.086888','2026-03-06 17:39:14.086925',71,NULL,0.00,0,''),(88,'1218',5317375.00,5317375.00,0.00,'2025-12-16','transferencia',1,'A','171','colocado','','2026-03-06 17:40:07.628934','2026-03-06 17:40:07.628972',71,NULL,0.00,0,''),(89,'1217',1.00,1.00,0.00,'2025-11-24','',1,'','','pendiente','','2026-03-06 19:43:56.622828','2026-03-06 19:43:56.622852',74,NULL,0.00,0,''),(90,'1258',11846196.00,6000000.00,5846196.00,'2025-12-12','efectivo',0,'','','pendiente','','2026-03-06 19:51:12.168446','2026-03-06 19:51:12.168485',75,NULL,0.00,0,''),(91,'1261',1259271.00,629635.60,629635.40,'2026-02-12','transferencia',1,'','','pendiente','','2026-03-06 19:56:21.286970','2026-03-06 19:57:38.191287',76,NULL,0.00,0,''),(92,'1263',1237697.00,620000.00,617697.00,'2026-03-24','efectivo',0,'','','pendiente','','2026-03-06 20:00:55.030193','2026-03-06 20:00:55.030226',77,NULL,0.00,0,''),(93,'1265',410141.00,0.00,410141.00,'2026-02-25','efectivo',1,'','','pendiente','','2026-03-06 20:02:53.925767','2026-03-06 20:02:53.925793',78,NULL,0.00,0,''),(94,'1266',4937313.00,2468404.00,2468909.00,'2026-02-26','efectivo',0,'','','pendiente','','2026-03-06 20:09:42.082249','2026-03-06 20:09:42.082286',79,NULL,0.00,0,''),(95,'1267',2891579.00,1560000.00,1331579.00,'2026-02-27','efectivo',0,'','','pendiente','','2026-03-06 20:12:27.259717','2026-03-06 20:12:27.259747',80,NULL,0.00,0,''),(96,'1262',580478.00,350000.00,0.00,'2026-02-18','efectivo',0,'','','colocado','','2026-03-06 20:15:04.672168','2026-03-23 15:22:27.313544',81,NULL,0.00,0,''),(97,'1268',820000.00,410000.00,410000.00,'2026-03-02','efectivo',0,'','','pendiente','','2026-03-06 20:16:25.550078','2026-03-06 20:16:25.550117',82,NULL,0.00,0,''),(98,'1269',1427620.00,700000.00,727620.00,'2026-03-03','',0,'','','pendiente','','2026-03-06 20:18:09.339769','2026-03-06 20:18:33.306374',83,NULL,0.00,0,''),(99,'1270',3957254.18,1978627.09,1978627.09,'2026-03-03','transferencia',1,'A','188','pendiente','','2026-03-06 20:21:43.329724','2026-03-06 20:21:43.329825',84,NULL,0.00,0,''),(100,'1271',760032.46,380016.23,380016.23,'2026-03-05','transferencia',1,'B','134','pendiente','','2026-03-06 20:24:42.526818','2026-03-06 20:25:11.807358',85,NULL,0.00,0,''),(101,'1272',848272.00,430000.00,418272.00,'2026-03-05','efectivo',0,'','','pendiente','','2026-03-06 20:26:54.307096','2026-03-06 20:27:28.157262',86,NULL,0.00,0,''),(102,'PVC',2900000.00,1425000.00,1475000.00,'2026-02-27','efectivo',0,'','','pendiente','','2026-03-06 20:31:22.387751','2026-03-07 22:07:39.595395',87,NULL,0.00,0,''),(103,'01',1733397.60,1733397.60,0.00,'2026-03-05','transferencia',1,'A','190','entregado','','2026-03-12 17:20:55.194127','2026-03-12 17:20:55.194174',89,NULL,0.00,0,''),(104,'1215',3077084.45,1538542.22,0.01,'2025-12-12','transferencia',1,'B','135','colocado','','2026-03-12 17:53:49.213334','2026-03-12 17:55:02.250719',90,NULL,0.00,0,''),(105,'1273',5653088.54,2826544.27,2826544.27,'2026-03-06','transferencia',1,'A','192','pendiente','','2026-03-12 19:13:25.637334','2026-03-12 19:13:25.637375',91,NULL,0.00,0,''),(106,'1274',924900.00,462500.00,462400.00,'2026-03-06','efectivo',0,'','','pendiente','','2026-03-12 19:17:11.927969','2026-03-12 19:17:11.928012',92,NULL,0.00,0,''),(107,'1275',3665370.72,1832685.36,1832685.36,'2026-03-06','transferencia',1,'A','191','pendiente','','2026-03-12 19:25:10.219686','2026-03-12 19:25:10.219724',93,NULL,0.00,0,''),(108,'1276',588000.00,294000.00,294000.00,'2026-03-07','efectivo',0,'','','pendiente','','2026-03-12 19:29:49.217902','2026-03-12 19:29:49.217927',94,NULL,0.00,0,''),(109,'1277',2220000.00,1100000.00,1120000.00,'2026-03-10','efectivo',0,'','','pendiente','','2026-03-12 19:33:18.553656','2026-03-12 19:33:18.553696',95,NULL,0.00,0,''),(110,'1278',725000.00,350000.00,375000.00,'2026-03-12','transferencia',0,'','','pendiente','','2026-03-12 19:36:08.140499','2026-03-12 19:36:08.140532',96,NULL,0.00,0,''),(111,'1279',8215924.20,3500000.00,4715924.20,'2026-03-09','transferencia',1,'A','193','pendiente','','2026-03-12 19:43:14.368016','2026-03-12 19:43:14.368050',71,NULL,0.00,0,''),(112,'PEDIDO LUSO',9178182.75,4589084.25,4589098.50,'2026-03-05','transferencia',1,'B','136','pendiente','','2026-03-12 19:50:20.087979','2026-03-12 19:50:20.088017',97,NULL,0.00,0,''),(113,'1280',3287611.00,1500000.00,1787611.00,'2026-03-14','efectivo',0,'','','pendiente','','2026-03-23 18:54:17.960715','2026-03-23 18:54:17.960751',98,NULL,0.00,0,''),(114,'1281',4600000.00,2122500.00,2477500.00,'2026-03-18','efectivo',0,'','','pendiente','','2026-03-23 18:56:29.848478','2026-03-23 18:56:29.848517',99,NULL,0.00,0,''),(115,'1282',2608760.00,13043.00,1291437.00,NULL,'',1,'','','pendiente','','2026-03-23 18:58:07.440343','2026-03-23 18:59:12.648793',100,NULL,0.00,0,''),(116,'1283',539627.33,269813.66,269813.67,'2026-03-13','transferencia',1,'B','138','pendiente','','2026-03-23 19:02:15.511152','2026-03-23 19:02:15.511177',101,NULL,0.00,0,''),(117,'1284',1234500.00,620000.00,614500.00,'2026-03-16','efectivo',0,'','','pendiente','','2026-03-23 19:05:54.055844','2026-03-23 19:05:54.055868',102,NULL,0.00,0,''),(118,'1285',4530947.00,2100000.00,2430947.00,'2026-03-19','efectivo',1,'','','pendiente','','2026-03-23 19:10:08.480007','2026-03-23 19:10:08.480045',103,NULL,0.00,0,''),(119,'1286',1002943.58,501471.79,501471.79,'2026-03-23','transferencia',1,'B','143','pendiente','','2026-03-23 19:14:15.520000','2026-03-23 19:14:15.520025',104,NULL,0.00,0,''),(120,'1287',1282987.20,641493.60,641493.60,'2026-03-20','transferencia',1,'B','144','pendiente','','2026-03-23 19:19:31.944734','2026-03-23 19:19:31.944792',105,NULL,0.00,0,''),(121,'1288',460126.00,231000.00,229126.00,'2026-03-20','efectivo',0,'','','pendiente','','2026-03-23 19:22:25.374366','2026-03-23 19:22:25.374408',106,NULL,0.00,0,''),(122,'1284',2097734.00,1000000.00,1097734.00,'2026-03-23','efectivo',0,'','','pendiente','','2026-03-23 19:25:27.499559','2026-03-23 19:25:27.499596',107,NULL,0.00,0,'');
/*!40000 ALTER TABLE `comercial_venta` ENABLE KEYS */;
UNLOCK TABLES;

--
-- Table structure for table `configuracion_general`
--

DROP TABLE IF EXISTS `configuracion_general`;
/*!40101 SET @saved_cs_client     = @@character_set_client */;
/*!50503 SET character_set_client = utf8mb4 */;
CREATE TABLE `configuracion_general` (
  `clave` varchar(100) NOT NULL,
  `valor` longtext NOT NULL,
  `descripcion` longtext,
  `actualizado` datetime(6) NOT NULL,
  PRIMARY KEY (`clave`)
) ENGINE=InnoDB DEFAULT CHARSET=utf8mb3;
/*!40101 SET character_set_client = @saved_cs_client */;

--
-- Dumping data for table `configuracion_general`
--

LOCK TABLES `configuracion_general` WRITE;
/*!40000 ALTER TABLE `configuracion_general` DISABLE KEYS */;
INSERT INTO `configuracion_general` VALUES ('valor_hora_hombre','55000.0','Valor por hora de mano de obra','2026-03-12 17:02:06.648795');
/*!40000 ALTER TABLE `configuracion_general` ENABLE KEYS */;
UNLOCK TABLES;

--
-- Table structure for table `contravidrio`
--

DROP TABLE IF EXISTS `contravidrio`;
/*!40101 SET @saved_cs_client     = @@character_set_client */;
/*!50503 SET character_set_client = utf8mb4 */;
CREATE TABLE `contravidrio` (
  `Id` int NOT NULL,
  `idinterior` int DEFAULT NULL,
  `Descripci_n` text,
  `Predeterminado` text,
  `no_verificado` text,
  PRIMARY KEY (`Id`)
) ENGINE=InnoDB DEFAULT CHARSET=utf8mb3;
/*!40101 SET character_set_client = @saved_cs_client */;

--
-- Dumping data for table `contravidrio`
--

LOCK TABLES `contravidrio` WRITE;
/*!40000 ALTER TABLE `contravidrio` DISABLE KEYS */;
/*!40000 ALTER TABLE `contravidrio` ENABLE KEYS */;
UNLOCK TABLES;

--
-- Table structure for table `contravidrio_exterior`
--

DROP TABLE IF EXISTS `contravidrio_exterior`;
/*!40101 SET @saved_cs_client     = @@character_set_client */;
/*!50503 SET character_set_client = utf8mb4 */;
CREATE TABLE `contravidrio_exterior` (
  `Id` int NOT NULL,
  `idinterior` int DEFAULT NULL,
  `Descripci_n` text,
  `Predeterminado` text,
  `no_verificado` text,
  PRIMARY KEY (`Id`)
) ENGINE=InnoDB DEFAULT CHARSET=utf8mb3;
/*!40101 SET character_set_client = @saved_cs_client */;

--
-- Dumping data for table `contravidrio_exterior`
--

LOCK TABLES `contravidrio_exterior` WRITE;
/*!40000 ALTER TABLE `contravidrio_exterior` DISABLE KEYS */;
/*!40000 ALTER TABLE `contravidrio_exterior` ENABLE KEYS */;
UNLOCK TABLES;

--
-- Table structure for table `core_provincia`
--

DROP TABLE IF EXISTS `core_provincia`;
/*!40101 SET @saved_cs_client     = @@character_set_client */;
/*!50503 SET character_set_client = utf8mb4 */;
CREATE TABLE `core_provincia` (
  `id` bigint NOT NULL AUTO_INCREMENT,
  `nombre` varchar(100) NOT NULL,
  `codigo` varchar(10) NOT NULL,
  `activo` tinyint(1) NOT NULL,
  PRIMARY KEY (`id`),
  UNIQUE KEY `codigo` (`codigo`)
) ENGINE=InnoDB DEFAULT CHARSET=utf8mb3;
/*!40101 SET character_set_client = @saved_cs_client */;

--
-- Dumping data for table `core_provincia`
--

LOCK TABLES `core_provincia` WRITE;
/*!40000 ALTER TABLE `core_provincia` DISABLE KEYS */;
/*!40000 ALTER TABLE `core_provincia` ENABLE KEYS */;
UNLOCK TABLES;

--
-- Table structure for table `cruces`
--

DROP TABLE IF EXISTS `cruces`;
/*!40101 SET @saved_cs_client     = @@character_set_client */;
/*!50503 SET character_set_client = utf8mb4 */;
CREATE TABLE `cruces` (
  `Id` int NOT NULL,
  `Idinterior` int DEFAULT NULL,
  `Descripci_n` text,
  `Predeterminado` text,
  `no_verificado` text,
  PRIMARY KEY (`Id`)
) ENGINE=InnoDB DEFAULT CHARSET=utf8mb3;
/*!40101 SET character_set_client = @saved_cs_client */;

--
-- Dumping data for table `cruces`
--

LOCK TABLES `cruces` WRITE;
/*!40000 ALTER TABLE `cruces` DISABLE KEYS */;
/*!40000 ALTER TABLE `cruces` ENABLE KEYS */;
UNLOCK TABLES;

--
-- Table structure for table `despiece_accesorios_hoja`
--

DROP TABLE IF EXISTS `despiece_accesorios_hoja`;
/*!40101 SET @saved_cs_client     = @@character_set_client */;
/*!50503 SET character_set_client = utf8mb4 */;
CREATE TABLE `despiece_accesorios_hoja` (
  `Id` int NOT NULL,
  `Idhoja` int DEFAULT NULL,
  `Formuladecantidad` text,
  `Accesorio` text,
  `Idconjunto` int DEFAULT NULL,
  `Nombre_conjunto` text,
  `Aparece_presupuesto` text,
  `Mo_especifica` int DEFAULT NULL,
  `obligatorio` text,
  PRIMARY KEY (`Id`)
) ENGINE=InnoDB DEFAULT CHARSET=utf8mb3;
/*!40101 SET character_set_client = @saved_cs_client */;

--
-- Dumping data for table `despiece_accesorios_hoja`
--

LOCK TABLES `despiece_accesorios_hoja` WRITE;
/*!40000 ALTER TABLE `despiece_accesorios_hoja` DISABLE KEYS */;
INSERT INTO `despiece_accesorios_hoja` VALUES (29,2,'1','r -42',NULL,NULL,NULL,NULL,'Si'),(30,2,'1','cuña mediana',NULL,NULL,NULL,NULL,'Si'),(31,2,'1','T90',NULL,NULL,NULL,NULL,'Si'),(32,2,'1','T89',NULL,NULL,NULL,NULL,'Si'),(33,2,'1','CIERRE MILANO',NULL,NULL,NULL,NULL,'Si'),(34,2,'1','FELPA CON FEAL SEAL',NULL,NULL,NULL,NULL,'Si'),(35,2,'1','PARKER 2',NULL,NULL,NULL,NULL,'Si'),(36,2,'1','CALSOS',NULL,NULL,NULL,NULL,'Si'),(37,3,'1','CALSOS',NULL,NULL,NULL,NULL,'No'),(38,3,'1','CIERRE MILANO',NULL,NULL,NULL,NULL,'No'),(39,3,'1','cuña mediana',NULL,NULL,NULL,NULL,'No'),(40,3,'1','FELPA CON FEAL SEAL',NULL,NULL,NULL,NULL,'No'),(41,3,'1','PARKER 2',NULL,NULL,NULL,NULL,'No'),(42,3,'1','r -42',NULL,NULL,NULL,NULL,'No'),(43,3,'1','T89',NULL,NULL,NULL,NULL,'No'),(44,3,'1','T90',NULL,NULL,NULL,NULL,'No'),(45,4,'1','H-52',NULL,NULL,NULL,NULL,'Si'),(46,4,'1','H-53',NULL,NULL,NULL,NULL,'Si'),(47,4,'1','E69',NULL,NULL,NULL,NULL,'Si'),(48,4,'1','T-96 HOJA',NULL,NULL,NULL,NULL,'Si'),(49,4,'1','B-52',NULL,NULL,NULL,NULL,'Si'),(50,4,'1','cuña mediana',NULL,NULL,NULL,NULL,'Si'),(51,12,'1','H-47',NULL,NULL,NULL,NULL,'Si'),(52,12,'1','T-96 HOJA',NULL,NULL,NULL,NULL,'Si'),(53,12,'1','B-52',NULL,NULL,NULL,NULL,'Si'),(54,12,'1','cuña mediana',NULL,NULL,NULL,NULL,'Si'),(55,12,'1','PLETINA',NULL,NULL,NULL,NULL,'Si'),(56,14,'1','E69',NULL,NULL,NULL,NULL,'Si'),(57,14,'1','MECANISMO',NULL,NULL,NULL,NULL,'Si'),(58,14,'1','T-96 HOJA',NULL,NULL,NULL,NULL,'Si'),(59,14,'1','T-131 HOJA',NULL,NULL,NULL,NULL,'Si');
/*!40000 ALTER TABLE `despiece_accesorios_hoja` ENABLE KEYS */;
UNLOCK TABLES;

--
-- Table structure for table `despiece_accesorios_marco`
--

DROP TABLE IF EXISTS `despiece_accesorios_marco`;
/*!40101 SET @saved_cs_client     = @@character_set_client */;
/*!50503 SET character_set_client = utf8mb4 */;
CREATE TABLE `despiece_accesorios_marco` (
  `Id` int NOT NULL AUTO_INCREMENT,
  `Idmarco` int DEFAULT NULL,
  `Formuladecantidad` text,
  `Accesorio` text,
  `Mo_especifica` int DEFAULT NULL,
  `obligatorio` text,
  PRIMARY KEY (`Id`)
) ENGINE=InnoDB AUTO_INCREMENT=42 DEFAULT CHARSET=utf8mb3;
/*!40101 SET character_set_client = @saved_cs_client */;

--
-- Dumping data for table `despiece_accesorios_marco`
--

LOCK TABLES `despiece_accesorios_marco` WRITE;
/*!40000 ALTER TABLE `despiece_accesorios_marco` DISABLE KEYS */;
INSERT INTO `despiece_accesorios_marco` VALUES (1,6,'1','t93',NULL,'Si'),(2,6,'1','parker',NULL,'Si'),(3,6,'1','T-131',NULL,'Si'),(4,6,'1','T-94',NULL,'Si'),(5,6,'1','T-91',NULL,'Si'),(6,6,'1','KIT DE ENGANCHE',NULL,'Si'),(7,6,'1','E66',NULL,'Si'),(8,6,'1','T87',NULL,'Si'),(9,7,'1','t93',NULL,'Si'),(10,7,'1','parker',NULL,'Si'),(11,7,'1','T-131',NULL,'Si'),(12,7,'1','T-94',NULL,'Si'),(13,7,'1','T-91',NULL,'Si'),(14,7,'1','KIT DE ENGANCHE',NULL,'Si'),(15,7,'1','E-66',NULL,'Si'),(16,7,'1','T-87',NULL,'Si'),(17,8,'1','T-131',NULL,'Si'),(18,8,'1','H61',NULL,'Si'),(19,8,'1','B-68',NULL,'Si'),(20,8,'1','T-87',NULL,'Si'),(21,8,'1','E-66',NULL,'Si'),(22,8,'1','e-69',NULL,'Si'),(23,13,'1','e-69',NULL,'Si'),(24,13,'1','T-96',NULL,'Si'),(25,13,'1','E-66',NULL,'Si'),(26,13,'1','CUÑA 16',NULL,'Si'),(27,13,'1','T-131',NULL,'Si'),(28,14,'1','e-69',NULL,'Si'),(29,14,'1','T-131',NULL,'Si'),(30,14,'1','H-62',NULL,'Si'),(31,14,'1','B-68',NULL,'Si'),(32,14,'1','E66',NULL,'Si'),(33,15,'1','e-69',NULL,'Si'),(34,15,'1','T-131',NULL,'Si'),(35,15,'1','H-62',NULL,'Si'),(36,15,'1','B-68',NULL,'Si'),(37,15,'1','E66',NULL,'Si'),(38,16,'1','e-69',NULL,'Si'),(39,16,'1','B-68',NULL,'Si'),(40,16,'1','E-66',NULL,'Si'),(41,16,'1','CUÑA 16',NULL,'Si');
/*!40000 ALTER TABLE `despiece_accesorios_marco` ENABLE KEYS */;
UNLOCK TABLES;

--
-- Table structure for table `despiece_perfiles_hojas`
--

DROP TABLE IF EXISTS `despiece_perfiles_hojas`;
/*!40101 SET @saved_cs_client     = @@character_set_client */;
/*!50503 SET character_set_client = utf8mb4 */;
CREATE TABLE `despiece_perfiles_hojas` (
  `Id` int NOT NULL,
  `Idhoja` int DEFAULT NULL,
  `Formuladecantidad` text,
  `Perfil` text,
  `Formuladeperfil` text,
  `Angulo` text,
  `Mo_especifica` int DEFAULT NULL,
  PRIMARY KEY (`Id`)
) ENGINE=InnoDB DEFAULT CHARSET=utf8mb3;
/*!40101 SET character_set_client = @saved_cs_client */;

--
-- Dumping data for table `despiece_perfiles_hojas`
--

LOCK TABLES `despiece_perfiles_hojas` WRITE;
/*!40000 ALTER TABLE `despiece_perfiles_hojas` DISABLE KEYS */;
INSERT INTO `despiece_perfiles_hojas` VALUES (11,8,'3','6035','Alto - 80','90',NULL),(12,8,'3','6034','Alto - 80','90',NULL),(13,8,'6','6049','(Ancho / 3)-24','90',NULL),(14,6,'2','6034','Alto - 80','90',NULL),(15,6,'4','6035','Alto - 80','90',NULL),(16,6,'6','6049','(Ancho / 3)-24','90',NULL),(21,10,'2','235','Ancho-39','90',NULL),(22,10,'2','235','alto-39','90',NULL),(23,10,'2','232','ancho-39','90',NULL),(24,10,'2','232','alto-39','90',NULL),(28,2,'2','6034','Alto - 80','90',NULL),(29,2,'2','6035','Alto - 80','90',NULL),(30,2,'4','6049','(Ancho / 2)-24','90',NULL),(31,3,'4','6034','Alto - 80','90',NULL),(32,3,'4','6035','Alto - 80','90',NULL),(33,3,'8','6049','(Ancho / 2)-24','90',NULL),(34,4,'2','235','Ancho-39','45',NULL),(35,4,'2','235','alto-39','45',NULL),(36,4,'2','232','ancho-39','45',NULL),(37,4,'2','232','alto-39','45',NULL);
/*!40000 ALTER TABLE `despiece_perfiles_hojas` ENABLE KEYS */;
UNLOCK TABLES;

--
-- Table structure for table `despiece_perfiles_marcos`
--

DROP TABLE IF EXISTS `despiece_perfiles_marcos`;
/*!40101 SET @saved_cs_client     = @@character_set_client */;
/*!50503 SET character_set_client = utf8mb4 */;
CREATE TABLE `despiece_perfiles_marcos` (
  `Id` int NOT NULL,
  `Idmarco` int DEFAULT NULL,
  `Formuladecantidad` longtext,
  `Perfil` longtext,
  `Formuladeperfil` longtext,
  `Angulo` longtext,
  `Mo_especifica` int DEFAULT NULL,
  PRIMARY KEY (`Id`)
) ENGINE=InnoDB DEFAULT CHARSET=utf8mb3;
/*!40101 SET character_set_client = @saved_cs_client */;

--
-- Dumping data for table `despiece_perfiles_marcos`
--

LOCK TABLES `despiece_perfiles_marcos` WRITE;
/*!40000 ALTER TABLE `despiece_perfiles_marcos` DISABLE KEYS */;
INSERT INTO `despiece_perfiles_marcos` VALUES (1,5,'1','6200','Alto - 0','900',NULL),(2,5,'1','6201','Ancho - 0','90',NULL),(13,9,'2','241','Alto - 0','90',NULL),(14,9,'2','240','Ancho - 42','90',NULL),(15,10,'2','241','Alto - 0','90',NULL),(16,10,'2','240','Ancho - 42','90',NULL),(17,11,'1','241','Alto - 0','90',NULL),(18,11,'1','240','Alto - 0','90',NULL),(19,6,'2','6200','Alto - 0','90',NULL),(20,6,'2','6201','Ancho - 42','90',NULL),(21,12,'2','216','Alto - 0','90',NULL),(22,12,'2','216','Ancho - 0','90',NULL),(27,7,'2','6200','Alto - 0','90',NULL),(28,7,'1','6201','Ancho - 42','90',NULL),(29,8,'2','216','Alto - 0','90',NULL),(30,8,'2','216','Ancho - 0','90',NULL),(31,13,'2','216','Alto - 0','90',NULL),(32,13,'2','216','Ancho - 0','90',NULL),(33,13,'2','233','Alto - 0','90',NULL),(34,13,'1','233','Ancho - 0','90',NULL);
/*!40000 ALTER TABLE `despiece_perfiles_marcos` ENABLE KEYS */;
UNLOCK TABLES;

--
-- Table structure for table `despiece_perfiles_vidrios`
--

DROP TABLE IF EXISTS `despiece_perfiles_vidrios`;
/*!40101 SET @saved_cs_client     = @@character_set_client */;
/*!50503 SET character_set_client = utf8mb4 */;
CREATE TABLE `despiece_perfiles_vidrios` (
  `Id` int NOT NULL AUTO_INCREMENT,
  `Idvidrio` varchar(255) DEFAULT NULL,
  `Formuladecantidad` text,
  `Perfil` text,
  `Formuladeperfil` text,
  `Angulo` text,
  `Mo_especifica` int DEFAULT NULL,
  PRIMARY KEY (`Id`)
) ENGINE=InnoDB DEFAULT CHARSET=utf8mb3;
/*!40101 SET character_set_client = @saved_cs_client */;

--
-- Dumping data for table `despiece_perfiles_vidrios`
--

LOCK TABLES `despiece_perfiles_vidrios` WRITE;
/*!40000 ALTER TABLE `despiece_perfiles_vidrios` DISABLE KEYS */;
/*!40000 ALTER TABLE `despiece_perfiles_vidrios` ENABLE KEYS */;
UNLOCK TABLES;

--
-- Table structure for table `django_admin_log`
--

DROP TABLE IF EXISTS `django_admin_log`;
/*!40101 SET @saved_cs_client     = @@character_set_client */;
/*!50503 SET character_set_client = utf8mb4 */;
CREATE TABLE `django_admin_log` (
  `id` int NOT NULL AUTO_INCREMENT,
  `action_time` datetime(6) NOT NULL,
  `object_id` longtext,
  `object_repr` varchar(200) NOT NULL,
  `action_flag` smallint unsigned NOT NULL,
  `change_message` longtext NOT NULL,
  `content_type_id` int DEFAULT NULL,
  `user_id` int NOT NULL,
  PRIMARY KEY (`id`),
  KEY `django_admin_log_content_type_id_c4bce8eb_fk_django_co` (`content_type_id`),
  KEY `django_admin_log_user_id_c564eba6_fk_auth_user_id` (`user_id`),
  CONSTRAINT `django_admin_log_content_type_id_c4bce8eb_fk_django_co` FOREIGN KEY (`content_type_id`) REFERENCES `django_content_type` (`id`),
  CONSTRAINT `django_admin_log_user_id_c564eba6_fk_auth_user_id` FOREIGN KEY (`user_id`) REFERENCES `auth_user` (`id`),
  CONSTRAINT `django_admin_log_chk_1` CHECK ((`action_flag` >= 0))
) ENGINE=InnoDB AUTO_INCREMENT=15 DEFAULT CHARSET=utf8mb3;
/*!40101 SET character_set_client = @saved_cs_client */;

--
-- Dumping data for table `django_admin_log`
--

LOCK TABLES `django_admin_log` WRITE;
/*!40000 ALTER TABLE `django_admin_log` DISABLE KEYS */;
INSERT INTO `django_admin_log` VALUES (1,'2026-01-15 14:32:44.835840','1','Proveedores',1,'[{\"added\": {}}]',15,2),(2,'2026-01-15 14:34:08.855188','1','Proveedores',2,'[{\"changed\": {\"fields\": [\"Descripcion\"]}}]',15,2),(3,'2026-01-15 15:07:38.199987','5','Pedido 1173 - DANIEL MONTIEL',3,'',11,2),(4,'2026-01-15 15:07:38.205394','4','Pedido 1197 - VIVIANA P',3,'',11,2),(5,'2026-01-15 15:07:38.209046','3','Pedido 1196 - PAOLA LORENA BARRA SANTAMARIA',3,'',11,2),(6,'2026-01-15 15:07:38.212439','2','Pedido 1195 - VALENTINA CIARLIERO',3,'',11,2),(7,'2026-01-15 15:07:38.216945','1','Pedido 1194 - MARA FINCIC',3,'',11,2),(8,'2026-01-16 18:45:09.538774','2','Compra 01 - LUXE PERFILES (Proveedores)',3,'',14,2),(9,'2026-01-16 19:52:20.191699','6','DANIEL MONTIEL',3,'',12,2),(10,'2026-01-16 19:52:20.196967','5','VIVIANA P',3,'',12,2),(11,'2026-01-16 19:52:20.205503','4','PAOLA LORENA BARRA SANTAMARIA',3,'',12,2),(12,'2026-01-16 19:52:20.212033','3','VALENTINA CIARLIERO',3,'',12,2),(13,'2026-01-16 19:52:20.216525','2','MARA FINCIC',3,'',12,2),(14,'2026-01-16 19:52:20.221098','1','Test Test',3,'',12,2);
/*!40000 ALTER TABLE `django_admin_log` ENABLE KEYS */;
UNLOCK TABLES;

--
-- Table structure for table `django_content_type`
--

DROP TABLE IF EXISTS `django_content_type`;
/*!40101 SET @saved_cs_client     = @@character_set_client */;
/*!50503 SET character_set_client = utf8mb4 */;
CREATE TABLE `django_content_type` (
  `id` int NOT NULL AUTO_INCREMENT,
  `app_label` varchar(100) NOT NULL,
  `model` varchar(100) NOT NULL,
  PRIMARY KEY (`id`),
  UNIQUE KEY `django_content_type_app_label_model_76bd3d3b_uniq` (`app_label`,`model`)
) ENGINE=InnoDB AUTO_INCREMENT=80 DEFAULT CHARSET=utf8mb3;
/*!40101 SET character_set_client = @saved_cs_client */;

--
-- Dumping data for table `django_content_type`
--

LOCK TABLES `django_content_type` WRITE;
/*!40000 ALTER TABLE `django_content_type` DISABLE KEYS */;
INSERT INTO `django_content_type` VALUES (1,'admin','logentry'),(3,'auth','group'),(2,'auth','permission'),(4,'auth','user'),(12,'comercial','cliente'),(14,'comercial','compra'),(13,'comercial','cuenta'),(79,'comercial','pagocompra'),(20,'comercial','pagoventa'),(29,'comercial','percepcion'),(28,'comercial','retencion'),(21,'comercial','subtipocuenta'),(15,'comercial','tipocuenta'),(22,'comercial','tipogasto'),(11,'comercial','venta'),(74,'configuracion','configuraciongeneral'),(5,'contenttypes','contenttype'),(10,'core','provincia'),(16,'facturacion','factura'),(19,'facturacion','facturaitem'),(18,'facturacion','libroivaventas'),(17,'facturacion','puntoventa'),(68,'pedidos','itempedidotelegram'),(69,'pedidos','pedidotelegram'),(78,'plantillas','accesorioopcional'),(31,'plantillas','calculoejecucion'),(32,'plantillas','campoplantilla'),(76,'plantillas','formulaopcional'),(75,'plantillas','opcionalfabrica'),(33,'plantillas','pedidofabrica'),(35,'plantillas','pedidofabricafila'),(34,'plantillas','pedidofabricaitem'),(30,'plantillas','productoplantilla'),(77,'plantillas','relacionproductoopcional'),(71,'presupuestos','comentariopresupuesto'),(73,'presupuestos','itempresupuesto'),(72,'presupuestos','presupuesto'),(48,'pricing','accesorio'),(42,'pricing','contravidrio'),(43,'pricing','contravidrioexterior'),(45,'pricing','cruce'),(61,'pricing','despieceaccesorioscontravidrio'),(62,'pricing','despieceaccesorioscontravidrioexterior'),(63,'pricing','despieceaccesorioscruces'),(58,'pricing','despieceaccesorioshoja'),(59,'pricing','despieceaccesoriosinterior'),(57,'pricing','despieceaccesoriosmarco'),(60,'pricing','despieceaccesoriosmosquitero'),(64,'pricing','despieceaccesoriosvidriorepartido'),(65,'pricing','despiececruces'),(66,'pricing','despieceinterior'),(67,'pricing','despieceinteriormosquitero'),(54,'pricing','despieceperfilescontravidrio'),(55,'pricing','despieceperfilescontravidrioexterior'),(52,'pricing','despieceperfileshoja'),(51,'pricing','despieceperfilesmarco'),(53,'pricing','despieceperfilesmosquitero'),(70,'pricing','despieceperfilesvidrio'),(56,'pricing','despieceperfilesvidriorepartido'),(36,'pricing','extrusora'),(40,'pricing','hoja'),(41,'pricing','interior'),(37,'pricing','linea'),(39,'pricing','marco'),(44,'pricing','mosquitero'),(47,'pricing','perfil'),(38,'pricing','producto'),(50,'pricing','tratamiento'),(49,'pricing','vidrio'),(46,'pricing','vidriorepartido'),(7,'productos','cotizacion'),(9,'productos','cotizacionitem'),(8,'productos','producto'),(25,'security','auditlog'),(27,'security','backup'),(24,'security','ipblacklist'),(23,'security','loginattempt'),(26,'security','securitysettings'),(6,'sessions','session');
/*!40000 ALTER TABLE `django_content_type` ENABLE KEYS */;
UNLOCK TABLES;

--
-- Table structure for table `django_migrations`
--

DROP TABLE IF EXISTS `django_migrations`;
/*!40101 SET @saved_cs_client     = @@character_set_client */;
/*!50503 SET character_set_client = utf8mb4 */;
CREATE TABLE `django_migrations` (
  `id` bigint NOT NULL AUTO_INCREMENT,
  `app` varchar(255) NOT NULL,
  `name` varchar(255) NOT NULL,
  `applied` datetime(6) NOT NULL,
  PRIMARY KEY (`id`)
) ENGINE=InnoDB AUTO_INCREMENT=86 DEFAULT CHARSET=utf8mb3;
/*!40101 SET character_set_client = @saved_cs_client */;

--
-- Dumping data for table `django_migrations`
--

LOCK TABLES `django_migrations` WRITE;
/*!40000 ALTER TABLE `django_migrations` DISABLE KEYS */;
INSERT INTO `django_migrations` VALUES (1,'contenttypes','0001_initial','2025-11-18 12:32:23.658977'),(2,'auth','0001_initial','2025-11-18 12:32:25.415501'),(3,'admin','0001_initial','2025-11-18 12:32:25.804443'),(4,'admin','0002_logentry_remove_auto_add','2025-11-18 12:32:25.824530'),(5,'admin','0003_logentry_add_action_flag_choices','2025-11-18 12:32:25.842309'),(6,'contenttypes','0002_remove_content_type_name','2025-11-18 12:32:26.476402'),(7,'auth','0002_alter_permission_name_max_length','2025-11-18 12:32:26.668374'),(8,'auth','0003_alter_user_email_max_length','2025-11-18 12:32:26.810723'),(9,'auth','0004_alter_user_username_opts','2025-11-18 12:32:26.825385'),(10,'auth','0005_alter_user_last_login_null','2025-11-18 12:32:26.971368'),(11,'auth','0006_require_contenttypes_0002','2025-11-18 12:32:26.978516'),(12,'auth','0007_alter_validators_add_error_messages','2025-11-18 12:32:26.995851'),(13,'auth','0008_alter_user_username_max_length','2025-11-18 12:32:27.121840'),(14,'auth','0009_alter_user_last_name_max_length','2025-11-18 12:32:27.349679'),(15,'auth','0010_alter_group_name_max_length','2025-11-18 12:32:27.549115'),(16,'auth','0011_update_proxy_permissions','2025-11-18 12:32:27.585173'),(17,'auth','0012_alter_user_first_name_max_length','2025-11-18 12:32:27.735795'),(18,'productos','0001_initial','2025-11-18 12:32:28.203934'),(19,'productos','0002_alter_producto_categoria','2025-11-18 12:32:28.217118'),(20,'sessions','0001_initial','2025-11-18 12:32:28.314987'),(21,'productos','0003_add_formula_field','2025-11-18 21:50:48.101495'),(22,'comercial','0001_initial','2025-11-27 18:24:27.869886'),(23,'core','0001_initial','2025-11-27 18:24:27.913981'),(24,'comercial','0002_remove_venta_monto_cobrado_cliente_condicion_iva_and_more','2026-01-28 17:13:35.408254'),(25,'productos','0004_producto_alicuota_iva','2026-01-28 17:13:35.875622'),(26,'facturacion','0001_initial','2026-01-28 17:13:37.748606'),(27,'productos','0005_cotizacion_cliente_cotizacionitem_cantidad','2026-01-28 17:13:38.485261'),(28,'productos','0006_cotizacion_estado','2026-01-28 17:13:38.800810'),(29,'comercial','0003_pagoventa','2026-01-30 16:54:55.411526'),(30,'comercial','0004_cliente_deleted_at_compra_deleted_at_and_more','2026-01-30 16:54:56.311019'),(31,'comercial','0005_tipocuenta_deleted_at_subtipocuenta','2026-01-30 16:54:56.821207'),(34,'productos','0007_cotizacion_deleted_at','2026-01-30 16:56:40.310957'),(35,'comercial','0006_tipogasto_delete_subtipocuenta_compra_tipo_gasto','2026-01-30 17:21:30.307811'),(36,'comercial','0008_rename_subtipocuenta_to_tipogasto','2026-01-30 17:21:30.864061'),(37,'comercial','0007_compra_tipo_gasto','2026-01-30 17:23:00.544595'),(38,'comercial','0009_merge_20260130_1421','2026-01-30 17:23:01.337216'),(39,'comercial','0010_alter_tipogasto_table','2026-01-30 17:28:47.520730'),(40,'comercial','0009_pagoventa_numero_factura_alter_tipogasto_table','2026-02-03 11:30:50.841408'),(41,'comercial','0010_venta_monto_retenciones_venta_tiene_retenciones','2026-02-03 11:30:51.139886'),(42,'comercial','0011_merge_20260203_0830','2026-02-03 11:30:51.144272'),(43,'productos','0008_delete_cotizaciones','2026-02-03 11:30:51.294958'),(44,'comercial','0011_retencion_percepcion','2026-02-17 15:29:34.998987'),(45,'comercial','0012_merge_20260217_1229','2026-02-17 15:29:35.003803'),(46,'security','0001_initial','2026-02-17 15:29:35.966600'),(47,'security','0002_backup','2026-02-17 15:29:36.276609'),(48,'comercial','0013_pagoventa_con_factura','2026-02-28 14:52:14.995880'),(49,'plantillas','0001_initial','2026-03-03 15:32:05.144576'),(50,'plantillas','0002_pedidofabrica_pedidofabricaitem','2026-03-03 15:32:05.831238'),(51,'plantillas','0003_remove_pedidofabricaitem_cantidad_and_more','2026-03-03 15:32:07.506313'),(52,'pricing','0001_initial','2026-03-03 15:53:39.351487'),(53,'pricing','0002_create_pricing_tables','2026-03-03 15:53:39.936786'),(54,'comercial','0012_pagoventa_con_factura','2026-03-06 15:15:28.693587'),(55,'comercial','0014_merge_20260306_1213','2026-03-06 15:15:30.236301'),(56,'pedidos','0001_initial','2026-03-06 15:15:31.060699'),(57,'pricing','0003_add_bloqueado_to_legacy_tables','2026-03-06 15:15:32.386037'),(58,'pricing','0004_alter_despieceperfilesmarco_options','2026-03-06 18:37:35.741987'),(59,'pricing','0005_alter_accesorio_options_alter_contravidrio_options_and_more','2026-03-06 18:40:16.021974'),(60,'pricing','0006_alter_accesorio_options_alter_contravidrio_options_and_more','2026-03-06 18:40:26.453263'),(61,'comercial','0013_venta_notas_internas','2026-03-07 12:39:13.357244'),(62,'comercial','0015_merge_20260307_0939','2026-03-07 12:39:13.360429'),(63,'pricing','0005_alter_despieceperfilesmarco_options','2026-03-07 12:39:13.367726'),(64,'pricing','0007_merge_20260307_0939','2026-03-07 12:39:13.373473'),(65,'pricing','0008_despieceperfilesvidrio','2026-03-08 11:57:43.883313'),(66,'presupuestos','0001_initial','2026-03-11 04:00:23.053089'),(67,'configuracion','0001_initial','2026-03-12 15:12:02.852242'),(68,'pricing','0006_add_horas_hombre','2026-03-12 15:15:01.935055'),(70,'plantillas','0004_opcionalfabrica_formulaopcional','2026-03-12 17:27:12.709865'),(71,'plantillas','0005_remove_precio_opcionalfabrica','2026-03-12 17:32:59.655314'),(72,'configuracion','0002_alter_configuraciongeneral_clave','2026-03-12 17:39:27.782283'),(73,'plantillas','0006_opcionalfabrica_precio','2026-03-12 17:39:29.050709'),(74,'plantillas','0006_formulaopcional_tipo_relacionador','2026-03-12 18:36:10.385177'),(75,'plantillas','0007_merge_20260312_1536','2026-03-12 18:36:10.395792'),(76,'plantillas','0007_relacionproductoopcional','2026-03-12 19:28:15.893781'),(77,'plantillas','0008_opcionalfabrica_precio_m2','2026-03-12 19:28:15.978505'),(78,'plantillas','0009_merge_20260312_1628','2026-03-12 19:28:15.983349'),(79,'plantillas','0009_opcionalfabrica_tipo_accesorioopcional','2026-03-12 19:39:43.723921'),(80,'plantillas','0010_merge_20260312_1639','2026-03-12 19:39:43.731207'),(81,'pricing','0009_merge_20260312_1211','2026-03-14 22:38:08.505695'),(82,'pricing','0007_vidrio_hoja','2026-03-14 22:39:05.229412'),(83,'pricing','0010_merge_0007_vidrio_hoja_0009_merge_20260312_1211','2026-03-14 22:39:05.234233'),(84,'comercial','0014_rename_importe_abonado_compra_valor_total_and_more','2026-03-29 11:26:37.311980'),(85,'comercial','0016_merge_20260329_0826','2026-03-29 11:26:37.321249');
/*!40000 ALTER TABLE `django_migrations` ENABLE KEYS */;
UNLOCK TABLES;

--
-- Table structure for table `django_session`
--

DROP TABLE IF EXISTS `django_session`;
/*!40101 SET @saved_cs_client     = @@character_set_client */;
/*!50503 SET character_set_client = utf8mb4 */;
CREATE TABLE `django_session` (
  `session_key` varchar(40) NOT NULL,
  `session_data` longtext NOT NULL,
  `expire_date` datetime(6) NOT NULL,
  PRIMARY KEY (`session_key`),
  KEY `django_session_expire_date_a5c62663` (`expire_date`)
) ENGINE=InnoDB DEFAULT CHARSET=utf8mb3;
/*!40101 SET character_set_client = @saved_cs_client */;

--
-- Dumping data for table `django_session`
--

LOCK TABLES `django_session` WRITE;
/*!40000 ALTER TABLE `django_session` DISABLE KEYS */;
INSERT INTO `django_session` VALUES ('04v02989thabkapsv6q88khy5ikqjg1t','.eJxVjs0KwjAQhN8lV23YJCQmPXr35r3s5sdGSwtNKoj47rbQg96G-WaGebMOl9p3S4lzlwNrmWTHX4_QP-K4gXDH8TZxP411zsS3CN9p4ZcpxOG8Z_8Geiz91hbGuiCUE-iVcjZ4Ut6koEET-JMDAVHLFRBJQW7VSUjUKSEFR9auowOW2qGv-Znra3sK0jSgGtBXEC24VksOzhoBB4AWgH2-dZtE3w:1vxxDs:OpOkLfnCZ9_H-0oUBiRjdEo7oHf8SoO4uUbb9LMwxRk','2026-03-05 02:09:52.139993'),('0nio7yw95l3rnqpxi8bjdj63v28627i6','.eJxVjs0KwjAQhN8lVzXsJm1MevTuzXvZzY-NlhbaVBDx3W3Bg8Iclvlmh3mJlpbStcscpzYH0Qgl9r8ek7_HYQPhRsN1lH4cypRZbhH5pbM8jyH2p2_2r6Cjudu-0VgXUDskr7WzwbP2JoUaagZ_dIAQa7UCZoXs1juhojol4uDY2rW0p7m05Et-5PLcloIyB9CrLmga5ZoKZYVoFOwAGgDx_gB1e0TZ:1vxScv:VC4KtMdVdzDdkFqarI6ABYrT_z4o33A3seNPrenuB9U','2026-03-03 17:29:41.632181'),('0nve4f590eyewtu7s7ob0gaqaz1vbj16','.eJxVjsEOwiAQRP-Fq5YsULD06N2bd7IL1FabNinUxBj_3ZL0oLfZebOTeTOHa-7dmuLihsBaJtnx1yP0jzgVEO443Wbu5ykvA_ES4TtN_DKHOJ737F9Bj6kv38I0NghlBXqlbBM8KW-6oEET-JMFAVHLDRBJQXbTnZCouw4pWGqarXTElB36PDyH_CpLQZoKVAX2CtCCaesTl0Lp2hzKDezzBXWwROA:1vzO91:h9op3L8JShTQjdhFL6tIfm_94tTs5KcZ30tW0hJjSr8','2026-03-09 01:06:47.480240'),('0t2tpzoolmn3o1m5p4o5cghbd3p41a21','.eJxVjMsOgjAURP-lW6W5fUgLS_fu3De3tFeqBBIoJsb475aEhSazmjlz3szhmnu3LnF2KbCWndjxt_PYPeK4DeGO423i3TTmOXm-IXxfF36ZQhzOO_sn6HHpy9sQkm2UQX_ySpcY7420UZY2hoANNSoapQmsFlR70AY8BkGGQBCJIh1wyQ67nJ4pv4pSgqwrUJWsr0K1oFqpubIgLRwAWgD2-QKtUUVP:1w5kMu:Hq0yYx88JaoEs3BC_XDfc2CWWCbwYz4gCzMBIWKw3R4','2026-03-26 14:03:24.455881'),('1cxffdjjzr59un5trsblty3r355mkdez','.eJxVjDsOwjAQBe_iGlle4k9CSc8ZrF3vggPIluKkQtwdLKWA9s3Me6mI25rj1mSJM6uTAnX43QjTQ0oHfMdyqzrVsi4z6a7onTZ9qSzP8-7-HWRsudeMY7p6a5OIAwg-GfLkGMVMJGQHMsENZjKQwkhfC-gI3hFZ9iRuUO8PBZI4eA:1vvloo:EhevgU3xjlKFQGg6rPxj2NI2e7iWcrxZUaBQj9Svtxo','2026-02-27 01:34:58.964395'),('1oozzky7809js1no75cf1lohtkem0816','.eJxVjsEOgjAQRP-lV6XZbW2hPXr35r3ZbUFQAgkUE2P8dyHhoLfJvJnJvEWgJbdhmespdEl4ocTx12OKj3rYQLrTcBtlHIc8dSy3iNzpLC9jqvvznv0baGlutzbayiXUDilq7aoUWUfbJAOGIZYOEGqjVsCskN2qG1RkmoY4Oa6qdbSnOQeKuXt2-bU9BWUL0AWYq9IerT-hRFSoywOABxCfL3UpRNY:1vyHvt:EcCyyRt5pYrmgqajkFPDPcH8K1nFV52lnSythv7H6WM','2026-03-06 00:16:41.136088'),('2242xufp2xhb9c5d373cspdchva9cla8','.eJxtkMFqwzAMht_F17VBdmI3zXH33XYbw0i20mQzdomdwSh99zlbGR0MfNL3_x-SL8LiWia7Zl7s7MUgpNjdzwjdO8cN-DeMp9S4FMsyU7NFmhvNzVPyHB5v2T-CCfO0tT32bjRd55i1lAfjgAxpjwxHYupagoNu4QjSHXqqKUlKGk3UeUOs2yoNmItFV-aPuXxWpQJl9tDW96xgkP0gTdN3ve7MA8AAUCsLn9NS2J5qNWU7zqEsKYvhIkZ2E1rP2fOvSu1hu_4H1b0L3iHVV-RWjgW_PyquIexEmc_J_j8d66rrUhUvggJGl8Tr9foFCgd18Q:1vxWC8:gWm6uKYBn8h9Bf7jJNx0Qs1tcGNx0Sk5zGUXr6ivTPg','2026-03-03 21:18:16.884934'),('2e4ifqv16j6s5ces2ymntxkokl9uihaw','.eJxVjMsOgjAURP-lW6W5fUChS_fu3De3tFdQAgktJsb475bEhSazmjlzXszhlge3pbi6MTDLanb87Tz29zjvQ7jhfF14v8x5HT3fEf5dEz8vIU6nL_snGDAN5W0Iqe2UQV97pUuM90a2UZY2hoAddSoapQlaLajxoA14DIIMgSASRTphyg77PD7G_CxKCbKpQFWyvghtQVgwvAEJWh0ALAB7fwCs7UVI:1w5OnD:ad8PajFHMBEvETte0bTmGJFOYCDsUYpLLuW_ITYgavI','2026-03-25 15:01:07.712337'),('2nbdn9cyqosoxtt6840yx6w78lgmrihv','.eJxVjsEOgjAQRP-lV6XZbSm2HL17897stiAogQSKiTH-uzThoLfJvJnJvIWnNXV-XZrZ91HUQonjr8cUHs2YQbzTeJtkmMY09yxzRO50kZcpNsN5z_4NdLR0uY2VdRG1QwpaOxsD61C10YBhCCcHCI1RG2BWyG7TLSoybUscHVu7jQ60JE8h9c8-vfJTUFUBukC8YlkbVWsnoVSg7QGgBhCfL3VoRNw:1w0KvP:W1UM_AZanGzx1sNvgWxYOnEtbLcA8_CuTg9z2K-SrW0','2026-03-11 15:52:39.177492'),('3o6p99ui7k11r0xchdqb8qaycf2fpyxf','.eJxdkEFuwyAQRe_Cto0FuHaNl9l31z0aYKhpCViAo1ZR7l7sJFXSHXrz3xczJyJhKZNcMibpDBkJJ8_3TIH-wrAOzCeEj9joGEpyqlkjzXWam7do0O-v2YeCCfK02qwfhGGtYKDbVgxGq1b31nS0U1S_CsoodrwOlOJMifq2jENnLSgj1DDUUg-5SNDFHV35WX9Keb-jfMfEO3sZaT8y1vCW9qJ7onSktCoJ55gKSut8STGT8USKm6OMMybQLoZac8RQINewRT2BNJgNkjEs3t9QXaHADW2-XlZpO9iFau8qwTuC1TFRbu0Prq0rLOmPHeo9ozy48A_A9wWcz7_A9Y10:1vt4fT:9Y_rkCrfviXA10oqPKIEL32L0m59Gfv-QTQsJppUrDQ','2026-02-19 15:06:11.292011'),('3qnaanb2sma5cvibobaydgki47qjrihb','.eJxVjjEPwiAUhP8Lq5Y8QFpgdHdzJ-8BtWjTJi01Mcb_bpt00O1y393l3szjUjq_zGnyOTLHJDv-eoThkYYNxDsOt5GHcShTJr5F-E5nfhlj6s979m-gw7nb2qI2NgplBQalrImBVKjbqEEThMaCgKTlCoikILvqVkjUbYsULRmzjvY4F4-h5Gcur-0pyLoCVUl1FdZJ7WTDGxAnaA4ADoB9vnYVROM:1w4ktz:vCdFXnC5PsQtoy-lSaaSXcHIf_S7MvOcnxdgTT4YT0w','2026-03-23 20:25:27.866481'),('3z1mqwnvwbtm9hp8xi0z6kaibfhdmxtf','.eJxVjMEOwiAQRP-FsyEshAoevfsNZJcFqRpISnsy_rsl6UFvk3lv5i0CbmsJW09LmFlchBan344wPlMdgB9Y703GVtdlJjkUedAub43T63q4fwcFexlrmJxnMB4wGuMdRzJxymyVJRXPXoFKVu-ASAP5PWfQaHNGYk_Oic8X2v84AQ:1viF1g:2pCjyZVzcY82h_HpwBa7n9YfYfabpOkFQyilfPLafVs','2026-02-03 16:56:20.793182'),('3zz9thyy3n9vkzsg01jt3sf4lkw7yhkx','.eJxVjD0PgjAURf9LV6V5fS3QMrq7uTevX4ISSKCYGON_tyQOOtzl3nPPi1nacm-3NS52CKxjih1_O0f-Hqd9CDearjP385SXwfEd4d915ec5xPH0Zf8EPa19eSeh0Td1CRLWQoogkoFWOaOSi0KR0SkkZbR2GmqUKAggNuhdAKdiW6QjrdmSz8NjyM-iRMCmAlmhvAjdSexUy7UBaMwBoANg7w9IhURW:1w4k52:fPH7Nh7X81H2AyraV8QgtPJSLq3oiFXGkwm-MUPhSdY','2026-03-23 19:32:48.007168'),('416jn4uucdejd0rnwjdh3v5li5r8l0ly','.eJxVjjEPwiAUhP8Lq5Y8oCB0dHdzb96DYtGmTVpqYoz_3ZJ00O1y393l3qzFNfftunRzmwJrmGTHX4_QP7qxgHDH8TZxP415TsRLhO904ZcpdMN5z_4N9Lj0pS2MdUEoJ9Ar5WzwpLyJQYMm8CcHAjotN0AkBblNRyFRx4gUHFm7jQ645BZ9Ts-UX-UpSFOBquB0FaYB19TAQTlt6wNAA8A-X3Y-ROk:1vyuDk:VWcPH1D6uwpnXg_SL0lZADLdlThIPDJ_u8faVGloQnA','2026-03-07 17:09:40.060891'),('47pe3jx945b5iiikryxdas33sm3xjb8w','.eJxVjrEOwjAQQ_8lKzS6S0hoMrKzsUd3SUoLVSu1KRJC_DutxACb5WdbfolAS2nDMucpdEl4ocT-12OK9zxsIN1ouI4yjkOZOpZbRH7pLM9jyv3pm_0baGlutzba2iXUDilq7eoUWUfbJAOGIR4dIGSjVsCskN2qG1RkmoY4Oa7rdbSnuQSKpXt05bk9BWUrUJUyF7TeHLw2Ep2yaHYAHkC8P3Y-ROc:1vvI9j:a1Fm9RV9NgMD1FyF_8rvdzD9N14A9CiHHZ7OpmrSm2k','2026-02-25 17:54:35.296786'),('4qilxztjjsgn498aonabjuwvm3y3p7ui','.eJxVjsEOgjAQRP-lV6XZbi3QHr17897stkVQAgkUE2P8dyHhoLfJvJnJvIWnJbd-mdPkuyicQHH89ZjCIw0biHcabqMM45CnjuUWkTud5WWMqT_v2b-BluZ2a6uytlFpqyhobesYWIeyiQYMQ6gsKEgGV8CMiu2qG4VkmoY4Wq7rdbSnOXsKuXt2-bU9BSwL0AVUV0SHyqmTNBUarQ8ADkB8vnWFRN0:1vz01K:Q5slDhKOhZtjTb7GuuYwLngchcPoZfdMf7cAEPPOwu0','2026-03-07 23:21:14.871099'),('51hhvgyrc2v1271iq42qrbvpbgbks5kg','.eJxVjMEOwiAQRP-FsyEshAoevfsNZJcFqRpISnsy_rsl6UFvk3lv5i0CbmsJW09LmFlchBan344wPlMdgB9Y703GVtdlJjkUedAub43T63q4fwcFexlrmJxnMB4wGuMdRzJxymyVJRXPXoFKVu-ASAP5PWfQaHNGYk_Oic8X2v84AQ:1vRVMk:lMh52XaGeT9yxhXuNSbY3Pa_rjCzV3C4VW79tYJ3Cx4','2025-12-19 12:56:54.998496'),('5b5hytvz2cjdal5mks9nsnco44kuc6cz','.eJxVjMsOgjAURP-lW6W5fUAfS_fu3JNb2isogQSKiTH-uyVxocmsZs6cF2txy327rWlph8g8q9nxtwvY3dO0D_GG03Xm3TzlZQh8R_h3Xfl5jmk8fdk_QY9rX96GkKxTBkMdlC4xIRhpkyxtihEdOZWM0gRWC2oCaAMBoyBDIIhEkY645ha7PDyG_CxKCbKpQFWyuQjtofHacXC2tuIA4AHY-wOuf0Vk:1w5lMH:XDvo1KR6qscMD_GUv3kqBXbPQgovxDVfSvHZcTqoj4o','2026-03-26 15:06:49.443406'),('5hbspzle6uccoafe7d4m8m90jvq0mzwt','.eJxVjsEOgjAQRP-lV6XZbmlte_TuzTvZbUFQAgkUE2P8dyHhoLfJvJnJvEVFS26rZa6nqksiCBTHX48pPuphA-lOw22UcRzy1LHcInKns7yMqe7Pe_ZvoKW53drKOp-U9oqi1t6lyDraJhkwDPHkQUFtcAXMqNivulFIpmmIk2fn1tGe5lxRzN2zy6_tKaAtAAvUV2VDqQKepDVQojsABADx-QJ110Tj:1vuYzw:bhHmFAP5qDu-6obJeaIV1PcNmTNCQ7rgzIqeWClbm2k','2026-02-23 17:41:28.235641'),('5rc68y2t946v7yiu2di4690gkq2oodjs','.eJxVjE0PgjAQRP9Lr0qz_cAFjt69eW-2tCsogQSKiTH-d0vCQZM5zbx5b-FoTZ1blzi7PohGlOL423lqH3HchnCn8TbJdhrT3Hu5IXJfF3mZQhzOO_sn6Gjp8huZuKoNki-9sTnoPeoq6tzGEKjm2kQ0lqGyik8eLIKnoBgZFLPK0oGW5KhN_bNPr6zUoE8FmELBVekGdKONRKgMqANAAyA-X6xcRUM:1vzvn6:lA9wOMf_grRtgMpgkHI8rYOOHEtbA3wJ48SJQRxdE2A','2026-03-10 13:02:24.152764'),('5y48hphik8j4gj46uasyb8ittgwvktcw','.eJxVjMEOgjAQRP-lV6XZpeBSjt69eSdb2hWUQALFxBj_3ZJw0GROM2_eWzW8xq5ZlzA3vVe1KtXxt3PcPsK4Df7O423S7TTGuXd6Q_S-Lvoy-TCcd_ZP0PHSpTcJS2UNsSudKVLIOcqrkKc2eM9WrAlkCoGqQDk5KAgcexQSQBFM0oGX2HAb-2cfX0mZQ37KwGQIV6xqMDVaXSIh2QNADaA-X62fRVo:1w01QN:pikmj1V9UPavtvl0t7lawcNdHypls-2QiiX6oFpPt-8','2026-03-10 19:03:19.561786'),('60yp5pxzrxmy3b4zxh3iuajmg9b9ml1p','.eJxVjrEOwjAQQ_8lKzS6S0hIMrKzsUd3SUsLVSu1KRJC_DutxACb5WdbfolIS2njMtdT7LIIQon9r8eU7vWwgXyj4TrKNA5l6lhuEfmlszyPue5P3-zfQEtzu7XROp9Re6SktXc5sU62yQYMQzp6QKiNWgGzQvarblCRaRri7Nm5dbSnuURKpXt05bk9BWUrUBW6C5pwsAFBOmcM6B1AABDvD3ZLROc:1vsjkh:wC0ta5ItE5zhSp3qxPx6X3ah-z9EXJiSUX-0i1Gg3Vg','2026-02-18 16:46:11.071291'),('66f7opqbn0jjlttehwcdqyewybnevcwh','.eJxVkE1PxCAYhP8LV3cbPqRbOHr35s0Y8vJlWQk0QDfRzf53qXYTvZGZeSbzckUK1jartbqigkUSUXT4q2kwHy5thj1Des-DyamVoIctMuxuHZ6zdfFpz_4rmKHOG03GSVjCBAHDmJis0cyM3nLMNTYngQl2nHZDa0q06G9PKHDvQVuhp6mXRqhNgWnhEtrnthTT8YjZkbIX8igpl3wc2MROjDxgLDHuSHFLLs0pH2IruSJ5Rd6ZGZR11Tok0xrjYZf60AZ3ycTgUge3L_lVCnzlpGo2AeJdc52wWV16tJOvaOnX_3Do7YBaWLLyfe9a9trb7Rt-0nnu:1w4gE8:Y7D7jPUdX3Vp7EJDgf-O7IkaZ5PEKRzZwXiSz5dLHsA','2026-03-23 15:25:56.473064'),('6b83gdct61kd1fzhvz5azs6hi1ytna5v','.eJxVjLsOgjAUht-lq9KcnrZYGN3d3MnpTVACCS0mxvjuloRBh3_4b9-bdbTmvltTWLrBs5YpdvzNLLlHmLbC32m6zdzNU14Gy7cJ39vEL7MP43nf_gF6Sn15R2HQ1boICbWQwovYwEnZRkUbhKLGRB9VY4w1oFGiIIBQo7MerAqnAh0p5Y5cHp5DfhUkAtYVYIXyitAKaEFzpaVEeYBigH2-RplEOA:1vucFp:cBfOaPoq9zCJRlzAye5C_8W7vD_NN07L8xuW0dcFwCY','2026-02-23 21:10:05.562072'),('6tj1cnyd1423d9m4vkilanhtwifoixsa','.eJxVjMEOgjAQRP-lV6XZtkCBo3dv3ptd2pUqgQSKiTH-uyXxoMmcZt68l3C4pcFta1hc9KITlTj-doT9PUz74G84XWfZz1NaIskdkd91lefZh_H0Zf8EA65DfltGblpjkSoyZY4lsroJOrfBe2y5NcGakqEpFdcEpQVCr9gyKGaVpSOuyWGf4iOmZ1Zq0HUBptDVRdUd6M6ANKbVtjoAdADi_QGthkVV:1w5Qgg:WDHbtgGv3BqdsT1U2f6eXVldfesM0eurQkE92fW9JOI','2026-03-25 17:02:30.487620'),('6x05ptqcugxpo5kj2y971ep2tsqpo8p8','.eJxVjMEOgjAQRP-lV6XZbYuFHr178062tCsogQSKiTH-uyXhoMmcZt68t2hoTV2zLnFu-iCcKMXxt_PUPuK4DeFO422S7TSmufdyQ-S-LvIyhTicd_ZP0NHS5bdl4qrWlnzptcmx3ltVRZXbGALVXOtotWGoDPLJg7HgKSBbBmTGLB1oSQ21qX_26ZWVCtSpAF2guaJyqJ0qpS0RoToAOADx-QKtHUVO:1w1Nrx:TR-6AEqOMIIdhqvpFUtExnij2-cSf7NqRoggCQi8kmQ','2026-03-14 13:13:25.946581'),('7jzdrpf4uxtx6e1jgx6yq8wfp3ol3zn7','.eJxVjMEOwiAQRP-FsyEshAoevfsNZJcFqRpISnsy_rsl6UFvk3lv5i0CbmsJW09LmFlchBan344wPlMdgB9Y703GVtdlJjkUedAub43T63q4fwcFexlrmJxnMB4wGuMdRzJxymyVJRXPXoFKVu-ASAP5PWfQaHNGYk_Oic8X2v84AQ:1vlW9H:VujHSkg59NO0NgtBZOrz-W8KobzbfPPFkW8GxHpvbiI','2026-02-12 17:49:43.585043'),('7kdukcawiqlvorwlr3rqz0al44gpn3fj','.eJxVjsEOgjAQRP-lV6XZbS20PXr35r3ZbUFQAgkUE2P8dyHhoLfJvJnJvEWgJbdhmespdEl4ocTx12OKj3rYQLrTcBtlHIc8dSy3iNzpLC9jqvvznv0baGlutzaW1iXUDilq7WyKrGPZJAOGIVYOEGqjVsCskN2qG1RkmoY4ObZ2He1pzoFi7p5dfm1PQZUF6ALcFSuP6E-VVGCVqw4AHkB8vnZfROs:1vze8x:2NOWtubkM6jwTCl3iA29SRrQnlJUyplmwPIBqYVWSgk','2026-03-09 18:11:47.209586'),('89y5us22vzz5u3zoiounapm6scnli3rc','.eJx1kMtuwyAURP-FbRuLh42xl913110UIQyXmBZBBDhSG-Xfi5u0TaR2O3Nn5sAJSbWUWS4ZknQGjYigx1ttUvoNwmqYVxX2sdExlOSmZj1prm5unqMB_3S9vSuYVZ5rmlmgk2atGCasTQc9F13fq45xmAYsaIu7thOqty3onpFJY0EsDGAFp3gQrJZ6lYtUurijK--1kmLKN5htCH0h3Yj5yESDCe8H_oDxiHGNJDjEVEDuazRmaZ0vKWY0npAFPStpIBv4qaIbvL7-YlXuou5WqqUXCEV9fdSWkt0jKu4Q5Y0aFu-vqq2oS6oVWxRgnyLanX-B_iO55O8ILpL2ro7AzUhSHzHIHLVT_luDmjBRHleev2FW7Xz-BDnFpec:1w0hcU:AMd8QdQ0PveXC88XAROE8XI7tkMNQq-3R7WzvM6P178','2026-03-12 16:06:38.580015'),('8g558k6isvrkm8d66wlzvdwka6ocl93z','.eJxVkMtOwzAQRf_FW2g0TuK8luzZsUPImrEnxGDZVexUgqr_jiNaVLb33Hs09llo3PKit8SrdlZMQorH-4zQfHLYgf3A8B4rE0NeHVV7pbrSVD1Hy_7p2v0nWDAt-9riYOaubQ2zkrLvDFBHyiLDSExtQ9CrBkaQph-otCTVslNEre2IVVOkHlPWaLI7ufxVlDXU3QGaA6gXOU7QT62qRgmjGh4AJoAyWfkY18x6dj6vMYnpLGY2C2rLyfKfoz7A_uxfVA7OeIfqoSDjHYci2r8obN4XNX7HoFM0Dv0t47K0UZ9KFW9Zdseo53L2tpbsVZDHYKJ4u1x-AFt9egs:1vyE32:Cl3IucdqzZZOOCw0QZ6BOorGKV3Yaw7eVIR6TSkG_co','2026-03-05 20:07:48.019748'),('8yfb4zztgacfth32thaul1k44tq06vk2','.eJxVjsEOgjAQRP-lV6XZbSlQjt69eW922yIogYQWE2P8dyHxoLfJvJnJvISjNfduTXFxQxCtUOL46zH5e5x2EG40XWfp5ykvA8s9Ir80yfMc4nj6Zv8Gekr93saqsQG1RfJa2yZ41r7qggHD4GsLCNGoDTArZLvpDhWZriMOlptmGx0pZUc-D48hP_enoKoCdIF4gbJV0GIpodZYlweAFkC8P3S_RNQ:1w0B3O:1jR1-dnUT1q063YKNI8A6JgJCnUHln_8wCCtj_IFxeQ','2026-03-11 05:20:14.078745'),('8zew4kq6jv7bs1irb6qpdntnt9qmxsis','.eJxdj8FuwyAQRP-Fc2QZW3ZNjr33G9AuLDUJZiPAUaTI_17cJFLa047ezI40d6FhLbNeMyXtrTiKThzeGYI5U9wNe4L4zY3hWJLHZo80Tzc3X2wpfD6zfwpmyPP-LcdJWdkrCabv1WQN9mZ0dmgHbM2HamVLQ1cNxE6iqtrJDgbnAK3CaaqliS6cCmnnQ0mcxfEuFqonriEcBETPL138hbVZKRb4HfWgJvhK6I1QLmBZX_fgiy11H-vFx38Abg-wbT8fTWn_:1vnxUB:YFT2rMhrds3ET_6lDzPX1xFLOt9AHAsxUcWL2VRfIB4','2026-02-19 11:25:23.024421'),('97qakv9427gb53u99d523x6xu23vekbg','.eJxVjr0OwjAQg98lKzS6JCQkGdnZ2KO7_NBC1UptioQQ704rMcBm-bMtv1jApbZhmfMUusQ8k2z_6xHGex42kG44XEcex6FOHfEtwr905ucx5f70zf4NtDi3W1sY65JQTmBUytkUSUVTkgZNEI8OBGQtV0AkBblVFyFRl4KUHFm7jvY414Cxdo-uPrenIE0DqgF7kdKD8cLxgzNC2h2AB2DvD3ZYROs:1vzMGR:2a_sGsmP4mFsTsnhSy1KuoCMDsUgnrIYgi_hdSi4r2Q','2026-03-08 23:06:19.504666'),('98js3ebbm2jwup8r4oy4towzhu0rv08g','.eJxVjL0OgjAURt-lq9Lc_tFbRnc3d9KWW6kSSKCYGOO7C4mDrt8533mx1q-lb9eF5jZ3rGGCHX-34OOdxh10Nz9eJx6nscw58F3hX7rw89TRcPq6f4HeL_32VolkiEqjCxA7Q7ZGY603qqbgAKUGow16mzRFq0SIgCKRo4S1BIdqiw5-Ka2PJT9yeW5JCbKuQFVCXoRppGuU5doKi-4A0ACw9wdVlURQ:1w0hyj:J6-_ZYMLcgxHRbmWKyZHD8o5iG-VlvZWRnHJLNEV-yk','2026-03-12 16:29:37.541324'),('9p1xesrgmxx0xbskaeq5kudq2ron5c0w','.eJxVjjEPwiAUhP8Lq5Y8oFRgdHdzJ-9BsdWmTVpqYoz_3ZJ00O1y393l3szjmju_Lu3s-8gck-z46xGGRzsWEO843iYepjHPPfES4Ttd-GWK7XDes38DHS5daYvG2CiUFRiUsiYGUqFJUYMmCCcLAlotN0AkBdlNJyFRp4QULRmzjQ64ZI8h988-v8pTkE0FqoL6KmpXa1db3hihTvYA4ADY5wt2nUTy:1vxnTx:02G5vWrhmrIzBCCLijf0LTlUdxAmTMdE7JjoYARIxwU','2026-03-04 15:45:49.749786'),('9wcygt9pvnzg4af1dc28l3i94dx6r910','.eJxVjD0PgkAQRP_Ltcplb1ng7kp7O3uy9yUogQQOE2P870JiocU0M2_eS7S85q5dlzi3fRBWkDj-do79PY77EG48XifppzHPvZM7Ir_rIs9TiMPpy_4JOl667Z2URl9XW5CxUqUKKhloyBlKLipio1NIZLR2GiosUTFArNG7AI5is0kHXnLLPvePPj83JQLWBWCB5UU1FsmSkaomIn0AsADi_QFIO0RS:1vuZft:lnZE6IRx-3SiSn-HA_Rc_vd9CRsOssUfssNPFt0d6Oc','2026-02-23 18:24:49.526253'),('a7y7bqedy2fhakxbubeh9pd2dlneu4y0','.eJxVjjsPwjAQg_9LVmh0l9BHMrKzsVd3edBC1UpNioQQ_51W6gCb5c-2_BYtLblrlxTmtvfCCiWOvx6Te4RxA_5O422Sbhrz3LPcInKnSV4mH4bznv0b6Ch1WxurxnjUBslpbRrvWLsq-hJKBlcbQAilWgGzQjarjqiojJHYG26adXSglFtyuX_2-bU9BVUVoAulr1hZjfakpEZjsD4AWADx-QJ140Tl:1w4iBq:3w1NBBSpRC3mHiDJWy8WzhVi7vnH1hqQyHxLJeZDJc8','2026-03-23 17:31:42.326916'),('a862fsikkynhqio46q7xz8aij8rnjlnc','.eJxVjsEOgjAQRP-lV6XZbS20PXr35r3ZbUFQAgkUE2P8dyHhoLfJvJnJvEWgJbdhmespdEl4ocTx12OKj3rYQLrTcBtlHIc8dSy3iNzpLC9jqvvznv0baGlutzaW1iXUDilq7WyKrGPZJAOGIVYOEGqjVsCskN2qG1RkmoY4ObZ2He1pzoFi7p5dfm1PQZUF6ALKK1qP6LGSp6pCVAcADyA-X3XaROA:1vyZdt:vicOu9QOqOv6ECiLX7QSwfHDlbrDCCoL8tXtppUqZdc','2026-03-06 19:11:17.551529'),('akqgn9cqwo5q20gv49mhqf7giev64l6e','.eJxVjsEOgjAQRP-lV6XZtrawHL17897stiAogQSKiTH-uzThoLfJvJnJvIWnNXV-XZrZ91HUQovjr8cUHs2YQbzTeJtkmMY09yxzRO50kZcpNsN5z_4NdLR0ua1chVEZVBSMwSoGNsG10YJlCCWCgsbqDTBrxbjpVmmybUsckatqGx1oSZ5C6p99euWnoF0BpgC8KlufoDYgnUJ05QGgBhCfL3ZbRO0:1vzcic:_gw3rZQwn7i9YC9RrK5ICCVn4yklNiasQg3CArBR0p0','2026-03-09 16:40:30.654973'),('apik9bv0o9gt93y92za9tzk91bentbg1','.eJxVjLkOgkAURf9lWmXyZl9Kezt7MssbQQkkMJgY478LiYW295x7XqQNa-3adcG57TPxhJHj7xZDuuO4g3wL43WiaRrr3Ee6K_RLF3qeMg6nr_sX6MLSbW9RkMckpHURUlZotFXGBCU0RgeWS1BS2WCKxGQEiwksK-iwWM3BWbFFh7DUNqTaP_r63JIcuG5ANIxfmPRcemYpKAbaHQA8AHl_AFRbRDo:1w0gxW:AZJ60OQVADmefvt0x_VoOgThgC8Q08XcNZh06SD2LQ8','2026-03-12 15:24:18.070509'),('b0zkszbpl0hearbatee2muusalx93jfa','.eJxVjMEOwiAQRP-FsyEshAoevfsNZJcFqRpISnsy_rsl6UFvk3lv5i0CbmsJW09LmFlchBan344wPlMdgB9Y703GVtdlJjkUedAub43T63q4fwcFexlrmJxnMB4wGuMdRzJxymyVJRXPXoFKVu-ASAP5PWfQaHNGYk_Oic8X2v84AQ:1vWu5Q:tYAc03h-L6mXcD19-WiHiLqQs8fwRh02k7hrHZOR-mM','2026-01-03 10:21:20.274819'),('bhsvv6uncoy7184euz45x29kw0joi8k0','.eJxVjMEOwiAQRP-Fq5YshULh6N2bd7IU1labNmmpiTH-uzTxoMmcZt68F_O45d5va1r8EJljDTv-dgG7e5r2Id5wus68m6e8DIHvCP-uKz_PMY2nL_sn6HHty9sQUmulwdAEqUpMCKZuU13aFCNasjIZqQhaJUgHUAYCRkGGQBCJIh1xzR67PDyG_CzKGmpdgawEXETjlHbKcm1tsR4AHAB7fwCurkVs:1vzzIH:HBgCss1MYmUUoMQUu5aVcS3Uwk8t77NF-EfNX1X2cl4','2026-03-10 16:46:49.745224'),('bi492qabhj3r3l5wsmsiyhwrczxr7uh1','.eJxVjMEOwiAQRP-FsyEshAoevfsNZJcFqRpISnsy_rsl6UFvk3lv5i0CbmsJW09LmFlchBan344wPlMdgB9Y703GVtdlJjkUedAub43T63q4fwcFexlrmJxnMB4wGuMdRzJxymyVJRXPXoFKVu-ASAP5PWfQaHNGYk_Oic8X2v84AQ:1vRXN9:z70Y--SnhOZ5z6DcPQkmmcNKWz9Bi56vz4IPRoZKb9g','2025-12-19 15:05:27.785531'),('cpis2mz1moxr78fxqbrxy5fpml4uen50','.eJxVjs0OgjAQhN-lV6XZthRbjt69eW92-yMogQSKiTG-uzThoLfJfDOTeTOHa-7cusTZ9YG1TLLjr0foH3EsINxxvE3cT2Oee-Ilwne68MsU4nDes38DHS5daYvG2CCUFeiVsiZ4Ur5JQYMm8CcLAqKWGyCSguymk5CoU0IKlozZRgdcskOf-2efX-UpyKYCVYG5CtXWpoWaa6G1Ph0AWgD2-QJ2R0Tp:1vzEUG:WjlmSGWYmKhd-lZrmVh7oc25MoH5lBMhPpqKNyBjwmc','2026-03-08 14:48:04.549906'),('csw004psa2lnegbzq12eaqst654936hr','.eJxVkMtuwyAQRf-FbRNrwLFrvOy-u-6qCg2vmpZABDhqFeXfi92kcnfo3McwcyEC5zKJOZsknCYjYWS3ZRLVpwmLoD8wvMdGxVCSk81iaW5qbp6jNv7p5v1XMGGeljTtB65pyymqtuWDVrJVvdUddBLUIwcKpmNVkJJRyevbUoadtSg1l8NQSz3mIlAVd3ble_kpsH4PbM_6F2Bj146HQ8M49MPhAWAEqJFkTjEVI6zzJcVMxgsp7hRFPJmEysVQa84mFMzVbI2aUGiTtdm0A_2T6ioFt4O7Kq19al5K1gOG2fsdUd5VYjbE1KyOYp12Z2vW1pXmVNkrkR6DiuRtR471ylEcXbhbbwC_fsH1-gNuQ5AR:1vvRVY:WOMURCm6Wk8ZiS18dSkUrrys-K-exvklF6qL2AugyEA','2026-02-26 03:53:44.781929'),('dh5xk5vx6jbvygn6kc1ll340c3hcrp4p','.eJxVjrEOwjAQQ_8lKzS65EhIMrKzsVd3SUsLVSs1KRJC_DutxACb5WdbfomaltLVS27muk8iCC32vx5TvDfjBtKNxusk4zSWuWe5ReSXZnmeUjOcvtm_gY5yt7WVdT4p9IoioncpMkbbJgOGIR49KGiMXgGzVuxX3SpNpm2Jk2fn1tGBcqkplv7Rl-f2FLStACtwF4XBqIBWWjxoY3cAAUC8P3YbROY:1vzEXg:2NlDs0l4_A2vroQ_8m2BJC5gVwwZTwk7J4CQ9jStKco','2026-03-08 14:51:36.635263'),('e42wi3foxyv2bvhxdqfgojli8su64002','.eJxVjMsOgjAURP-lW6W5t09g6d6d-6a3rVIlkEAxMcZ_FxIWupyZM-fNnF9K55Y5TS5H1jJkx9-OfHikYRvi3Q-3kYdxKFMmviF8X2d-HmPqTzv7J-j83G3v6OtwNUqFlDSiNQHIkI4-QUOJlCSwWkIDGGxNK4Uk0GgiFQ0lLVdp7-fifCj5mctrVQoQpgJRCXsBaKVqseEGFUp7WDMA-3wBt-lFVw:1vvloB:Y2yqogbWICFLAvL2XDVBcBYpSvdqCHht-mcb-kk7IaQ','2026-02-27 01:34:19.789712'),('e6bm1j80ywnoi24m47mvsqbydpnrqyng','.eJxVjMsOgjAURP-lW6W5fWALS_fu3De3tFeqBBIoJsb475aEhSazmjlz3szhmnu3LnF2KbCW1ez423nsHnHchnDH8TbxbhrznDzfEL6vC79MIQ7nnf0T9Lj05W0IyTbKoK-90iXGeyNtlKWNIWBDjYpGaQKrBZ08aAMegyBDIIhEkQ64ZIddTs-UX0UpQZ4qUJWAK4gW6lZKrsFa3RwAWgD2-QKs1UVR:1vzlXG:X0A9Iz4mLEBuIlggODUV4u6UKkjyeH7n4eSnTB4aO7I','2026-03-10 02:05:22.906737'),('ekhju6ty97dsb7hgjvdiz38npr3vf82a','.eJxVjsEOgjAQRP-lV6XZbQW7HL178052W5AqgQSKiTH-uyXxoLfZebOTeamG19Q369LOTQyqVkbtfz1hf2_HDYQbj9dJ-2lMcxS9RfSXLvo8hXY4fbN_BT0v_faNlaOAlpC9teSCF-urLpRQCvgjAUJbmgxEDApl3aHhsutYAolzuXTgJTXsU3zE9NyWgqkKsAUcLgC1xRpJIyEB7fINoN4fdV5E4A:1vxa91:SqpHgOWzA1WaSqi3eaD9ehPbVHGVjO5BGayARHcMWIo','2026-03-04 01:31:19.256543'),('elv4qbwumx9uxpmvbfyow4hwcvdqkqsg','.eJxVjr0OwjAQg98lKzS6JCQkGdnZ2KO7_NBC1UptioQQ704rMcBm-bMtv1jApbZhmfMUusQ8k2z_6xHGex42kG44XEcex6FOHfEtwr905ucx5f70zf4NtDi3W1sY65JQTmBUytkUSUVTkgZNEI8OBGQtV0AkBblVFyFRl4KUHFm7jvY414Cxdo-uPrenIE0DqgFzEdoL47XmB1BKux2AB2DvD3YNROY:1vyWv9:mdBfGS0eodUxkOotLepW3y_SvWvv1I5-X3wR2crP4wU','2026-03-06 16:16:55.484724'),('f1tv7fnr1oamj5h6o54fagoy0l3dv38l','.eJxVjjEPwiAUhP8Lq5Y8IFDo6O7mTt4DaqumTQo1Mcb_bkk66Ha57-5yb-ZxLYNfc1r8GFnHJDv-eoThnqYK4g2n68zDPJVlJF4jfKeZn-eYHqc9-zcwYB5qWxjrolBOYFDK2RhIBdNHDZogtA4EJC03QCQFuU33QqLue6ToyNpt9IG5eAxlfI7lVZ-CNA2oRtqLMB3oDhTXBiy0B4AOgH2-dhhE5A:1w6W9n:trdHhjhaesQxYsydWjOQDiixCMBgp_y4YNTQEJ8MNEc','2026-03-28 17:05:03.801774'),('f4v14kzyspp5mipar55rwysuou93911d','.eJxVkMtqAyEUht_FbZPh6DATddl9d92VIsdbx0Y0qBNoQ969DklLujt8_4WfcyEK17aotbqigiWSMLJ7ZBrN0aVNsJ-YPvJgcmol6GGzDHe1Di_Zuvh89_4rWLAuW5rOXFg6CopmHAW3Ro9m9naCSYM5CKDgJtYFrRnVot-eMpy8R22F5ryXRqxNoWnhHNrXthTYvAe2Z_yVThKEpHwY2Twf2BOABOiR4k65NKd8iK3kSuSFeGcWVNZV6x46gHb3TeqDGxKZ1hh3xMTgUi_YXnMjBb9zUjWbgPGXuZ6wWZ279S_Zwikr3-eupbM3oiMmk8n79foD2h55Fw:1vwLwU:6tM4WT2xBd79RSeDB3oSVrrpvvB3zN7mu2eZjFA_pUo','2026-02-28 16:09:18.411518'),('fdhdk2imk3bftxthb9t6hvrng8zhsf9x','.eJxVjs0OgjAQhN-lV6XZthRbjt69eSe7_ZEqgQSKiTG-uzThoLfZ-WYn82Ydrrnv1iXMXfKsZZIdfz1C9whjAf6O423ibhrznIiXCN_pwi-TD8N5z_4V9Lj05Vs0xnqhrECnlDXekXJN9Bo0gTtZEBC03ACRFGQ3HYVEHSOSt2TMVjrgkjt0OT1TfpWlIJsKVCXgCtCCbqXmUNdWwqHcwD5fdI1E0Q:1vzkbF:ndoDAPNvN5WbTclraCqD28j3l2vRA9QhNX36kLCNQ3k','2026-03-10 01:05:25.061088'),('fmds9vw09j5m09npv8p55nx5u9cfszya','.eJxVjsEOwiAQRP-Fq5YsIAg9evfmnexCa6tNmxRqYoz_LiQe9DY7b3YyL-Zxy4PfUrf6MbKWSbb_9QjDvZsriDecrwsPy5zXkXiN8C9N_LzEbjp9s38FA6ahfgtjXRTKCQxKORsDqWD6qEEThKMDAZ2WBRBJQa7oXkjUfY8UHVlbSidM2WPI42PMz7oUpGlANeAuAK3S7cFxJY3UdlduAPb-AHYzROk:1vzOb7:k2fNnznYjekyo4nVwxyhjiKpHhDT0BM9Y3-YzY9KjT4','2026-03-09 01:35:49.577720'),('fo70syljwy909j7hda2dqor6n98t8qvt','.eJxVjMEOgjAQRP-lV6XZdgsFjt69eW-2tCsogQSKiTH-uyXxoMmcZt68l3C0pd5ta1zcEEQrSnH87Tx19zjtQ7jRdJ1lN09pGbzcEfldV3meQxxPX_ZP0NPa57dl4rpBS770aHKs91bXUec2hkANNxgtGobaKK48GAuegmLLoJhVlo60JkddGh5DemalBl0VgIWqLkq3GlpE2SCUFg8ALYB4fwCtVkVS:1w26vx:CWVlSFMIjhL78PA6_iDFXrhE64_9-T3STpwKoHc92C4','2026-03-16 13:20:33.961551'),('fuizof73pmtl50zl6xosa28gggwv4llo','.eJxVjsEOgjAQRP-lV6XZbS20HL17897stiAogQSKiTH-uzThoLfJvJnJvIWnNXV-XZrZ91HUQonjr8cUHs2YQbzTeJtkmMY09yxzRO50kZcpNsN5z_4NdLR0uY2ldRG1QwpaOxsD61C20YBhCJUDhMaoDTArZLfpFhWZtiWOjq3dRgdakqeQ-mefXvkpqLIAXYC5AtaoamOlKk9Q4QGgBhCfL3VSRNs:1vxxGs:pJmtb0jAVaVlTcU-CSvkh_BfB5nj7Ew6XUSz5U84yB8','2026-03-05 02:12:58.271202'),('fxnh2us237zywba1jfx4z5p3zw0brijm','.eJxVkMluwyAQht-FaxOLxXaMj7331ltVoWGraQlYgKNWUd692E2iVOKAvn-BmTMSsJRJLNkk4TQaEUW7RyZBfZmwCvoTwkdsVAwlOdmsluaq5uYlauOfr95_BRPkaU2TfuCaME5AMcYHrSRTvdUd7iRWB44JNh2tgpSUSF7vllDorAWpuRyGWuohFwGquJMrP-tPMe33mO4peyV8bNuRkaYjLcOHJ4xHjGskmTmmYoR1vqSY0XhGxc1RxNkkUC6GWnMyoUCuZmvUBEKbrM29ndRzl-ooBR4ktkpbn1rWkm2BYfF-h5R3lZgHYmpWR7G9dmNb1taRllTZG5IegorofYeOdctRHF24Wa8Avv_A5fILZJeQBA:1vubr5:6jCmnatOqgRQsrO8l0bfzdaYQli6ErdFaDZTlNPlpeE','2026-02-23 20:44:31.753344'),('gil471y83pi90ymo65jbbbobg375e6oq','.eJxVkMtOwzAQRf_FW2g0zsN5LNmzY4eQNWNPiMGyq9ipBFX_HUe0Uru9j6M7cxYat7zoLfGqnRWTkOL5XiM03xx2w35h-IyViSGvjqo9Ul3dVL1Gy_7lmn0ALJiWvW1xMLNqW8PcSdkrA6Sos8gwElPbEPRdAyNI0w9UUpJqqTqi1iririlQjylrNNmdXP4pyBpqdYD6UPdvcpzaceqGqqnHBtQTwARQKisf45pZz87nNSYxncXMZkFtOVm-Y8B-9r9VBmd8wBfLeMehgPYXhc37gsbfGHSKxqG_aVyaNupTieJNy-4Y9Vxmb2vR3gV5DCaKj8vlD149eg4:1vw3qY:X3MEicYpcWstZ7dt3m2gxQrX6JuITArgZRi0XCAMTP8','2026-02-27 20:49:58.436544'),('h6kfddevmqmcm3v7d00jxgpnyuls2zx7','.eJxVjrEOwjAQQ_8lKzS6XEhJMrKzsVd3SUsDVSs1KRJC_DutxACb5WdbfomGltI3S27nJkXhBYr9r8cU7u24gXij8TrJMI1lTiy3iPzSLM9TbIfTN_s30FPut7aqrYtKO0VBa2djYB3qLhowDOHoQEFrcAXMqNitulNIpuuIo2Nr19GBcmkolPRI5bk9Bawr0BXgBbUH59FIrdxB4Q7AA4j3B3VxRNw:1vxCOD:DqI0DfCZOJhs89kC-5H6uWC6yoKyIEWY3si9o8g9xdw','2026-03-03 00:09:25.426772'),('hjcqrlprwqoc6vgsnusibs32o58k1mjc','.eJxVjj0PwiAQhv8Lq5YcECh0dHdzJ3fQ2qppk0JNjPG_C0kH3e7ueT_uzTxuefRb6lc_RdYxyY6_N8Jw7-cK4g3n68LDMud1Il4lfKeJn5fYP0679i9gxDRWtzDWRaGcwKCUszGQCmaIGjRBaB0I6LUsgEgKcmUehEQ9DEjRkbUl9IEpewx5ek75VT8FaRpQDZiLcJ1sOwCurC4dB4CysM8Xdi9E5w:1vyapA:je_PNdYkM6rZyEu_Brx1b48rQvbfgyENs4trrJoT7jY','2026-03-06 20:27:00.465062'),('hjyh8804x3w7cq25xwwoccz1ydbfq0s3','.eJxVjsEKwjAQRP8lV23YZElsevTuzXvYTVpbLS00qSDiv9tAD3ob5s0M8xae1tz7NbWLH6JohBbHX48pPNqpgHin6TbLME95GViWiNxpkpc5tuN5z_4N9JT60la2dlGhUxQQXR0DY7BdNGAYwsmBgtboDTBrxW7TndJkuo44Oq7rbXSklD2FPDyH_CpPQdsKsAJ3BWzANgYlOI2IB4AGQHy-dchE3w:1vzQxJ:EuPHDmLMg790cOwjnwMTDwH02eHeR3y1bxisIFV8kEg','2026-03-09 04:06:53.228091'),('i24khtid1obhrlp2bp3mt6gufbraqrky','.eJxVjMEOwiAQRP-FsyEshAoevfsNZJcFqRpISnsy_rsl6UFvk3lv5i0CbmsJW09LmFlchBan344wPlMdgB9Y703GVtdlJjkUedAub43T63q4fwcFexlrmJxnMB4wGuMdRzJxymyVJRXPXoFKVu-ASAP5PWfQaHNGYk_Oic8X2v84AQ:1vRXNA:-DS57eQPTP7duARiZ-m2nWqyQjPg706ZCINfrMa4txs','2025-12-19 15:05:28.765038'),('intzbm82d2hjzata65c64uuurh8a8a6i','.eJxVjsEOgjAQRP-lV6XZbW2hPXr35r3ZbUFQAgkUE2P8dyHhoLfJvJnJvEWgJbdhmespdEl4ocTx12OKj3rYQLrTcBtlHIc8dSy3iNzpLC9jqvvznv0baGlutzbayiXUDilq7aoUWUfbJAOGIZYOEGqjVsCskN2qG1RkmoY4Oa6qdbSnOQeKuXt2-bU9BWUL0AWqKzpvlMdSnpRGYw8AHkB8vnXkROI:1w0m4v:qfuWG9_5NCnhcQ3kdPfoW7u1GV3PkuTbOGr2TxI9zKg','2026-03-12 20:52:17.544093'),('iuw73sdbv7zi55qkomgsj36zuful3q5n','.eJxVjMEOwiAQRP-FsyEshAoevfsNZJcFqRpISnsy_rsl6UFvk3lv5i0CbmsJW09LmFlchBan344wPlMdgB9Y703GVtdlJjkUedAub43T63q4fwcFexlrmJxnMB4wGuMdRzJxymyVJRXPXoFKVu-ASAP5PWfQaHNGYk_Oic8X2v84AQ:1vQmGD:LJswJtUU9GQzXiZHiISSirYgBlzUIf3ew0cQ5YdpwCA','2025-12-17 12:47:09.796262'),('iypset7w4u601stcosnbkaiwzqdvwldx','.eJxVjjEPwiAUhP8Lq5Y8IFDo6O7mTt4DaqumTQo1Mcb_bkk66Ha57-5yb-ZxLYNfc1r8GFnHJDv-eoThnqYK4g2n68zDPJVlJF4jfKeZn-eYHqc9-zcwYB5qWxjrolBOYFDK2RhIBdNHDZogtA4EJC03QCQFuU33QqLue6ToyNpt9IG5eAxlfI7lVZ-CNA2oRuiLhE6YTkoObWutPQB0AOzzBXXzROo:1w1rss:zkkKHjp3SB2eReAh2i90AnzkUSrCr22TYfpW0FdlGXE','2026-03-15 21:16:22.086376'),('izupihwx20r4n0wc3l0d1dshnpqby7fr','.eJxVjMsOgjAURP-lW6W5fUBLl-7duSe3tFeqBBIoJsb475bEhSazOjNzXqzDLQ_dtsalS4E5VrPjL_PY3-O0F-GG03Xm_TzlJXm-T_i3Xfl5DnE8fbd_ggHXobwNIdlWGfS1V7rEeG-kjbLQGAK21KpolCawWlDjQRvwGAQZAkEkinTENXfY5_RI-VmUEmRTgapEfZHSgXXQcK0KFQcAB8DeH60YRUk:1w1td0:zUJYirugzDtIT_TTqcvCC1TjwoEjkkb5NOJqKqxAp9o','2026-03-15 23:08:06.435913'),('j0jztdkzvu1h9jug8msze65gl7efl6oc','.eJxVjMEOgjAQRP-lV6XZdisFjt69eW-2tCsogQSKiTH-uyXhoMmcZt68t3C0ps6tS5xdH0QjTuL423lqH3HchnCn8TbJdhrT3Hu5IXJfF3mZQhzOO_sn6Gjp8tsycVWjJX_yaHKs91ZXUec2hkA11xgtGobKKC49GAuegmLLoJhVlg60JEdt6p99emWlBl0WgIXCq8ZG1w2WUpUKUB0AGgDx-QKtZUVO:1w1Bwm:FsNxSUylVzlDEKDWqijJZQnHPEPtqrd0Hcr3cMLttQ8','2026-03-14 00:29:36.164688'),('j31tyk2uadcalyyby9sct84e4fkzvgbn','.eJxVjMEOwiAQRP-FsyEshAoevfsNZJcFqRpISnsy_rsl6UFvk3lv5i0CbmsJW09LmFlchBan344wPlMdgB9Y703GVtdlJjkUedAub43T63q4fwcFexlrmJxnMB4wGuMdRzJxymyVJRXPXoFKVu-ASAP5PWfQaHNGYk_Oic8X2v84AQ:1w1WeJ:259JxrYhqCWDcebMRhojpC6J1XrrMhKvvI3fAZfPEaU','2026-03-14 22:35:55.175684'),('janpduaig2s9h5ceq3c0nfgsbtnrprr3','.eJxVkM1uwyAQhN-FaxNr-bHBHHvvrbeqQoCX2KllIsCVqijvXtz44F5n5hvN7p0Yu5bRrBmTmQaiCSWno-as_8JlM4arXS6x8XEpaXLNFml2NzdvccD5dc_-KxhtHivNAzLnuVC9Az-0KDvVSmlb3qHrQTEBrWiVlUGgl5w6D4oG7DGojkGveC2dbS7G-jJ9T-WnVjJg3Rn4mbJ32msqNIVGil623QuABqhIwltMBc2lojGbMM0lxUz0nQT0ozUD5gEPVbBd_7Tq7mKJXtZ5PhG_4lLs34OeQplu0RzUD_a5i6EuXNNOPh6_251x3w:1w0lU2:xxQ6jmbtqNFYSRX4AaEtMn56GXaGS_bGBUqpgSYTTWA','2026-03-12 20:14:10.924154'),('jocbkuzbdid3h1krux61jx1mvafa1x37','.eJxVjs0KwjAQhN8lV23YTUib9Ojdm_eymx9blRaaVBDx3W2hB70N880M8xYdLaXvlhznbgiiFUocfz0mf4_jBsKNxusk_TSWeWC5ReROszxPIT5Oe_ZvoKfcb22srQuoHZLX2tngWfs6BQOGwTcOEKJRK2BWyG7VCRWZlIiDY2vX0Qfl0pEvw3Mor-0pqLoCXaG-ILZGtcZK45pG2QNACyA-X3ZwRPE:1w114c:5DqwP4CWyYIZdhenlJQop0skGyvvNICc0VqQH3KVye4','2026-03-13 12:52:58.921524'),('jokm63k06m07sv6ywz34ie3yh70oudir','.eJxVjjEPwiAUhP8Lq5Y8oCAwuru5k_eA2mrTJi01Mcb_bpt00O1y393l3izgUtqwzHkKXWKeSXb89QjjIw8bSHccbiOP41CmjvgW4Tud-WVMuT_v2b-BFud2awtjXRLKCYxKOZsiqWiapEETxJMDAVnLFRBJQW7VjZComwYpObJ2He1xLgFj6Z5deW1PQZoKVAX6KrQH62vLnbW1MQcAD8A-X3cJRPk:1vyAJl:TAp1ZFr4UHzdtqn1QsGlVdWGZvvXCRgfMoNJiHh9naE','2026-03-05 16:08:49.011655'),('jtnda1hkuygtvhmxyea2rxvu7tlokd2b','.eJxVjjEPwiAUhP8Lq5Y8oCB0dHdzJ-9BsWjTJi01Mcb_bpt00O1y393l3szjUjq_zO3kc2QNk-z46xGGRztsIN5xuI08jEOZMvEtwnc688sY2_68Z_8GOpy7rS2MdVEoJzAo5WwMpIJJUYMmCCcHAlotV0AkBblVJyFRp4QUHVm7jvY4F4-h5Gcur-0pSFOBrGR9FaqRptEnXrtaOXMAaADY5wt2iUTx:1vusRG:urGIRiiVHIr1dBD9vKpmWkSJ52VwFEgjkpACes3agHA','2026-02-24 14:26:58.215419'),('kqeyhb07obdbf22n82fu0bp4cdyjbbqv','.eJxVjjEPwiAUhP8Lq5Y8QCgwuru5k_eA2mrTJi01Mcb_bpt00O1y393l3izgUtqwzHkKXWKeSXb89QjjIw8bSHccbiOP41CmjvgW4Tud-WVMuT_v2b-BFud2awtjXRLKCYxKOZsiqWiapEETxNqBgKzlCoikILfqRkjUTYOUHFm7jvY4l4CxdM-uvLanIE0FqgJ3Fcrrk9c1N9YaqQ4AHoB9vncDRPQ:1vzb4T:ctaSpngjx-hUg4hju7GhvwQ1mHB86w0Wb6NIKknXaZw','2026-03-09 14:54:57.770353'),('l2qvgnkgayj3575lokxi631d6pkv6gtg','.eJxVjsEOgjAQRP-lV6XZbSnSHr17897stkVQAgkUE2P8dyHhoLfJvJnJvIWnJbd-mdPkuyicUOL46zGFRxo2EO803EYZxiFPHcstInc6y8sYU3_es38DLc3t1saqthG1RQpa2zoG1qFqogHDEE4WEJJRK2BWyHbVDSoyTUMcLdf1OtrTnD2F3D27_NqegqoK0AXYK6Iz2pUo0cIJywOAAxCfL3XERN8:1vzZB7:gfTpWRhBMF9nvHwZ7mEYt65KPmbF0U3ZLJMwQuSTQTU','2026-03-09 12:53:41.196050'),('l5zosjeour52p1vstw6ubz6u3wlzny5e','.eJxVjMsOgjAURP-lW6W5fdAWlu7duW9uaa-gBBIoJsb475bEhSazmjlzXszjlnu_rWnxQ2Qtq9nxtwvY3dO0D_GG03Xm3TzlZQh8R_h3Xfl5jmk8fdk_QY9rX96WkFyjLIY6KF1iQ7DSJVnaFCM21KhklSZwWpAJoC0EjIIsgSASRTrimj12eXgM-VmUEqSpQFXCXEC0Wrey4cK4WrgDQAvA3h-t9EVd:1w1x0P:qZBjBQ04kpefnfT2tln9mQQjx-GtWyEI1sdKqpmkzIQ','2026-03-16 02:44:29.181201'),('lez3o53wo9ecfxng27f3khwrh3782laz','.eJxVjrEOwjAQQ_8lKzS6JLTkMrKzsUd3SUsLVSs1KRJC_DuNxACb5WdbfglPa-79mtrFD1E4ocX-12MK93YqIN5ous4yzFNeBpYlIr80yfMc2_H0zf4N9JT60laNxagMKgrGoI2BTWi6WEPNEI4ICtpab4BZK8ZNd0pT3XXEEdnabXSklD2FPDyG_CxPQTcVmAqai0JnlNMHqdFabXcADkC8P3aQRPA:1vyatQ:JxmdJqR7FYZkWIJIa4PfE2mPe8fNM9qCk_gd4OuqIPE','2026-03-06 20:31:24.313022'),('lh06kcrm47eg21q9rtv2toox4cbi74nj','.eJxVjMsOgjAURP-lW6W5fUBLl-7duW9uaa-gBBIoJsb475bEhSazmjlzXszjlnu_rWnxQ2SO1ez42wXs7mnah3jD6Trzbp7yMgS-I_y7rvw8xzSevuyfoMe1L29DSLZVBkMdlC4xIRhpkyxtihFbalUyShNYLagJoA0EjIIMgSASRTrimj12eXgM-VmUEmRTgaqEvkjplHLC8Bqa2ooDgANg7w-th0VV:1w1XXp:jPmHBGBs9TaDPy5cONUokRRfMCx3RJrZsQ6EmmeTpRQ','2026-03-14 23:33:17.520225'),('llpzrfuqzs7diy3f1llhyf556idmum9a','.eJxVjMEOgjAQRP-lV6XZdiuFHr178062tCsogQSKiTH-uyXhoMmcZt68t2hoTV2zLnFu-iCcOInjb-epfcRxG8Kdxtsk22lMc-_lhsh9XeRlCnE47-yfoKOly2_LxFWNlvzJo8mx3ltdRZ3bGALVXGO0aBgqo7j0YCx4Cootg2JWWTrQkhpqU__s0ysrNeiyACyUump0qnaIEisFpjwAOADx-QKtXEVS:1w0Spx:5BTmYcU5GuiIasvjA7ikqu_EuncurofYYvHO4c-ZVMQ','2026-03-12 00:19:33.384417'),('lslll6h68k3zx3bp23o2ppby4qu9mz9d','.eJxVjMsOgjAURP-lW6W5fUhLl-7duSe3tFeqBBIoJsb475aEhSazmjlz3qzFNfftusS5TYE5dmLH385j94jjNoQ7jreJd9OY5-T5hvB9XfhlCnE47-yfoMelL29DSLZRBv3JK11ivDfSRlnaGAI21KholCawWlDtQRvwGAQZAkEkinTAJbfY5fRM-VWUEmRdgapEfZXKCenAcqHLXR4AHAD7fAGtX0VQ:1w2H6W:ibAlrNyWuehb7iZRKMQtamEi-CMWgV9fJlNYJXyUtK8','2026-03-17 00:12:08.164910'),('lwvfzfor1xnlk59zpwf2crkif1bjg97c','.eJxVjsEKwjAQRP8lV23YbEib9Ojdm_ewm7S2Ki00qSDiv9tADwpzWObNDvMWntY8-DV1ix-jaAWK46_HFO7dVEC80XSdZZinvIwsS0TuNMnzHLvHac_-FQyUhvKtauui0k5R0NrZGFiHuo8GDENoHCjoDG6AGRW77e4Vkul74ujY2q30QSl7Cnl8jvlVlgLWFegK7AV1W1RLbDQCHABaAPH5AnWTRNk:1vzNT4:JIZ6lCR8Idi7F1ShCbECqCkYey1UVdaQGfGLwTtiNO8','2026-03-09 00:23:26.415446'),('lyrwl708nxpck8ziyrbj4w90h97hljjx','.eJxVjrEOwjAMRP8lKzRyHFKSjuxs7JGdtLRQtVKTIiHEv9NIDLCd751P9xKe1tz7NbWLH6JoBIr9r8cU7u1UQLzRdJ1lmKe8DCxLRH5pkuc5tuPpm_0r6Cn15VvV1kWlnaKgtbMxsA51Fw0YhnB0oKA1uAFmVOw23Skk03XE0bG1W-lIKXsKeXgM-VmWAtYV6EodLqgbgAaUREQNdlcOEO8PdHxEzQ:1w1Xxh:uSjSS-3eem00ZmmsctV3Q3AYEVYHAwa8bC-GE05vQZg','2026-03-15 00:00:01.254385'),('m3ddebutnyiilod4u440nnbea5vh2j0r','.eJxVjsEOgjAQRP-lV6XZbWltOXr35p3stiAogQSKiTH-uzThoLfJvJnJvEVNa-rqdWnmuo-iEkocfz2m8GjGDOKdxtskwzSmuWeZI3Kni7xMsRnOe_ZvoKOly220zkfUHilo7V0MrINtowHDEE4eEBqjNsCskP2mW1Rk2pY4enZuGx1oSTWF1D_79MpPQdkCdIF4RaxKVZVOam8tng4AFYD4fAF100Tn:1w0Hxg:0XBQbTSVKnFVbWQD9Nfhu7JgDTjbRVflFyLiehdHMqs','2026-03-11 12:42:48.418687'),('ml4rh9y20x27dnjq7ei63ilvsfrri6xb','.eJxVjMEOwiAQRP-FsyEshAoevfsNZJcFqRpISnsy_rsl6UFvk3lv5i0CbmsJW09LmFlchBan344wPlMdgB9Y703GVtdlJjkUedAub43T63q4fwcFexlrmJxnMB4wGuMdRzJxymyVJRXPXoFKVu-ASAP5PWfQaHNGYk_Oic8X2v84AQ:1vLNcC:FEDvWpb5Y5bXm0zkm3RbY6nDC8i6wnirpQKI-gpd8IQ','2025-12-02 15:27:32.292517'),('mwzuk2xlu6z5im1l39qs0hrtgikrkoec','.eJxVjs0OgjAQhN-lV6XZthRbjt69eW92-yNVAgkUE2N8dyHhoLfJfDOTeTOHS-ncMsfJ5cBaJtnx1yP0jzhsINxxuI3cj0OZMvEtwnc688sYYn_es38DHc7d1haNsUEoK9ArZU3wpHyTggZN4E8WBEQtV0AkBdlVJyFRp4QULBmzjvY4F4e-5Gcur-0pyKYCVYG-Ct3KppWa17Uxp_oA0AKwzxd2Y0Tu:1vyAan:QLUq1WhPvGH_BcaM3Q3gPGpY_CNpANvIvrxpLzk8UyU','2026-03-05 16:26:25.488444'),('n0p7bdsjt3wjsju5njiqee7l9pxn5ckx','.eJxVjE0PgjAQRP9Lr0qz_YCFHr178062tCsogQSKiTH-d0viQZM5zbx5L9HSlvp2W-PSDkE4UYrjb-epu8dpH8KNpussu3lKy-DljsjvusrzHOJ4-rJ_gp7WPr-RievGIPnSG5uD3qOuo85tDIEabkxEYxlqq7jyYBE8BcXIoJhVlo60ppa6NDyG9MxKDboqwBRKXxS6snRWyUojWH0AcADi_QGtq0VU:1w0kG5:HsyqfwULDWkx6AP5ea7xBTc4QnmLPnJyKXxvEFEv86s','2026-03-12 18:55:41.842314'),('ncbpmm4qe6fwrrr91hs64on51vd19k4u','.eJxVjMEOwiAQRP-FsyEshAoevfsNZJcFqRpISnsy_rsl6UFvk3lv5i0CbmsJW09LmFlchBan344wPlMdgB9Y703GVtdlJjkUedAub43T63q4fwcFexlrmJxnMB4wGuMdRzJxymyVJRXPXoFKVu-ASAP5PWfQaHNGYk_Oic8X2v84AQ:1vWu5R:NiaHgCtRDnc598PILbxKomTeZyNp36Q93On4ny-HitI','2026-01-03 10:21:21.057175'),('o1o58ho5gdy40il90cuq0ja3v7sppg02','.eJxdkMtuwyAQRf-FbRMLcOwaL7vvrruqQgMMMakDEcZRqyj_3nEeVVOJBTr3oZk5MQ1zGfQ8YdbBsZ5JtvrLDNhPjIvgdhC3qbIplhxMtViqmzpVr8nh-HLzPhQMMA1LWrSdcqJWAmxdq85ZU9vWu4Y3httnxQXHRpJgjBRG0d8LCY33YJwyXUelI0xFgy3hGMr3MimX7ZrLtVBvYtPTazaVbHnX1U-c95xTJOMh5YLah7HkNLH-xEo4JJ0OmMGGFKlmS7UkrZhHO4B2ODlkfZzH8Y5ohQJ3dMnbGWOBy8HehfhYMTsGInghVx9SxiV9XIwPWU8rzPmX7emeSe9D_Afg6wrO5x-Kr4zb:1vt4nu:ubVK5s6yFpXxOdHYdrFqTqe0a4zzW9rva_O5Vor1QV0','2026-02-19 15:14:54.381402'),('odiwydmbu3fg1q6bespbddth0sgxu484','.eJxVjs0OgjAQhN-lV6XZtrTQHr17897s9kdQAgkUE2N8dyHxoLfJfDOTeTGPa-n8uqTZ95E5Jtnx1yMM9zTuIN5wvE48TGOZe-J7hH_pws9TTMPpm_0b6HDp9rYwrY1CWYFBKdvGQCqYHDVogtBYEJC03ACRFGQ3nYVEnTNStNS22-iAS_EYSv_oy3N_CtJUoCrQF6GcbhzU3DSiqeEA4ADY-wN19kTj:1vy9CK:6bMZ9qcJ8nhbLGuR3yyWqUcA5AgHE7bTkDs1LyxxloI','2026-03-05 14:57:04.718738'),('oik964dnxfcf5vp5odwur3he2z1pn1eh','.eJxVjsEOgjAQRP-lV6XZbQu0PXr35r3ZbUFQAgkUE2P8dyHxoLfJvJnJvESgNXdhXZo59El4ocTx12OK92bcQbrReJ1knMY89yz3iPzSRZ6n1Aynb_ZvoKOl29tYWZdQO6SotbMpso5Vm0ooGWLtAKEp1QaYFbLbdIuKyrYlTo6t3UYHWnKgmPtHn5_7U1BVAapQ5oLoVe3RSG2cqe0BwAOI9wd18kTp:1vuqZO:KqtXLDhzTc55IF2S5AFnC5SpsybuO5Br0WXlHLwspxU','2026-02-24 12:27:14.489905'),('p571x9fg4agax4it6a9gacp43a7lbyjo','.eJxVjMEOwiAQRP-FsyEshAoevfsNZJcFqRpISnsy_rsl6UFvk3lv5i0CbmsJW09LmFlchBan344wPlMdgB9Y703GVtdlJjkUedAub43T63q4fwcFexlrmJxnMB4wGuMdRzJxymyVJRXPXoFKVu-ASAP5PWfQaHNGYk_Oic8X2v84AQ:1vLO3V:MIoqbkKOAUsfzu5_RLdm4-K-pZtE4a076Ja5lSMmmss','2025-12-02 15:55:45.817922'),('pcthhzpk5dtpg1hx8qka8thgj30t6f5c','.eJxVjMsOgjAURP-lW6W5fUBblu7duW9uaa-gBBIoJsb475bEhSazmjlzXszjlnu_rWnxQ2Qtq9nxtwvY3dO0D_GG03Xm3TzlZQh8R_h3Xfl5jmk8fdk_QY9rX96GkKxTBkMdlC4xIRhpkyxtihEdOZWM0gRWC2oCaAMBoyBDIIhEkY64Zo9dHh5DfhalBNlUoCohL8K1tWul4A1YJ_QBoAVg7w-uSkVf:1w0mBl:6s6_dmv5D5YbtqErTOkJ8gNMa3VRSXYorOQG5HDTF58','2026-03-12 20:59:21.650192'),('pdeuhz61d2gy08kjau9dqlbat8ekzd0q','.eJxVjs0OgjAQhN-lV6XZbS20HL178052-yMogQSKiTG-u5Bw0NtkvpnJvEVDS26bZY5T0wVRCyWOvx6Tf8RhA-FOw22Ufhzy1LHcInKns7yMIfbnPfs30NLcbm0srQuoHZLX2tngWfsyBQOGwVcOEKJRK2BWyG7VCRWZlIiDY2vX0Z7m3JDP3bPLr-0pqLIAXaC-Kl2fsEYtK-MsVAeAGkB8vnXmROc:1w1C81:Xd2VEtfYhW_EQvMZEPw1sV4bS18QBJr4D886n9KTRBo','2026-03-14 00:41:13.859722'),('phesoe6hqtheiif7a8w70ztrdtfhogz8','.eJxVj7EOwjAMRP-lKzSyEzUkHdnZ2Cs7SWkAtahNkRDi30kQA2yW393p7ll1tKahW5cwd9FXbSWr7e-PyV3CWIA_03iahJvGNEcWRSK-dBGHyYfr_qv9CxhoGYobtbEelUVySlnjHSune99Aw-B2FhBCIzNglsg23z1Kavqe2Fs2JodeaUkduRTvMT1KU5C6BlXD7oi6RdMqJTSiBbsBaAGypfRbb582YUzRUQp5SprX8HoDkzdPig:1vyuML:mwko6TbQy0R9VcZRj4mqlnFFNRf4pv0AUJ2B9AjltgU','2026-03-07 17:18:33.675869'),('pvaor0vrauvxwxonrvljgyyhgvvsx7e8','.eJxVjMEOgjAQRP-lV6XZUsoWjt69eW-2tCsogQSKiTH-uyXxoMmcZt68l3C0pd5ta1zcEEQrjDj-dp66e5z2Idxous6ym6e0DF7uiPyuqzzPIY6nL_sn6Gnt8xuZ2DYayRuvqxz0Hksby9zGEKjhRkfUFYOtFNceKgRPQTEyKGaVpSOtyVGXhseQnllZQlkXoAulLsq0BltAadBqqA8ALYB4fwCuBEVd:1w0Lvn:X5lLIWM4WCB_mEvLjXGGeXtGkAVVu0NAsystnG5yrsI','2026-03-11 16:57:07.681823'),('q1gxdgx0iew01bkhxvukimrc8rvmolex','.eJxVjMEOwiAQRP-FsyEshAoevfsNZJcFqRpISnsy_rsl6UFvk3lv5i0CbmsJW09LmFlchBan344wPlMdgB9Y703GVtdlJjkUedAub43T63q4fwcFexlrmJxnMB4wGuMdRzJxymyVJRXPXoFKVu-ASAP5PWfQaHNGYk_Oic8X2v84AQ:1vTlex:ptwsNsMLHg6nyfJkfZDx8x066caQpfKp5AY6JAfxxMQ','2025-12-25 18:45:03.935118'),('q1ivwoyfmzgcse710kqn9hpvan6sftnw','.eJxVjMsOgjAURP-lW6W5fWCBpXt37ptb2itVAgktJsb475aEhSazmjlz3szimge7prDY6FnHanb87Rz2jzBtg7_jdJt5P095iY5vCN_XxC-zD-N5Z_8EA6ahvA0hNa0y6GqndIlxzsgmyNIG77GlVgWjNEGjBZ0caAMOvSBDIIhEkY6YssU-x2fMr6KUIE8VqEq0V1F3Gko4CKOUOAB0AOzzBa1YRUw:1w3FUG:movGzx7seKPjhFJDmB2jw2zqhCzE41wW95ESAbQFqpA','2026-03-19 16:40:40.288055'),('q52qaxkvs4uhiuqacp0vkn5gne8avvuz','.eJxVjD0PgkAQRP_Ltcpld7nDO0p7O3uy9yUogQQOE2P870JCocU0M2_eWzS85LZZ5jg1XRC1UOL42zn2jzhsQ7jzcBulH4c8dU5uiNzXWV7GEPvzzv4JWp7b9Z3QkK_0GmLSWGLAZOGknFXJRVRsTQpJWWOcAU0lIQPEirwL4FQ8rdKe59ywz92zy69VSUBVAWWBdEVba1VrkhYQdHkAqAHE5wtH3ERH:1w0m7Q:Hk-2kesl29ZeYJuVH3HEgAG9HJplS6S0FVVcpqcFPtQ','2026-03-12 20:54:52.930160'),('qi7r3h37m1xn1pl9gl26x4bookvq722l','.eJydUDtPwzAQ_i9eaaNz3s3IzsaGkOXHpTFYdmU7laDqf-dCSyhSJ6Sbvrd9YkLOeRJzwiisYQPjbHOLKanf0S-EeZN-HwodfI5WFYukuLKpeAoG3eNV-ydgkmla3Eb2emzrWiM2nHetBtWqxkiEnUJVVwq6poIdcN31ilRclbxtlKpNq7CpKNTJlIXU2R5t_qDIEsp2CxXdM2-Gmq4r-h1UFTwADABkiXgIMaMYrcsxJDac2Ih6ksJgMrhmlFtYnn2haHCWbPCzcxumnUVPAcvXXJAoP4MXKWgr3Q-G5DBBHEm6OrM9BDHS3DkS9sKUk14H9nr-XbWnppD-M26lyp4oPS_FNxu_u--j9xadvwBvX6oY:1vxRwS:5f49PGkQ8sXIQWOcYyo775zyE8B-PwQ8f7rK9aeMJes','2026-03-03 16:45:48.101338'),('qjlpqgtddyhcplxhh3masvr32rwtmdt8','.eJxVjsEKwjAQRP8lV23YJE2a9Ojdm_ewm7Q2WlpoUkHEf7cFDwpzWObNDvNiHtcy-DV3i0-RtUyy469HGO7dtIN4w-k68zBPZUnE9wj_0szPc-zG0zf7VzBgHvZvYayLQjmBQSlnYyAVTB81aILQOBDQabkBIinIbXcvJOq-R4qOrN1KR8zFYyjpkcpzXwrSVCArqS9Ct_Umw-umMeAOAC0Ae38Adq5E8Q:1vvH58:G2ecauxoY_AdLm2N2ytZraXvBnz0lyNwhQ_8bHxvNus','2026-02-25 16:45:46.496405'),('r8vvdreddwwh3vjevxwobqlr5z8a56n1','.eJxVjs0KwjAQhN8lV23YJCRNevTuzXvZzY-NSgtNKoj47rbQg96G-WaGebMelzr0S4lznwPrmGTHX4_Q3-O4gXDD8TpxP411zsS3CN9p4ecpxMdpz_4NDFiGrS2MdUEoJ9Ar5WzwpLxJQYMm8K0DAVHLFRBJQW7VSUjUKSEFR9auow8stUdf8zPX1_YUpGlANeAuwnVadiC4NEa1-gDQAbDPF3ZlROk:1vzge1:kXATyAOGIdHNDG5wJdD8Ug6cHHF2zu91e8-dVz03xWA','2026-03-09 20:52:01.271989'),('rgxciq5bidsnxxnkw6eo8g3fdgindos5','.eJxVjsEOgjAQRP-lV6XZ7dpKe_TuzTvZbUFQAgkUE2P8dyHxoLfJvJnJvFTFS26rZa6nqksqKKP2v55wvNfDBtKNh-uo4zjkqRO9RfSXzvo8pro_fbN_Ay3P7dZGV_qE5JEjkS9TFIquSRasQDx6QKitWYGIQfGrbtCwbRqW5KUs19Ge51xxzN2jy8_tKRhXABVIF6QAhwBWIzkHtAMIAOr9AXT7RNU:1w12BV:3YQHQ33yzW7JU5ZSgNWeHdO1AJ3nlL_TyTnIb5e6L3I','2026-03-13 14:04:09.090526'),('rwgek24qp245sjp9jfa80kgzy06s7wal','.eJxVjsEOwiAQRP-Fq5YsECj06N2bd7IL1FZNmxRqYoz_bkl60NvsvNnJvJnHtQx-zWnxY2Qdk-z46xGGe5oqiDecrjMP81SWkXiN8J1mfp5jepz27F_BgHmo38JYF4VyAoNSzsZAKpg-atAEoXUgIGm5ASIpyG26FxJ13yNFR9ZupQ_MxWMo43Msr7oUpGlANWAvAB2IThmuZCscHOoN7PMFdTJE2Q:1vz1aS:KvsDxyQDOW9teetiUYiHFObNgEPscwNg7-E3KPqFJaE','2026-03-08 01:01:36.771883'),('s54vl26t4viidcptemuyvn3brzrnk4by','.eJxVjs0OgjAQhN-lV6XZ_oBtj969eW92WyoogQSKiTG-uzThoLfJfDOTeTOPa-78urSz7yNzTLLjr0cYHu1YQLzjeJt4mMY898RLhO904ZcptsN5z_4NdLh0pS0aY6NQVmBQypoYSIUmxRpqgnCyIKCt5QaIpCC76SQk1ikhRUvGbKMDLtljyP2zz6_yFGRTgapAX8XJ6caB5tJoqe0BwAGwzxd2IUTo:1vxqIO:amdpdTjf06yLo6NyM5xGFU0J8vCnGLKp-QgVqsNPo1Y','2026-03-04 18:46:04.311973'),('s5bj2h768krhxjxc2z94ovr1qlyd42r5','.eJxVjrEOwjAQQ_8lKzS6S0hJMrKzsUd3SUoLVSu1KRJC_DutxACb5WdbfolAS2nDMucpdEl4ocT-12OK9zxsIN1ouI4yjkOZOpZbRH7pLM9jyv3pm_0baGlutzbW1iXUDilq7WyKrGPdJAOGIR4dIGSjVsCskN2qG1RkmoY4ObZ2He1pLoFi6R5deW5PQdUV6ArhgtqD9geQaCwovQPwAOL9AXSVRNA:1vzwkO:D-4kibedH6mAbAFnIIwo8IfojMuoBvTEqcaRuJi0CsE','2026-03-10 14:03:40.190710'),('srtotcl9e5bgulqpjyo55kqxzvr2jw8k','.eJxVjs0OgjAQhN-lV6XZtlBajt69eSe7_ZEqgYQWE2N8dyHxoLfZ-WYn82I9rmXo1xyWPnnWMcmOvx6hu4dpB_6G03Xmbp7KkojvEf6lmZ9nH8bTN_tXMGAe9m-hjfVCWYFOKWu8I-V09A00BK61ICA0cgNEUpDddBQSmxiRvCVjttIRc-nRlfRI5bkvBakrUBXIi2g7aTsAXhvT1voAsB3s_QF2KETr:1vx74m:nqoW5ygbqJGQ0z2uEkX1WYd0Yu3mMF9Xz0olkI0tlc8','2026-03-02 18:29:00.584118'),('tbzlmthiyo0v8bttgv8ixcb4oz4zwrkg','.eJxVjMEOwiAQRP-FsyEshAoevfsNZJcFqRpISnsy_rsl6UFvk3lv5i0CbmsJW09LmFlchBan344wPlMdgB9Y703GVtdlJjkUedAub43T63q4fwcFexlrmJxnMB4wGuMdRzJxymyVJRXPXoFKVu-ASAP5PWfQaHNGYk_Oic8X2v84AQ:1vP74T:H9HBe6s3BKrojHsCuJmKLvRB2OrWs_eaBEqfKtym19s','2025-12-12 22:36:09.078730'),('tdwr0l03cz84w06hsu6vr1ammlbjozjn','.eJxVjs0KwjAQhN8lV23YTUib9Ojdm_eymx8blRbaVBDx3W2hB70N880M8xYdLaXvljlOXQ6iFUocfz0mf4_DBsKNhuso_TiUKbPcInKnszyPIT5Oe_ZvoKe539pYWxdQOySvtbPBs_Z1CgYMg28cIESjVsCskN2qEyoyKREHx9auow-aS0e-5Gcur-0pqLoCXUF9QdNqaJWR6LBBOAC0AOLzBXV2RNo:1vyX8D:G8zWvmW9wOxo9KsVyoCGaCqfr_LIkVGYMAVkSUP4dMg','2026-03-06 16:30:25.450590'),('tfit7v4t6cjriuu0pjnxlxqqd44spdic','.eJxVjMsOgjAURP-lW6W5fQNL9-7cN7e0V1ACCRQTY_x3S-JCk1nNnDkv5nHLvd_WtPghspYZdvztAnb3NO1DvOF0nXk3T3kZAt8R_l1Xfp5jGk9f9k_Q49qXtyOkulEOgwlKl7gQnKyTLG2KERtqVHJKE9RakA2gHQSMghyBIBJFOuKaPXZ5eAz5WZQSpK1AVdJchGi1bU3DrRDKwgGgBWDvD63qRVc:1w5MhP:AXtBJrR5xfJ4OxiRTj4u91GiaMn6D1awnTAfJuCmkUg','2026-03-25 12:46:59.919134'),('tgdrxwle3nm89czb55oun6k2wijkm2dc','.eJxVjsEOgjAQRP-lV6XZthS7HL17897stiAogYQWE2P8dyHhoLfJvJnJvIWnJXd-Sc3s-yhqocXx12MKj2bcQLzTeJtkmMY89yy3iNxpkpcpNsN5z_4NdJS6ra0qh1EZVBSMQRcDm1C10YJlCCcEBY3VK2DWinHVrdJk25Y4Iju3jg6UsqeQ-2efX9tT0FUBpgB7VafaurospVFYIh4AagDx-QJ270T2:1vyCyC:EvprKkATSAtHOWqx_WPa_1pvyf7tW7FR6zdlTIk5frM','2026-03-05 18:58:44.428817'),('tv6v9rsgez96b22jnlui52rfcdheig9a','.eJxVjE0PgjAQRP9Lr0qzbLG0HL178052-yFVAgkUE2P870LCQZM5zbx5b9HSkrt2mcPUJi8aocXxt2NyjzBsg7_TcBulG4c8JZYbIvd1lpfRh_68s3-CjuZufXMdrdIVK48BQaNmwEpbZIrMNnrjiDQ5653lKlhnYqhrd_IeyegYN2lPc27J5fRM-bUqEVAXoIoSrqVp1kAlV6cCewBoAMTnC-LGRkg:1w01ee:TH1ZiUHjYI2kLd9cS79emOOIj9teCJYcxQO4qYEZMGk','2026-03-10 19:18:04.404407'),('tz6wuiao1q6vb5uv0ilnldv2ss6cl5u5','.eJxVkMtOwzAQRf_FW2g0zsN5LNmzY4eQNWNPiMGyq9ipBFX_HUe0Uru9j6M7cxYat7zoLfGqnRWTkOL5XiM03xx2w35h-IyViSGvjqo9Ul3dVL1Gy_7lmn0ALJiWvW1xMLNqW8PcSdkrA6Sos8gwElPbEPRdAyNI0w9UUpJqqTqi1iririlQjylrNNmdXP4pyBpqdYD6UA9vUk2ymdqmgrEdVPcEMAGUysrHuGbWs_N5jUlMZzGzWVBbTpbvGLCf_W-VwRkf8MUy3nEooP1FYfO-oPE3Bp2icehvGpemjfpUonjTsjtGPZfZ21q0d0Eeg4ni43L5A1jMegc:1vwMwp:U-ebIHki_YalWY-ThwxgdE4AC0YV11xi5h_ATyCg82k','2026-02-28 17:13:43.313738'),('tzwb6u5jncnonodvtu8djzcsph5dgjor','.eJxVkMtOxCAUht-FrTMNUKmlS_fu3BlDDjeLMtAAnWgm8-7S2jGdHfn-y-GcCxIwl1HM2SThNBoQRYc9k6C-TFgE_QnhIzYqhpKcbBZLs6m5eYna-OfNe1cwQh6XNOl6rknLCai25b1WslWd1QwzidUTxwQbRqsgJSWS17clFJi1IDWXfV9LPeQiQBV3duVn-Smm3RHTI2WvhA2PdGj7hveM8u4B4wHjGklmiqkYYZ0vKWY0XFBxUxRxMgmUi6HWnE0okKvZGjWC0CZrs2vH5F-qqxS4G1yltU_NS8l6wDB7f0DKu0rMjpia1VGs025szdq60pwqe0PSQ1ARvR_QqV45ipMLN-sG4PsPXK-_exSQHw:1vvH27:pSmulQzlZEFpqi57wYA_4-tLOlKw4CNKuUj80vZAfaI','2026-02-25 16:42:39.050943'),('u1cwobqxo389s8snrl7bd6rtqrjfea4c','.eJxVjz0PgjAQhv8Lq9JcWwoto7ubO7lri1QJGCgmxvjfbY2Dbnf3fuS5Z9HhFoduW_3SBVe0hSj2vzdCe_VTFtwFp_PM7DzFJRDLFvZVV3acnR8PX-9fwYDrkNO81sZxaThaKY12lqSte6dAEdjGAAevRBKIBCeT5p4LVH2P5AxpnUpHXGOHNoZ7iI9MCqIuQZbCnDhvZdUCsKpRja52AGlJkcy33T40forBYvTplbhs_vUGkxdPig:1w6oP2:mT4MWcfTFXJdu__yceKG6q_UwRkYUJmlm7-aU6gFs1M','2026-03-29 12:34:00.600470'),('umathgh7g446726vjh2rx9hsnosbbmw3','.eJxVjrEOwjAQQ_8lKzS6S0hIMrKzsVd3SUsLVSs1KRJC_DutxACb5WdbfomaltLVS27muk8iCCX2vx5TvDfjBtKNxusk4zSWuWe5ReSXZnmeUjOcvtm_gY5yt7XROp9Qe6SotXcpso62TQYMQzx6QGiMWgGzQvarblGRaVvi5Nm5dXSgXGqKpX_05bk9BWUrUJXSFzwErYOx0hmLzu8AAoB4fwB2aETw:1vuX0W:5sfcjJvjLpIV-Yasvh665HrrzkWQOTOvM8Z3DZslfTM','2026-02-23 15:33:56.987495'),('upeun602d1w97z66u9nh6p71c5e8k697','.eJxVjMsOgjAURP-lW6W5fQNL9-7cN71tlSqBhBYTY_x3S8JClzNz5ryJdWsZ7JrjYlMgPWHk-Nuh8484bUO4u-k2Uz9PZUlIN4Tua6bnOcTxtLN_gsHlYXsH1_qrltLHqBgz2gNqVMFF6DCiFAhGCeiAedNipRhyphWiDBqjElU6ulys8yU9U3lVJQeuG-ANNxeAXqieS9ppZQwcagYgny-4X0Vg:1vvlpE:R8-CCQkt-ZXEJFjqMs7iL6WmTo9Ardl_VUdrBwt_610','2026-02-27 01:35:24.993150'),('uylq7lfhkjewdi00wzo3ep56e6fkip1v','.eJxVjjEPwiAUhP8Lq5Y8oFRgdHdzJ-9Ba6tNmxRqYoz_3ZJ00O1y393l3szjmnu_pnbxQ2SOSXb89QjDo50KiHecbjMP85SXgXiJ8J0mfpljO5737N9Aj6kvbdEYG4WyAoNS1sRAKjRd1KAJwsmCgFbLDRBJQXbTnZCouw4pWjJmGx0xZY8hD88hv8pTkE0FspKnq6hdbZ00vLbKKDgAOAD2-QJ24UTw:1vvz9k:pnMrKXLElyx3_cmXur2GGQi5r6EWYR2-S7--s-3KOAc','2026-02-27 15:49:28.533990'),('vcjelk1krbfva0y2xvk2ems02s21xnqe','.eJxVjjEPwiAUhP8Lq5Y8oFDo6O7mTt4DaqtNmxRqYoz_3TZx0O1y393lXszjWnq_5rT4IbKWSXb89QjDPU07iDecrjMP81SWgfge4V-a-XmOaTx9s38DPeZ-bwtjXRTKCQxKORsDqWC6qEEThMaBgKTlBoikILfpTkjUXYcUHVm7jY6Yi8dQhsdQnvtTkKYCVYG-CN1C09aW19CY2h0AWgD2_gB2WUTt:1vyAIn:Qk28NIlZmG0YDa2v9LiZckAP-U0zxKR1MCgvHmJYnkE','2026-03-05 16:07:49.263507'),('vmln50pz6d0bv7l455hj5puypyu63ftb','.eJxVjL0OgjAURt-lq9Lc_peO7m7uTVtupUoggWJijO8uJA66fuc750V8WGvv1wVnXzriCCPH3y2GdMdxB90tjNeJpmmsc4l0v9AvXeh56nA4fb9_gT4s_WaLjDwmIW0bIXUKjbbKmKCExtiC5RKUVDaYLDEZwWICyzK2mK3m0FqxRYewVB9SLY9Sn1uSA9cNiIbxC5OOC8eAWiM24QDgAMj7A1SDRD4:1w0gwQ:y160yT_8YOUqYvxSg7pAhhUtLbHkh1XN4tamq1nO-D8','2026-03-12 15:23:10.918290'),('vsg4au62feohv3mvfsgr0i1qxeholvmw','.eJxVjMsOgjAURP-lW6W5fVlg6d6d--aW9gpKIKHFxBj_3ZKw0GRWM2fOmzlcc-_WFBc3BNYyw46_ncfuEadtCHecbjPv5ikvg-cbwvc18csc4nje2T9Bj6kvb0tIdaMseuOVLrHeW1lHWdoYAjbUqGiVJqi1oJMHbcFjEGQJBJEo0hFTdtjl4TnkV1FKkKcKVCXgKkyrdQmXxgppDgAtAPt8Aa1XRVI:1vzzGG:undbOjWFdzN8mJF7ZydDn5DaohF5Aw5-Yf1yZ0ZSg8A','2026-03-10 16:44:44.313158'),('vtycnw4wi8pu2xwbk0n1ztp6fyy1hv0l','.eJxVjjEPwiAUhP8Lq5Y8oCB0dHdzb96DYtGmTVpqYoz_3ZJ00O1y393l3qzFNfftunRzmwJrmGTHX4_QP7qxgHDH8TZxP415TsRLhO904ZcpdMN5z_4N9Lj0pS2MdUEoJ9Ar5WzwpLyJQYMm8CcHAjotN0AkBblNRyFRx4gUHFm7jQ645BZ9Ts-UX-UpSFOBqsBdhWpq09SWy5PWAAeABoB9vnZxROc:1vzawa:0M_fEAbMR-3BGPIt6AQdbqHjkVRwR0y-Xir08lFbvf8','2026-03-09 14:46:48.281681'),('w0qznzbd7wmcogwbgfpbtwckbs08hj0o','.eJxVjMsOgjAURP-lW6W5fVno0r079-SW9gpKIKHFxBj_3ZKw0GRWM2fOm7W45r5dU1zaITDHDDv-dh67R5y2Idxxus28m6e8DJ5vCN_XxC9ziON5Z_8EPaa-vC0h1Y2y6I1XusR6b2UdZWljCNhQo6JVmqDWgk4etAWPQZAlEESiSEdMucUuD88hv4pSgjxVoCohr1I4aZzWHFRjtDkAOAD2-QKtVUVU:1w0nXM:HkjoAYfrUxjE1aADTE-d2TeIpoBfCldgZhEEyZ4IVOo','2026-03-12 22:25:44.096158'),('w5iybv5o71gvzem8170dsmedsvkn0r88','.eJxVjMEOgjAQRP-lV6XZbYGlHL178062tCsogUSqiTH-uyXxoMmcZt68l-r4nobuvsZbNwbVqkrtfzvP_TXO2xAuPJ8X3S9zuo1eb4j-rqs-LiFOhy_7Jxh4HfKbhKVxlthX3pY55D2ZJprcxhDYibORbCnQlCi1h5LAc0AhARTBLJ14TR33aXyM6ZmVBkxdgC2QTujaqmoRtcGaGrcDaAHU-wOuhEVk:1w2aVT:UTLKwgdKkLJnq0HCH8CbMDRhKYQE5u9pSK7ubVoOGy0','2026-03-17 20:55:11.280493'),('wz67shwm75sw47amuwf5gplfjhtzs1w2','.eJxVjMsOgjAURP-lW6W5fUhLl-7duSe3tFdQAgktJsb475aEhSazmjlz3qzFNfftmuLSDoE5dmLH385j94jTNoQ7TreZd_OUl8HzDeH7mvhlDnE87-yfoMfUl7chJNsog_7klS4x3htpoyxtDAEbalQ0ShNYLaj2oA14DIIMgSASRTpiyi12eXgO-VWUEmRdgaqEuArrwDpdc6i1UPoA4ADY5wutnEVU:1w0NzC:uBnJzWWAm4itpgaLNg3PC_H9OkSdu4yrvYO8SBEgZTg','2026-03-11 19:08:46.336019'),('xfv9obiji44vgqhd2jxg4entgn27vvsd','.eJxVjsEOwiAQRP-Fq0oWkAocvXvzTnahtdWmTQo1McZ_F5IeNJnDZt7sZN7M45p7v6Z28UNkjkm2__UIw6OdKoh3nG4zD_OUl4F4jfCNJn6ZYzuet-xfQY-pr9-iMTYKZQUGpayJgVRouqhBE4STBQGtlgUQSUG23J2QqLsOKVoyppSOmLLHkIfnkF91KcjmAKroKqxT4PSRG9BKmh2AA2CfL3XpROQ:1vxVSI:Ipt6PEpGk1RaqUd28sTTU9Vf4a4xepaIAZZ_tux4lF0','2026-03-03 20:30:54.835668'),('xig18kjs096aoo3lbmk44iwxcl88jfpo','.eJxVjMEOwiAQRP-FsyEshAoevfsNZJcFqRpISnsy_rsl6UFvk3lv5i0CbmsJW09LmFlchBan344wPlMdgB9Y703GVtdlJjkUedAub43T63q4fwcFexlrmJxnMB4wGuMdRzJxymyVJRXPXoFKVu-ASAP5PWfQaHNGYk_Oic8X2v84AQ:1vLNnQ:L0et8vKSULenJD2FDAu6MHyK6-X0hIdbQuaCxSqmCU4','2025-12-02 15:39:08.016845'),('xktg2m3dvi9oquu4yqb34utc25mxq053','.eJxVjDEOwyAQBP9CHSHAhw0p0_sN6A6O4CTCkrGrKH-PLblIim12ZvctAm5rCVvjJUxJXAWIy29HGJ9cD5AeWO-zjHNdl4nkociTNjnOiV-30_07KNjKvs7amdjbPQaN1Z1OOns1AHnIxBrQu5wyeOfIKWs6o1Ep7k2kpAh4EJ8vy2o3aA:1vnhHk:wkdOx8B9M4fLs65aUqLXQrjxBMijtu_7GfzXPfy-yJM','2026-02-18 18:07:28.887609'),('xsktawitzqh4l05xdq8ezlq25b2p2gnf','.eJxVjzsPgjAUhf8Lq9Jc-i6ju5s7uS0XqRIwUEyM8b9bjIOu5_HlnGfR4Jr6Zl1obmJb1EVV7H81j-FK42a0FxzPEwvTmObo2RZhX3dhx6ml4fDN_gF6XPrcFh1xH4S0zkNoFRltlTGohCbvwHIJSiqLppMUjKh8AFt15KizmoOzIkMHXFKDIcV7TI-M5MB1CaKs9ImLmvMaJHNSWmF2ADVArmz71ttnDY0pBkyUr6R5pdcbYChO5w:1w2HG9:DTpRSWD_1_8ooSO3QeuwgIWoDysrhvFmpiU_o3v44Ds','2026-03-17 00:22:05.383200'),('xx0p1s05c70ohodqu7sq4olj3f3wjd9s','.eJxVjMsOgjAURP-lW6W5fUChS_fu3De3tFdQAgktJsb475bEhSazOjNzXszhlge3pbi6MTDLanb8ZR77e5z3Itxwvi68X-a8jp7vE_5tEz8vIU6n7_ZPMGAaytsQUtspg772SpcY741soyw0hoAddSoapQlaLajxoA14DIIMgSASRTphyg77PD7G_CxKCbKpQFUSLqKxtbJgeGES1AHAArD3B6zcRUY:1w3d5v:HV9ChyP9FoRr0NDrSV-TTHrA6NT1nZjr4DO1nj9ofLk','2026-03-20 17:53:07.299744'),('y5y09xf1kyenvtt4315mqy7t1x9pwele','.eJxdkEtvwyAQhP8L1zoWj2CDj7n31jtaHq5pMUQGR4mi_PfiJpHSnnb0zexKs1ekYC2TWrNblLdoQBQ1r0yD-XZxM-wXxM_UmhTL4nW7RdqHm9v3ZF04PLJ_DkyQp22bdEJawiQBw5gU1mhmutFyzDU2vcQEO06roTUlWlY9Egp8HEFbqYWoRxd3TEtxavShLCmj4YpmV0dcQ2gQRJ-euvhjUmZ1scBvqTs1wVfiXojLBWxSpy34ZHPtl9Ts4z8A5zu4NShALgpM8SdfLtvLMO12mO5I_0H4wMRA9y0X_Z7RN4wHjNHtB7D8duo:1vsN9c:5YXz8LXO_6ADJT4k_eg696LaOC9JbTvGVLWG8-sDrQo','2026-02-17 16:38:24.646063'),('yaikr70gec9vwpsu0k95o4wskeoqjkph','.eJxdkEFuwyAQRe_Cto0FpjjGy-676x4NMNS0DliAo1ZR7l7sJFXSHXrz3xczJ6JgKaNaMiblLRlIS57vmQbzhWEd2E8IH7ExMZTkdbNGmus0N2_R4vR6zT4UjJDH1WZdLy3jkoHhXPbWaG46ZwUVmpq9pIyiaOtA65ZpWd-OtSCcA22l7vtaOkEuCkzxR19-1p_SttvRdsfkO-sHsR9eZLMXnAv-ROlAaVUSzjEVVM5PJcVMhhMpfo4qzpjA-BhqzRFDgVzDDs0IymK2SIawTNMN1RUK3NDmm2WVtoNdqJl8JXhHsDo2qq39wXV1hSX9sUO9Z1QHH_4B-L6A8_kX06SNig:1vt9Dh:0Hhf0Jsyl49vVwz1pXq_SuqFjuCflaaNySudV2C7qoA','2026-02-19 19:57:49.758416'),('ybhoafvl4b6nb70993l36251l0debax6','.eJxVkEtrAyEUhf-L2yaDj45Rl913l10ocn11bEWDOoES8t_rkFDS3eV85xwO94o0rH3Ra_NVR4cUomj3rBmw3z5vwH1B_iyTLbnXaKbNMj1om96L8-nt4f1XsEBbtjThQjrCJAHLmBTOGmZ5cDOeDbYHiQn2Mx3AGEqMHHcgFOYQwDhphBilCVrXYHu8xP6zLcWU7zHdU34kXL0eFGOTIIJx-YKxwnhEqj-X2r0OMfVaGlJXFLxdQDvfnH_qwGS472gM7oBUXlPaIZuiz6Nge81d8YO6oi9D_nP1eC46jGlrHdoJmQTZFvRxu_0CqapxtQ:1vveWU:3HKiuXLf4RD8AUSDhd2Xlkxr9AaZF_y7_Mt0Hr0vUT4','2026-02-26 17:47:34.105434'),('ymp8hkdc905sfvg6e28ugrfpp0uc4xqk','.eJxVj8tuwyAQRf-FtWUBll3jZfb5g0pogKEmwRDxqCJF-ffg1pXS3ejcM1czDyKhllXWjEk6QxbCSffOFOgrhj0wFwhfsdcxlORUvyv9keb-HA360-H-K1ghr_s2m2Zh2CAY6GEQs9Fq0JM1Ix0V1R-CMoojb4FSnCnRZss4jNaCMkLNcytNeIupoLTOlxQzWR5kw3ycDJ-VUssiWTjlU0eKu0WpK4YCP3-F6n1HtHeN4BvBXMBE-b2Lrao1be3BKDcX_pQDwP0XPJ8vd3hnQw:1vnIog:1-0_gUWGwbtNNKmij0Koiel7IW1GDMC23CZfQy2s_N8','2026-02-17 15:59:50.400909'),('ynmlxf6reqila84xfh49jcpvifezqz9n','.eJxVjL0OwiAURt-FVUsulJ-W0d3NnXABLdq0SaEmxvju0qSDrt8533kT69Yy2DXHxaZADGHk-Luh8484bSDc3XSbqZ-nsiSkm0J3mul5DnE87e5fYHB52N7Bdf6qhPAxSsa08oAKZXAReowoWgQtW-iBed1htRhypiSiCAqjbGt0dLlY50t6pvKqSQ5cNcAbri9MGK4MaKq7OuoDgAEgny-4m0Vi:1vvyn9:B4ohAIcQ56zqdryAF-AQbKClMPjz3Z4mTOyo5DdvCKY','2026-02-27 15:26:07.897338'),('yugl2o1wq8vbd4i0vrn23zgt0dgw529p','.eJxdkMtuwyAQRf-FbR0LsPzAy-y76x4NMMS0DliAo1ZR_r04jyrpbnTuvfM6EwlrnuSaMEpnyEg4qZ6ZAv2FfhPMJ_hDqHXwOTpVb5b6rqb6PRic93fvS4MJ0rSlWTcIwxrBQDeNGIxWje6saWmrqO4FZRRbXgSlOFOi1JZxaK0FZYQahtI04hJiRmndnGNIZDyT7JYgw4IRtAu-jDlAykWqiEU9gTSYDJLRr_P8QGWfDA90zesVfYbr9TeqZ1cIPhEsGRPkaTO-ZC3ovMY_dizPCfLo_D8A3zdwqchc5suScieXf7Z_U97tKN-x_oN1I6Mj6-pW9A3r3igdKSWXX0JUjXo:1vsNeT:5BHD9pQqKFWCxFRnQgTdHK4Ajd2eUTIs-bujTBH6haA','2026-02-17 17:10:17.000607'),('zjoepwt7i3wfmbtcec2g8ixe6w6e55wv','.eJxVjjEPwiAUhP8Lq5Y8IFDo6O7mTt4DaqumTQo1Mcb_bkk66Ha57-5yb-ZxLYNfc1r8GFnHJDv-eoThnqYK4g2n68zDPJVlJF4jfKeZn-eYHqc9-zcwYB5qWxjrolBOYFDK2RhIBdNHDZogtA4EJC03QCQFuU33QqLue6ToyNpt9IG5eAxlfI7lVZ-CNA2oBvRFmE7rTrbcGiuFPAB0AOzzBXaEROs:1vyByx:GSG8dDLqhOH4ht6EoonYjoNpL7xnOcKWJu1E0FotTXM','2026-03-05 17:55:27.884333'),('zx33rcjolfoaoog8nkdbz1lhl15ftrtt','.eJxVjsEOgjAQRP-lV6XZbVNoOXr35r3ZbUFQAwktJsb479KEg95m581O5i08rXnwa-oWP0bRCiWOvx5TuHdTAfFG03WWYZ7yMrIsEbnTJM9z7B6nPftXMFAayjfW1kXUDilo7WwMrEPdRwOGITQOEDqjNsCskN2me1Rk-p44OrZ2K31Qyp5CHp9jfpWloOoKdIVwwaY10EIjLdRa4wG2A8TnC3VmRNs:1w01Db:dj1PXtRPrFrJP6bYQXPo0hlr5k-rKn1hl9foDlt6YWQ','2026-03-10 18:50:07.872170'),('zxw2gkmayfn3043tn868f0teojzsmbqn','.eJxVjMEOwiAQRP-FsyEshAoevfsNZJcFqRpISnsy_rsl6UFvk3lv5i0CbmsJW09LmFlchBan344wPlMdgB9Y703GVtdlJjkUedAub43T63q4fwcFexlrmJxnMB4wGuMdRzJxymyVJRXPXoFKVu-ASAP5PWfQaHNGYk_Oic8X2v84AQ:1vP75z:MoPbJbKFPfFt7-cWZCy_f8Gx4G5E9kGsA1l5GKhw8lY','2025-12-12 22:37:43.254124');
/*!40000 ALTER TABLE `django_session` ENABLE KEYS */;
UNLOCK TABLES;

--
-- Table structure for table `extrusoras`
--

DROP TABLE IF EXISTS `extrusoras`;
/*!40101 SET @saved_cs_client     = @@character_set_client */;
/*!50503 SET character_set_client = utf8mb4 */;
CREATE TABLE `extrusoras` (
  `Id` int NOT NULL,
  `Extrusora` text,
  `Bloqueado` text,
  PRIMARY KEY (`Id`)
) ENGINE=InnoDB DEFAULT CHARSET=utf8mb3;
/*!40101 SET character_set_client = @saved_cs_client */;

--
-- Dumping data for table `extrusoras`
--

LOCK TABLES `extrusoras` WRITE;
/*!40000 ALTER TABLE `extrusoras` DISABLE KEYS */;
INSERT INTO `extrusoras` VALUES (1,'Aluar',NULL),(2,'HYDRO',NULL);
/*!40000 ALTER TABLE `extrusoras` ENABLE KEYS */;
UNLOCK TABLES;

--
-- Table structure for table `facturacion_factura`
--

DROP TABLE IF EXISTS `facturacion_factura`;
/*!40101 SET @saved_cs_client     = @@character_set_client */;
/*!50503 SET character_set_client = utf8mb4 */;
CREATE TABLE `facturacion_factura` (
  `id` bigint NOT NULL AUTO_INCREMENT,
  `tipo` varchar(1) NOT NULL,
  `numero` int NOT NULL,
  `fecha` date NOT NULL,
  `subtotal_neto` decimal(12,2) NOT NULL,
  `iva_21` decimal(12,2) NOT NULL,
  `iva_105` decimal(12,2) NOT NULL,
  `iva_27` decimal(12,2) NOT NULL,
  `exento` decimal(12,2) NOT NULL,
  `total` decimal(12,2) NOT NULL,
  `cae` varchar(14) NOT NULL,
  `cae_vencimiento` date DEFAULT NULL,
  `estado` varchar(20) NOT NULL,
  `observaciones_afip` longtext NOT NULL,
  `created_at` datetime(6) NOT NULL,
  `updated_at` datetime(6) NOT NULL,
  `cliente_id` bigint NOT NULL,
  `punto_venta_id` bigint NOT NULL,
  `venta_id` bigint DEFAULT NULL,
  PRIMARY KEY (`id`),
  UNIQUE KEY `facturacion_factura_tipo_punto_venta_id_numero_570a0253_uniq` (`tipo`,`punto_venta_id`,`numero`),
  UNIQUE KEY `venta_id` (`venta_id`),
  KEY `facturacion_factura_punto_venta_id_3b8924bb_fk_facturaci` (`punto_venta_id`),
  KEY `facturacion_factura_cliente_id_a467a777_fk_comercial_cliente_id` (`cliente_id`),
  CONSTRAINT `facturacion_factura_cliente_id_a467a777_fk_comercial_cliente_id` FOREIGN KEY (`cliente_id`) REFERENCES `comercial_cliente` (`id`),
  CONSTRAINT `facturacion_factura_punto_venta_id_3b8924bb_fk_facturaci` FOREIGN KEY (`punto_venta_id`) REFERENCES `facturacion_puntoventa` (`id`),
  CONSTRAINT `facturacion_factura_venta_id_abf3f20d_fk_comercial_venta_id` FOREIGN KEY (`venta_id`) REFERENCES `comercial_venta` (`id`)
) ENGINE=InnoDB DEFAULT CHARSET=utf8mb3;
/*!40101 SET character_set_client = @saved_cs_client */;

--
-- Dumping data for table `facturacion_factura`
--

LOCK TABLES `facturacion_factura` WRITE;
/*!40000 ALTER TABLE `facturacion_factura` DISABLE KEYS */;
/*!40000 ALTER TABLE `facturacion_factura` ENABLE KEYS */;
UNLOCK TABLES;

--
-- Table structure for table `facturacion_facturaitem`
--

DROP TABLE IF EXISTS `facturacion_facturaitem`;
/*!40101 SET @saved_cs_client     = @@character_set_client */;
/*!50503 SET character_set_client = utf8mb4 */;
CREATE TABLE `facturacion_facturaitem` (
  `id` bigint NOT NULL AUTO_INCREMENT,
  `descripcion` varchar(200) NOT NULL,
  `cantidad` decimal(10,3) NOT NULL,
  `precio_unitario` decimal(12,2) NOT NULL,
  `alicuota_iva` decimal(5,2) NOT NULL,
  `subtotal` decimal(12,2) NOT NULL,
  `iva` decimal(12,2) NOT NULL,
  `total` decimal(12,2) NOT NULL,
  `factura_id` bigint NOT NULL,
  `producto_id` bigint DEFAULT NULL,
  PRIMARY KEY (`id`),
  KEY `facturacion_facturai_factura_id_5cf164c9_fk_facturaci` (`factura_id`),
  KEY `facturacion_facturai_producto_id_8a3064f1_fk_productos` (`producto_id`),
  CONSTRAINT `facturacion_facturai_factura_id_5cf164c9_fk_facturaci` FOREIGN KEY (`factura_id`) REFERENCES `facturacion_factura` (`id`),
  CONSTRAINT `facturacion_facturai_producto_id_8a3064f1_fk_productos` FOREIGN KEY (`producto_id`) REFERENCES `productos_producto` (`id`)
) ENGINE=InnoDB DEFAULT CHARSET=utf8mb3;
/*!40101 SET character_set_client = @saved_cs_client */;

--
-- Dumping data for table `facturacion_facturaitem`
--

LOCK TABLES `facturacion_facturaitem` WRITE;
/*!40000 ALTER TABLE `facturacion_facturaitem` DISABLE KEYS */;
/*!40000 ALTER TABLE `facturacion_facturaitem` ENABLE KEYS */;
UNLOCK TABLES;

--
-- Table structure for table `facturacion_libroivaventas`
--

DROP TABLE IF EXISTS `facturacion_libroivaventas`;
/*!40101 SET @saved_cs_client     = @@character_set_client */;
/*!50503 SET character_set_client = utf8mb4 */;
CREATE TABLE `facturacion_libroivaventas` (
  `id` bigint NOT NULL AUTO_INCREMENT,
  `periodo` date NOT NULL,
  `neto_gravado_21` decimal(12,2) NOT NULL,
  `iva_21` decimal(12,2) NOT NULL,
  `neto_gravado_105` decimal(12,2) NOT NULL,
  `iva_105` decimal(12,2) NOT NULL,
  `neto_gravado_27` decimal(12,2) NOT NULL,
  `iva_27` decimal(12,2) NOT NULL,
  `exento` decimal(12,2) NOT NULL,
  `total` decimal(12,2) NOT NULL,
  `created_at` datetime(6) NOT NULL,
  `factura_id` bigint NOT NULL,
  PRIMARY KEY (`id`),
  KEY `facturacion_libroiva_factura_id_e459a54b_fk_facturaci` (`factura_id`),
  CONSTRAINT `facturacion_libroiva_factura_id_e459a54b_fk_facturaci` FOREIGN KEY (`factura_id`) REFERENCES `facturacion_factura` (`id`)
) ENGINE=InnoDB DEFAULT CHARSET=utf8mb3;
/*!40101 SET character_set_client = @saved_cs_client */;

--
-- Dumping data for table `facturacion_libroivaventas`
--

LOCK TABLES `facturacion_libroivaventas` WRITE;
/*!40000 ALTER TABLE `facturacion_libroivaventas` DISABLE KEYS */;
/*!40000 ALTER TABLE `facturacion_libroivaventas` ENABLE KEYS */;
UNLOCK TABLES;

--
-- Table structure for table `facturacion_puntoventa`
--

DROP TABLE IF EXISTS `facturacion_puntoventa`;
/*!40101 SET @saved_cs_client     = @@character_set_client */;
/*!50503 SET character_set_client = utf8mb4 */;
CREATE TABLE `facturacion_puntoventa` (
  `id` bigint NOT NULL AUTO_INCREMENT,
  `numero` int NOT NULL,
  `nombre` varchar(100) NOT NULL,
  `activo` tinyint(1) NOT NULL,
  PRIMARY KEY (`id`),
  UNIQUE KEY `numero` (`numero`)
) ENGINE=InnoDB DEFAULT CHARSET=utf8mb3;
/*!40101 SET character_set_client = @saved_cs_client */;

--
-- Dumping data for table `facturacion_puntoventa`
--

LOCK TABLES `facturacion_puntoventa` WRITE;
/*!40000 ALTER TABLE `facturacion_puntoventa` DISABLE KEYS */;
/*!40000 ALTER TABLE `facturacion_puntoventa` ENABLE KEYS */;
UNLOCK TABLES;

--
-- Table structure for table `hoja`
--

DROP TABLE IF EXISTS `hoja`;
/*!40101 SET @saved_cs_client     = @@character_set_client */;
/*!50503 SET character_set_client = utf8mb4 */;
CREATE TABLE `hoja` (
  `Id` int NOT NULL,
  `idmarco` int DEFAULT NULL,
  `Descripci_n` text,
  `Cantidad` int DEFAULT NULL,
  `Predeterminado` text,
  `no_verificado` text,
  `Bloqueado` text,
  PRIMARY KEY (`Id`)
) ENGINE=InnoDB DEFAULT CHARSET=utf8mb3;
/*!40101 SET character_set_client = @saved_cs_client */;

--
-- Dumping data for table `hoja`
--

LOCK TABLES `hoja` WRITE;
/*!40000 ALTER TABLE `hoja` DISABLE KEYS */;
INSERT INTO `hoja` VALUES (1,6,'Hoja test',1,NULL,NULL,'Si'),(2,6,'HOJA DVH',NULL,NULL,NULL,NULL),(3,7,'4 HOJAS DVH',NULL,NULL,NULL,NULL),(4,8,'BANDEROLA DVH',NULL,NULL,NULL,NULL),(5,9,'CORREDIZA 3 HOJAS 3 GUIAS',1,NULL,NULL,NULL),(6,11,'CORREDIZA 3 HOJAS 3 GUIAS',NULL,NULL,NULL,NULL),(7,9,'CORREDIZA 3 HOJAS 3 GUIAS',1,NULL,NULL,NULL),(8,9,'CORREDIZA 3 HOJAS 3 GUIAS DVH',NULL,NULL,NULL,NULL),(9,12,'',1,NULL,NULL,'Si'),(10,12,'BRAZO DE EMPUJE DVH',1,NULL,NULL,NULL),(11,13,'',1,NULL,NULL,NULL),(12,14,'RAJA DE ABRIR',NULL,NULL,NULL,NULL),(13,15,'RAJA DE ABRIR EN DOS HOJAS',1,NULL,NULL,NULL),(14,16,'OSCILOBATIENTE',NULL,NULL,NULL,NULL),(15,17,'PUERTA MOD 1 TODO VIDRIO',NULL,NULL,NULL,NULL),(16,18,'PUERTA MODELO 2 (CON TRAV Y VIDRIO )',NULL,NULL,NULL,NULL),(17,19,'PUERTA MODELO 3 (CON TRAV ,REVESTIMIENTO Y VIDRIO )',NULL,NULL,NULL,NULL),(18,20,'PUERTA MODELO 4 (CIEGA CON REVESTIMIENTO )',1,NULL,NULL,NULL),(19,7,'4 HOJAS VIDRIO SIMPLE',1,NULL,NULL,NULL),(20,21,'PROYECTANTE CON TIJERA',NULL,NULL,NULL,NULL),(21,23,'BRAZO DE EMPUJE',NULL,NULL,NULL,NULL),(22,24,'CORREDIZA HOJA DVH',NULL,NULL,NULL,NULL),(23,24,'CORREDIZA HOJA VIDRIO SIMPLE',NULL,NULL,NULL,NULL),(24,25,'CORREDIZA HOJA DVH 3 HOJAS 3 GUIAS',NULL,NULL,NULL,NULL),(25,26,'BANDEROLA DVH',NULL,NULL,NULL,NULL),(26,26,'BANDEROLA VIDRIO SIMPLE',NULL,NULL,NULL,NULL),(27,27,'BRAZO EMPUJE HOJA DVH',NULL,NULL,NULL,NULL),(28,27,'BRAZO EMPUJE HOJA VIDRIO SIMPLE',NULL,NULL,NULL,NULL),(29,28,'RAJA DE ABRIR DVH 1 HOJA',NULL,NULL,NULL,NULL),(30,29,'RAJA DE ABRIR EN DOS HOJAS VIDRIO DVH',NULL,NULL,NULL,NULL),(31,29,'RAJA DE ABRIR EN DOS HOJAS VIDRIO SIMPLE',NULL,NULL,NULL,NULL),(32,28,'RAJA DE ABRIR EN 1 HOJA VIDRIO SIMPLE',NULL,NULL,NULL,NULL),(33,30,'OSCILOBATIENTE DVH',NULL,NULL,NULL,NULL),(34,30,'OSCILOBATIENTE VIDRIO SIMPLE',NULL,NULL,NULL,NULL),(35,32,'PAÑO FIJO DVH',NULL,NULL,NULL,NULL),(36,32,'PAÑO FIJO VIDRIO SIMPLE',NULL,NULL,NULL,NULL),(37,33,'CORREDIZA 4 HOJAS 2 GUIAS DVH',NULL,NULL,NULL,NULL),(38,33,'CORREDIZA 4 HOJAS 2 GUIAS VIDRIO SIMPLE',NULL,NULL,NULL,NULL),(39,34,'CORREDIZA 4 HOJAS 2 GUIAS DVH',NULL,NULL,NULL,NULL),(40,34,'CORREDIZA 4 HOJAS 2 GUIAS VIDRIO SIMPLE',NULL,NULL,NULL,NULL),(41,22,'CORREDIZA 2 HOJAS 2 GUIAS DVH',NULL,NULL,NULL,NULL),(42,22,'CORREDIZA 2 HOJAS 2 GUIAS VIDRIO SIMPLE',NULL,NULL,NULL,NULL),(43,36,'BANDEROLA DVH',NULL,NULL,NULL,NULL),(44,36,'BANDEROLA VIDRIO SIMPLE',NULL,NULL,NULL,NULL),(45,23,'BRAZO DE EMPUJE DVH',NULL,NULL,NULL,NULL),(46,23,'BRAZO DE EMPUJE VIDRIO SIMPLE',NULL,NULL,NULL,NULL),(47,39,'OSCILOBATIENTE DVH',NULL,NULL,NULL,NULL),(48,39,'OSCILOBATIENTE VIDRIO SIMPLE',NULL,NULL,NULL,NULL),(49,40,'RAJA DE ABRIR DVH 1 HOJA',NULL,NULL,NULL,NULL),(50,40,'RAJA DE ABRIR EN 1 HOJA VIDRIO SIMPLE',NULL,NULL,NULL,NULL),(51,41,'RAJA DE ABRIR EN DOS HOJAS VIDRIO DVH',NULL,NULL,NULL,NULL),(52,41,'RAJA DE ABRIR EN DOS HOJAS VIDRIO SIMPLE',NULL,NULL,NULL,NULL);
/*!40000 ALTER TABLE `hoja` ENABLE KEYS */;
UNLOCK TABLES;

--
-- Table structure for table `interior`
--

DROP TABLE IF EXISTS `interior`;
/*!40101 SET @saved_cs_client     = @@character_set_client */;
/*!50503 SET character_set_client = utf8mb4 */;
CREATE TABLE `interior` (
  `Id` int NOT NULL,
  `Idhoja` int DEFAULT NULL,
  `Descripci_n` text,
  `Predeterminado` text,
  `no_verificado` text,
  `Bloqueado` text,
  PRIMARY KEY (`Id`)
) ENGINE=InnoDB DEFAULT CHARSET=utf8mb3;
/*!40101 SET character_set_client = @saved_cs_client */;

--
-- Dumping data for table `interior`
--

LOCK TABLES `interior` WRITE;
/*!40000 ALTER TABLE `interior` DISABLE KEYS */;
/*!40000 ALTER TABLE `interior` ENABLE KEYS */;
UNLOCK TABLES;

--
-- Table structure for table `l_neas`
--

DROP TABLE IF EXISTS `l_neas`;
/*!40101 SET @saved_cs_client     = @@character_set_client */;
/*!50503 SET character_set_client = utf8mb4 */;
CREATE TABLE `l_neas` (
  `Id` int NOT NULL,
  `Idextrusora` int DEFAULT NULL,
  `L_nea` text,
  `Bloqueado` text,
  PRIMARY KEY (`Id`)
) ENGINE=InnoDB DEFAULT CHARSET=utf8mb3;
/*!40101 SET character_set_client = @saved_cs_client */;

--
-- Dumping data for table `l_neas`
--

LOCK TABLES `l_neas` WRITE;
/*!40000 ALTER TABLE `l_neas` DISABLE KEYS */;
INSERT INTO `l_neas` VALUES (1,1,'Modena',NULL),(2,1,'A 30',NULL),(3,2,'ROTONDA 640 A 45°',NULL);
/*!40000 ALTER TABLE `l_neas` ENABLE KEYS */;
UNLOCK TABLES;

--
-- Table structure for table `marco`
--

DROP TABLE IF EXISTS `marco`;
/*!40101 SET @saved_cs_client     = @@character_set_client */;
/*!50503 SET character_set_client = utf8mb4 */;
CREATE TABLE `marco` (
  `Id` int NOT NULL,
  `idproducto` int DEFAULT NULL,
  `Descripci_n` text,
  `Predeterminado` text,
  `no_verificado` text,
  `forma_dibujo` int DEFAULT NULL,
  `Bloqueado` text,
  PRIMARY KEY (`Id`)
) ENGINE=InnoDB DEFAULT CHARSET=utf8mb3;
/*!40101 SET character_set_client = @saved_cs_client */;

--
-- Dumping data for table `marco`
--

LOCK TABLES `marco` WRITE;
/*!40000 ALTER TABLE `marco` DISABLE KEYS */;
INSERT INTO `marco` VALUES (1,1,NULL,NULL,NULL,NULL,'Si'),(2,1,NULL,NULL,NULL,NULL,'Si'),(3,1,NULL,NULL,NULL,NULL,'Si'),(4,1,NULL,NULL,NULL,NULL,'Si'),(5,1,NULL,NULL,NULL,NULL,'Si'),(6,1,'Marco corrediza',NULL,NULL,NULL,NULL),(7,16,'MARCO CORREDIZA',NULL,NULL,NULL,NULL),(8,2,'BANDEROLA',NULL,NULL,NULL,NULL),(9,15,'CORREDIZA 3 HOJAS 3 GUIAS',NULL,NULL,NULL,'Si'),(10,15,'CORREDIZA 3 HOJAS 3 GUIAS',NULL,NULL,NULL,'Si'),(11,13,'CORREDIZA 3 HOJAS 3 GUIAS',NULL,NULL,NULL,NULL),(12,3,'Brazo de empuje',NULL,NULL,NULL,NULL),(13,5,'PAÑO FIJO DVH',NULL,NULL,NULL,NULL),(14,6,'RAJA DE ABRIR 1 HOJA',NULL,NULL,NULL,NULL),(15,7,'RAJA DE ABRIR EN DOS HOJAS',NULL,NULL,NULL,NULL),(16,8,'MARCO OSCILOBATIENTE',NULL,NULL,NULL,NULL),(17,9,'PUERTA MODELO 1(TODO VIDRIO)',NULL,NULL,NULL,NULL),(18,10,'PUERTA MODELO 2 CONTRAVESAÑO DOS VIDRIOS',NULL,NULL,NULL,NULL),(19,11,'PUERTA MODELO 3 (CON TRAV ,REVESTIMIENTO Y VIDRIO )',NULL,NULL,NULL,NULL),(20,12,'PUERTA MODELO 4 (CIEGA CON REVESTIMIENTO )',NULL,NULL,NULL,NULL),(21,4,'PROYECTANTE CON TIJERA',NULL,NULL,NULL,NULL),(22,26,'CORREDIZA 2 HOJAS 2 GUIAS',NULL,NULL,NULL,NULL),(23,28,'BRAZO DE EMPUJE',NULL,NULL,NULL,NULL),(24,14,'CORREDIZA 2 HOJAS 2 GUIAS',NULL,NULL,NULL,NULL),(25,15,'CORREDIZA 3 HOJAS 3 GUIAS',NULL,NULL,NULL,NULL),(26,18,'BANDEROLA',NULL,NULL,NULL,NULL),(27,19,'BRAZO DE EMPUJE',NULL,NULL,NULL,NULL),(28,20,'RAJA DE ABRIR',NULL,NULL,NULL,NULL),(29,21,'RAJA DE ABRIR EN DOS HOJAS',NULL,NULL,NULL,NULL),(30,22,'OSCILOBATIENTE',NULL,NULL,NULL,NULL),(31,22,'OSCILOBATIENTE VIDRIO SIMPLE',NULL,NULL,NULL,'Si'),(32,23,'PAÑO FIJO',NULL,NULL,NULL,NULL),(33,24,'CORREDIZA 4 HOJAS 2 GUIAS',NULL,NULL,NULL,NULL),(34,25,'CORREDIZA 4 HOJAS 2 GUIAS',NULL,NULL,NULL,NULL),(35,26,'CORREDIZA 2 HOJAS 2 GUIAS',NULL,NULL,NULL,NULL),(36,27,'BANDEROLA',NULL,NULL,NULL,NULL),(37,28,'BRAZO DE EMPUJE',NULL,NULL,NULL,NULL),(38,28,'BRAZO DE EMPUJE',NULL,NULL,NULL,NULL),(39,29,'OSCILOBATIENTE',NULL,NULL,NULL,NULL),(40,30,'RAJA DE ABRIR',NULL,NULL,NULL,NULL),(41,31,'RAJA DE ABRIR EN DOS HOJAS',NULL,NULL,NULL,NULL);
/*!40000 ALTER TABLE `marco` ENABLE KEYS */;
UNLOCK TABLES;

--
-- Table structure for table `mosquitero`
--

DROP TABLE IF EXISTS `mosquitero`;
/*!40101 SET @saved_cs_client     = @@character_set_client */;
/*!50503 SET character_set_client = utf8mb4 */;
CREATE TABLE `mosquitero` (
  `Id` int NOT NULL,
  `idhoja` int DEFAULT NULL,
  `Descripci_n` text,
  `Predeterminado` text,
  `no_verificado` text,
  PRIMARY KEY (`Id`)
) ENGINE=InnoDB DEFAULT CHARSET=utf8mb3;
/*!40101 SET character_set_client = @saved_cs_client */;

--
-- Dumping data for table `mosquitero`
--

LOCK TABLES `mosquitero` WRITE;
/*!40000 ALTER TABLE `mosquitero` DISABLE KEYS */;
/*!40000 ALTER TABLE `mosquitero` ENABLE KEYS */;
UNLOCK TABLES;

--
-- Table structure for table `pedidos_itempedidotelegram`
--

DROP TABLE IF EXISTS `pedidos_itempedidotelegram`;
/*!40101 SET @saved_cs_client     = @@character_set_client */;
/*!50503 SET character_set_client = utf8mb4 */;
CREATE TABLE `pedidos_itempedidotelegram` (
  `id` bigint NOT NULL AUTO_INCREMENT,
  `descripcion` varchar(300) NOT NULL,
  `cantidad` int unsigned NOT NULL,
  `pedido_id` bigint NOT NULL,
  PRIMARY KEY (`id`),
  KEY `pedidos_itempedidote_pedido_id_ffc446e9_fk_pedidos_p` (`pedido_id`),
  CONSTRAINT `pedidos_itempedidote_pedido_id_ffc446e9_fk_pedidos_p` FOREIGN KEY (`pedido_id`) REFERENCES `pedidos_pedidotelegram` (`id`),
  CONSTRAINT `pedidos_itempedidotelegram_chk_1` CHECK ((`cantidad` >= 0))
) ENGINE=InnoDB DEFAULT CHARSET=utf8mb3;
/*!40101 SET character_set_client = @saved_cs_client */;

--
-- Dumping data for table `pedidos_itempedidotelegram`
--

LOCK TABLES `pedidos_itempedidotelegram` WRITE;
/*!40000 ALTER TABLE `pedidos_itempedidotelegram` DISABLE KEYS */;
/*!40000 ALTER TABLE `pedidos_itempedidotelegram` ENABLE KEYS */;
UNLOCK TABLES;

--
-- Table structure for table `pedidos_pedidotelegram`
--

DROP TABLE IF EXISTS `pedidos_pedidotelegram`;
/*!40101 SET @saved_cs_client     = @@character_set_client */;
/*!50503 SET character_set_client = utf8mb4 */;
CREATE TABLE `pedidos_pedidotelegram` (
  `id` bigint NOT NULL AUTO_INCREMENT,
  `telegram_chat_id` varchar(50) NOT NULL,
  `telegram_username` varchar(100) NOT NULL,
  `transcripcion_original` longtext NOT NULL,
  `estado` varchar(20) NOT NULL,
  `created_at` datetime(6) NOT NULL,
  `updated_at` datetime(6) NOT NULL,
  PRIMARY KEY (`id`)
) ENGINE=InnoDB DEFAULT CHARSET=utf8mb3;
/*!40101 SET character_set_client = @saved_cs_client */;

--
-- Dumping data for table `pedidos_pedidotelegram`
--

LOCK TABLES `pedidos_pedidotelegram` WRITE;
/*!40000 ALTER TABLE `pedidos_pedidotelegram` DISABLE KEYS */;
/*!40000 ALTER TABLE `pedidos_pedidotelegram` ENABLE KEYS */;
UNLOCK TABLES;

--
-- Table structure for table `perfiles`
--

DROP TABLE IF EXISTS `perfiles`;
/*!40101 SET @saved_cs_client     = @@character_set_client */;
/*!50503 SET character_set_client = utf8mb4 */;
CREATE TABLE `perfiles` (
  `NRO_PERFIL` varchar(255) NOT NULL,
  `Idl_nea` int DEFAULT NULL,
  `COD_COLOR` int DEFAULT NULL,
  `DESCRI` text,
  `PESO_METRO` float DEFAULT NULL,
  `LONG_TIRA` int DEFAULT NULL,
  `PRECIO_KG` float DEFAULT NULL,
  `LONG_ALT` float DEFAULT NULL,
  `CORTE45` float DEFAULT NULL,
  `INTERIOR` text,
  `TIPO` float DEFAULT NULL,
  `MATERIAL` float DEFAULT NULL,
  `MONEDA` int DEFAULT NULL,
  `cubre` int DEFAULT NULL,
  `Bloqueado` text,
  `minimo_reutilizable` text,
  `tipo_perfil` text,
  PRIMARY KEY (`NRO_PERFIL`)
) ENGINE=InnoDB DEFAULT CHARSET=utf8mb3;
/*!40101 SET character_set_client = @saved_cs_client */;

--
-- Dumping data for table `perfiles`
--

LOCK TABLES `perfiles` WRITE;
/*!40000 ALTER TABLE `perfiles` DISABLE KEYS */;
INSERT INTO `perfiles` VALUES ('02744',3,NULL,'hoja corrediza cámara de 12',0.697,6150,14200,NULL,NULL,NULL,NULL,NULL,1,NULL,NULL,NULL,'Hojas'),('036',2,NULL,'jamba de marco',891,6150,12000,NULL,NULL,NULL,NULL,NULL,1,NULL,NULL,NULL,'Marco'),('037',2,NULL,'umbral y dintel',1.744,6150,12000,NULL,NULL,NULL,NULL,NULL,1,NULL,NULL,NULL,'Marco'),('038',2,NULL,'mosquitero corredizo reforzado',0.594,6050,12000,NULL,NULL,NULL,NULL,NULL,1,NULL,NULL,NULL,'Hojas'),('039',2,NULL,'tope de mosquitero',329,6050,12000,NULL,NULL,NULL,NULL,NULL,1,NULL,NULL,NULL,'Marco'),('040',2,NULL,'marco de puerta de rebatir',1.18,6150,12000,NULL,NULL,NULL,NULL,NULL,1,NULL,NULL,NULL,'Marco'),('042',2,NULL,'travesaño puerta rebatir',1399,6050,12000,NULL,NULL,NULL,NULL,NULL,1,NULL,NULL,NULL,'Hojas'),('045',2,NULL,'contravidrio recto para vidrio simple',0.351,6050,12000,NULL,NULL,NULL,NULL,NULL,1,NULL,NULL,NULL,'Hojas'),('046',2,NULL,'contravidrio recto  para dvh',0.259,6050,12000,NULL,NULL,NULL,NULL,NULL,1,NULL,NULL,NULL,'Hojas'),('049',2,NULL,'contravidrio exterior recto',0.232,6050,12000,NULL,NULL,NULL,NULL,NULL,1,NULL,NULL,NULL,'Hojas'),('052',2,NULL,'hoja curva ventana de abrir',1.139,6050,12000,NULL,NULL,NULL,NULL,NULL,1,NULL,NULL,NULL,'Hojas'),('053',2,NULL,'encuentro central ventana de abrir',1.094,6020,12000,NULL,NULL,NULL,NULL,NULL,1,NULL,NULL,NULL,'Hojas'),('055',2,NULL,'marco paño fijo y ventana de abrir',1.037,6150,12000,NULL,NULL,NULL,NULL,NULL,1,NULL,NULL,NULL,'Marco'),('056',2,NULL,'hoja curca ventana desplazable',1.337,6050,12000,NULL,NULL,NULL,NULL,NULL,1,NULL,NULL,NULL,'Hojas'),('057',2,NULL,'marco ventana desplazable',0.837,6050,12000,NULL,NULL,NULL,NULL,NULL,1,NULL,NULL,NULL,'Marco'),('060',2,NULL,'travesaño paño fijo',1.091,6050,12000,NULL,NULL,NULL,NULL,NULL,1,NULL,NULL,NULL,'Marco'),('061',2,NULL,'zocalo y cabezal ventana corrediza',0.942,6050,12000,NULL,NULL,NULL,NULL,NULL,1,NULL,NULL,NULL,'Hojas'),('062',2,NULL,'zocalo alto de puerta corrediza',1.477,6050,12000,NULL,NULL,NULL,NULL,NULL,1,NULL,NULL,NULL,'Hojas'),('066',2,NULL,'premarco',0.545,6050,12000,NULL,NULL,NULL,NULL,NULL,1,NULL,NULL,NULL,'Marco'),('067|',2,NULL,'perfil de acople',0.329,6050,12000,NULL,NULL,NULL,NULL,NULL,1,NULL,NULL,NULL,'Marco'),('073',2,NULL,'zocalo y cabezal corrediza dvh',0.861,6050,12000,NULL,NULL,NULL,NULL,NULL,1,NULL,NULL,NULL,'Hojas'),('074',2,NULL,'zocalo alto corrediza dvh',1.412,6050,12000,NULL,NULL,NULL,NULL,NULL,1,NULL,NULL,NULL,'Hojas'),('080',2,NULL,'jamba de marco corrediza en 3 hojas',1.701,6050,12000,NULL,NULL,NULL,NULL,NULL,1,NULL,NULL,NULL,'Marco'),('081',2,NULL,'umbral y dintel corredizas en 3 hoas',2.908,6050,12000,NULL,NULL,NULL,NULL,NULL,1,NULL,NULL,NULL,'Marco'),('082',2,NULL,'parante central tercer hoja para dvh',1.463,6150,12000,NULL,NULL,NULL,NULL,NULL,1,NULL,NULL,NULL,'Hojas'),('134',2,NULL,'parante lateral vidrio simple',1.208,6150,12000,NULL,NULL,NULL,NULL,NULL,1,NULL,NULL,NULL,'Hojas'),('135',2,NULL,'parante central vidrio simple',1.189,6150,12000,NULL,NULL,NULL,NULL,NULL,1,NULL,NULL,NULL,'Hojas'),('203',1,NULL,'PARANTE LATERAL VIDRIO SIMPLE',0.651,6050,12000,NULL,NULL,NULL,NULL,NULL,1,NULL,NULL,NULL,'Hojas'),('204',1,NULL,'ZOCALO VIDRIO SIMPLE',0.721,6050,12000,NULL,NULL,NULL,NULL,NULL,1,NULL,NULL,NULL,'Hojas'),('205',1,NULL,'PREMARCO',0.41,6050,11000,NULL,NULL,NULL,NULL,NULL,1,NULL,NULL,NULL,'Marco'),('206',1,NULL,'TAPA  PREMARCO',0.186,6050,12000,NULL,NULL,NULL,NULL,NULL,1,NULL,NULL,NULL,'Marco'),('207',1,NULL,'PARANTE  CENTRAL VIDRIO SIMPLE',0.613,6050,12000,NULL,NULL,NULL,NULL,NULL,1,NULL,NULL,NULL,'Hojas'),('209',1,NULL,'ZOCALO ALTO VIDRIO SIMPLE',1.266,6050,12000,NULL,NULL,NULL,NULL,NULL,1,NULL,NULL,NULL,'Hojas'),('214',1,NULL,'JAMBA Y CABEZAL DE PUERTA',1088,6050,12000,NULL,NULL,NULL,NULL,NULL,1,NULL,NULL,NULL,'Hojas'),('216',1,NULL,'BAND/BEMPUJE/PUERTA/PAÑO FIJO/RAJA DE ABRIR',0.74,6050,12000,NULL,NULL,NULL,NULL,NULL,1,NULL,NULL,NULL,'Marco'),('218',1,NULL,'TRAVESAÑO HOJA DE PUERTA',1.15,6050,12000,NULL,NULL,NULL,NULL,NULL,1,NULL,NULL,NULL,'Hojas'),('219',1,NULL,'ZOCALO HOJA DE PUERTA',1.647,6050,12000,NULL,NULL,NULL,NULL,NULL,1,NULL,NULL,NULL,'Hojas'),('220',1,NULL,'CONTRAVIDRIO EXTERIOR DE PUERTA',0.176,6050,12000,NULL,NULL,NULL,NULL,NULL,1,NULL,NULL,NULL,'Hojas'),('221',1,NULL,'TRAVESAÑO PAÑO FIJO',0.769,6050,12000,NULL,NULL,NULL,NULL,NULL,1,NULL,NULL,NULL,'Marco'),('224',1,NULL,'ENCUENTRO  VENTANA DE ABRIR Y PUERTA DOS HOJAS',0.794,6050,12000,NULL,NULL,NULL,NULL,NULL,1,NULL,NULL,NULL,'Hojas'),('228',1,NULL,'TOPE DE MOSQUITERO',0.186,6050,12000,NULL,NULL,NULL,NULL,NULL,1,NULL,NULL,NULL,'Marco'),('230',1,NULL,'CONTRAVIDRIO CURVO DE 29 MM VIDRIO SIMPLE',0.213,6050,12000,NULL,NULL,NULL,NULL,NULL,1,NULL,NULL,NULL,'Hojas'),('231',1,NULL,'CONTRAVIDRIO CURVO DE 15 EXTERIOR DE PUERTA',0.159,6050,12000,NULL,NULL,NULL,NULL,NULL,1,NULL,NULL,NULL,'Hojas'),('232',1,NULL,'CONTRAVIDRIO CURVO 22 DVH',0.181,6050,12000,NULL,NULL,NULL,NULL,NULL,1,NULL,NULL,NULL,'Hojas'),('233',1,NULL,'CONTRAVIDRIO 22 DVH P FIJO',0.181,6050,12000,NULL,NULL,NULL,NULL,NULL,1,NULL,NULL,NULL,'Marco'),('235',1,NULL,'HOJA CURVA VENT DE ABRIR / BANDEROLA / B EMPUJE',0.902,6050,12000,NULL,NULL,NULL,NULL,NULL,1,NULL,NULL,NULL,'Hojas'),('237',1,NULL,'CONTRAVIDRIO CURVO EXTERIOR PUERTA',0.176,6050,12000,NULL,NULL,NULL,NULL,NULL,1,NULL,NULL,NULL,'Hojas'),('240',1,NULL,'UMBRAL Y DINTEL CORREDIZA 3 HOJAS 3 GUIAS',1.841,6050,12000,NULL,NULL,NULL,NULL,NULL,1,NULL,NULL,NULL,'Marco'),('241',1,NULL,'JAMBA MARCO 3 HOJAS 3 GUIAS',0.972,6050,12000,NULL,NULL,NULL,NULL,NULL,1,NULL,NULL,NULL,'Marco'),('243',1,NULL,'GUIA DE CORTINA COMUN',0.548,6050,12000,NULL,NULL,NULL,NULL,NULL,1,NULL,NULL,NULL,'Marco'),('245',1,NULL,'TAPACINTA',0.629,6050,12000,NULL,NULL,NULL,NULL,NULL,1,NULL,NULL,NULL,'Marco'),('246',1,NULL,'ENCUENTRO CENTRAL CORREDIZA 4 HOJAS',0.292,6050,12000,NULL,NULL,NULL,NULL,NULL,1,NULL,NULL,NULL,'Hojas'),('252',1,NULL,'ZOCALO ALTO DVH',1.237,6050,12000,NULL,NULL,NULL,NULL,NULL,1,NULL,NULL,NULL,'Hojas'),('254',1,NULL,'BISAGRA DE TAPACINTA',0.302,6050,12000,NULL,NULL,NULL,NULL,NULL,1,NULL,NULL,NULL,'Marco'),('261',3,NULL,'hoja corrediza vidrio simple',0.676,6050,14200,NULL,NULL,NULL,NULL,NULL,1,NULL,NULL,NULL,'Hojas'),('2744',3,NULL,'hoja corrediza cámara de 12',0.697,6150,14200,NULL,NULL,NULL,NULL,NULL,1,NULL,NULL,NULL,'Hojas'),('293',3,NULL,'tapacinta',0.42,6050,14200,NULL,NULL,NULL,NULL,NULL,1,NULL,NULL,NULL,'Marco'),('294',3,NULL,'guía común',0.414,6050,14200,NULL,NULL,NULL,NULL,NULL,1,NULL,NULL,NULL,'Marco'),('374',3,NULL,'marco con aleta',1.058,6150,14200,NULL,NULL,NULL,NULL,NULL,1,NULL,NULL,NULL,'Marco'),('6034',1,NULL,'parante lateral dvh',0.9,6050,12000,NULL,NULL,NULL,NULL,NULL,1,NULL,NULL,NULL,'Hojas'),('6035',1,NULL,'parante central dvh',1,6050,12000,NULL,NULL,NULL,NULL,NULL,1,NULL,NULL,NULL,'Hojas'),('6049',1,NULL,'zocalo dvh',0.68,6050,12000,NULL,NULL,NULL,NULL,NULL,1,NULL,NULL,NULL,'Hojas'),('62',3,NULL,'contramarco curvo',0.256,6050,14200,NULL,NULL,NULL,NULL,NULL,1,NULL,NULL,NULL,'Marco'),('6200',1,NULL,'jamba',0.89,6150,12000,NULL,NULL,NULL,NULL,NULL,1,NULL,NULL,NULL,'Marco'),('6201',1,NULL,'umbral y dintel',1.2,6150,12000,NULL,NULL,NULL,NULL,NULL,1,NULL,NULL,NULL,'Marco'),('63',3,NULL,'marco sin aleta',0.96,6050,14200,NULL,NULL,NULL,NULL,NULL,1,NULL,NULL,NULL,'Marco'),('965',2,NULL,'encuentro central corrediza de 4 hojas',0.288,6050,12000,NULL,NULL,NULL,NULL,NULL,1,NULL,NULL,NULL,'Hojas'),('Test',2,NULL,'',NULL,NULL,NULL,NULL,NULL,NULL,NULL,NULL,1,NULL,'Si',NULL,'');
/*!40000 ALTER TABLE `perfiles` ENABLE KEYS */;
UNLOCK TABLES;

--
-- Table structure for table `plantillas_accesorioopcional`
--

DROP TABLE IF EXISTS `plantillas_accesorioopcional`;
/*!40101 SET @saved_cs_client     = @@character_set_client */;
/*!50503 SET character_set_client = utf8mb4 */;
CREATE TABLE `plantillas_accesorioopcional` (
  `id` bigint NOT NULL AUTO_INCREMENT,
  `cantidad` varchar(100) NOT NULL,
  `accesorio` varchar(100) NOT NULL,
  `orden` int NOT NULL,
  `opcional_id` bigint NOT NULL,
  PRIMARY KEY (`id`),
  KEY `plantillas_accesorio_opcional_id_3fdc8403_fk_plantilla` (`opcional_id`),
  CONSTRAINT `plantillas_accesorio_opcional_id_3fdc8403_fk_plantilla` FOREIGN KEY (`opcional_id`) REFERENCES `plantillas_opcionalfabrica` (`id`)
) ENGINE=InnoDB AUTO_INCREMENT=2 DEFAULT CHARSET=utf8mb3;
/*!40101 SET character_set_client = @saved_cs_client */;

--
-- Dumping data for table `plantillas_accesorioopcional`
--

LOCK TABLES `plantillas_accesorioopcional` WRITE;
/*!40000 ALTER TABLE `plantillas_accesorioopcional` DISABLE KEYS */;
/*!40000 ALTER TABLE `plantillas_accesorioopcional` ENABLE KEYS */;
UNLOCK TABLES;

--
-- Table structure for table `plantillas_calculoejecucion`
--

DROP TABLE IF EXISTS `plantillas_calculoejecucion`;
/*!40101 SET @saved_cs_client     = @@character_set_client */;
/*!50503 SET character_set_client = utf8mb4 */;
CREATE TABLE `plantillas_calculoejecucion` (
  `id` bigint NOT NULL AUTO_INCREMENT,
  `inputs_json` longtext NOT NULL,
  `outputs_json` longtext NOT NULL,
  `errores_json` longtext NOT NULL,
  `created_at` datetime(6) NOT NULL,
  `plantilla_id` bigint NOT NULL,
  `usuario_id` int DEFAULT NULL,
  PRIMARY KEY (`id`),
  KEY `plantillas_calculoej_plantilla_id_f3a26fe7_fk_plantilla` (`plantilla_id`),
  KEY `plantillas_calculoejecucion_usuario_id_297af63a_fk_auth_user_id` (`usuario_id`),
  CONSTRAINT `plantillas_calculoej_plantilla_id_f3a26fe7_fk_plantilla` FOREIGN KEY (`plantilla_id`) REFERENCES `plantillas_productoplantilla` (`id`),
  CONSTRAINT `plantillas_calculoejecucion_usuario_id_297af63a_fk_auth_user_id` FOREIGN KEY (`usuario_id`) REFERENCES `auth_user` (`id`)
) ENGINE=InnoDB DEFAULT CHARSET=utf8mb3;
/*!40101 SET character_set_client = @saved_cs_client */;

--
-- Dumping data for table `plantillas_calculoejecucion`
--

LOCK TABLES `plantillas_calculoejecucion` WRITE;
/*!40000 ALTER TABLE `plantillas_calculoejecucion` DISABLE KEYS */;
/*!40000 ALTER TABLE `plantillas_calculoejecucion` ENABLE KEYS */;
UNLOCK TABLES;

--
-- Table structure for table `plantillas_campoplantilla`
--

DROP TABLE IF EXISTS `plantillas_campoplantilla`;
/*!40101 SET @saved_cs_client     = @@character_set_client */;
/*!50503 SET character_set_client = utf8mb4 */;
CREATE TABLE `plantillas_campoplantilla` (
  `id` bigint NOT NULL AUTO_INCREMENT,
  `nombre_visible` varchar(100) NOT NULL,
  `clave` varchar(50) NOT NULL,
  `tipo` varchar(10) NOT NULL,
  `unidad` varchar(10) NOT NULL,
  `modo` varchar(10) NOT NULL,
  `editable` tinyint(1) NOT NULL,
  `requerido` tinyint(1) NOT NULL,
  `orden` int NOT NULL,
  `formula` longtext NOT NULL,
  `ayuda` varchar(200) NOT NULL,
  `opciones` longtext NOT NULL,
  `plantilla_id` bigint NOT NULL,
  PRIMARY KEY (`id`),
  UNIQUE KEY `plantillas_campoplantilla_plantilla_id_clave_94a0c240_uniq` (`plantilla_id`,`clave`),
  CONSTRAINT `plantillas_campoplan_plantilla_id_be92eca4_fk_plantilla` FOREIGN KEY (`plantilla_id`) REFERENCES `plantillas_productoplantilla` (`id`)
) ENGINE=InnoDB DEFAULT CHARSET=utf8mb3;
/*!40101 SET character_set_client = @saved_cs_client */;

--
-- Dumping data for table `plantillas_campoplantilla`
--

LOCK TABLES `plantillas_campoplantilla` WRITE;
/*!40000 ALTER TABLE `plantillas_campoplantilla` DISABLE KEYS */;
/*!40000 ALTER TABLE `plantillas_campoplantilla` ENABLE KEYS */;
UNLOCK TABLES;

--
-- Table structure for table `plantillas_formulaopcional`
--

DROP TABLE IF EXISTS `plantillas_formulaopcional`;
/*!40101 SET @saved_cs_client     = @@character_set_client */;
/*!50503 SET character_set_client = utf8mb4 */;
CREATE TABLE `plantillas_formulaopcional` (
  `id` bigint NOT NULL AUTO_INCREMENT,
  `cantidad` varchar(100) NOT NULL,
  `formula` varchar(200) NOT NULL,
  `angulo` varchar(10) NOT NULL,
  `perfil` varchar(100) NOT NULL,
  `precio` decimal(10,2) NOT NULL,
  `orden` int NOT NULL,
  `opcional_id` bigint NOT NULL,
  `tipo_relacionador` varchar(20) NOT NULL,
  PRIMARY KEY (`id`),
  KEY `plantillas_formulaop_opcional_id_5e98c3d6_fk_plantilla` (`opcional_id`),
  CONSTRAINT `plantillas_formulaop_opcional_id_5e98c3d6_fk_plantilla` FOREIGN KEY (`opcional_id`) REFERENCES `plantillas_opcionalfabrica` (`id`)
) ENGINE=InnoDB AUTO_INCREMENT=25 DEFAULT CHARSET=utf8mb3;
/*!40101 SET character_set_client = @saved_cs_client */;

--
-- Dumping data for table `plantillas_formulaopcional`
--

LOCK TABLES `plantillas_formulaopcional` WRITE;
/*!40000 ALTER TABLE `plantillas_formulaopcional` DISABLE KEYS */;
INSERT INTO `plantillas_formulaopcional` VALUES (5,'2','Alto - 80','90','02744',0.00,0,1,'perfil'),(6,'1','Alto - 80','90','6049',0.00,1,1,'perfil'),(7,'1','Alto - 80','90','6200',0.00,2,1,'perfil'),(10,'1','(alto*ancho)/2','','1',0.00,0,6,'perfil'),(17,'2','alto','','6200',0.00,0,7,'perfil'),(18,'2','ancho','','241',0.00,1,7,'perfil'),(21,'2','alto','','206',0.00,0,8,'perfil'),(22,'2','ancho','','206',0.00,1,8,'perfil'),(24,'1','ancho*alto','','2',0.00,0,9,'perfil');
/*!40000 ALTER TABLE `plantillas_formulaopcional` ENABLE KEYS */;
UNLOCK TABLES;

--
-- Table structure for table `plantillas_opcionalfabrica`
--

DROP TABLE IF EXISTS `plantillas_opcionalfabrica`;
/*!40101 SET @saved_cs_client     = @@character_set_client */;
/*!50503 SET character_set_client = utf8mb4 */;
CREATE TABLE `plantillas_opcionalfabrica` (
  `id` bigint NOT NULL AUTO_INCREMENT,
  `codigo` varchar(50) NOT NULL,
  `nombre` varchar(200) NOT NULL,
  `descripcion` longtext NOT NULL,
  `activo` tinyint(1) NOT NULL,
  `created_at` datetime(6) NOT NULL,
  `updated_at` datetime(6) NOT NULL,
  `precio` decimal(10,2) NOT NULL,
  `precio_m2` decimal(10,2) NOT NULL,
  `tipo` varchar(20) NOT NULL,
  PRIMARY KEY (`id`),
  UNIQUE KEY `codigo` (`codigo`)
) ENGINE=InnoDB AUTO_INCREMENT=10 DEFAULT CHARSET=utf8mb3;
/*!40101 SET character_set_client = @saved_cs_client */;

--
-- Dumping data for table `plantillas_opcionalfabrica`
--

LOCK TABLES `plantillas_opcionalfabrica` WRITE;
/*!40000 ALTER TABLE `plantillas_opcionalfabrica` DISABLE KEYS */;
INSERT INTO `plantillas_opcionalfabrica` VALUES (1,'M-1','mosquitero','',0,'2026-03-12 17:39:52.659770','2026-03-13 21:56:27.395482',0.00,0.00,'otro'),(2,'M-2','Mos','',0,'2026-03-12 19:48:51.725027','2026-03-13 21:56:24.763846',0.00,2000.00,'mosquitero'),(3,'Tap-1','Tapa junta','',0,'2026-03-12 19:50:29.258876','2026-03-13 21:56:15.977289',0.00,0.00,'otro'),(4,'M3','PREMARCO','',0,'2026-03-12 19:53:53.726875','2026-03-13 21:56:21.883202',0.00,0.00,'otro'),(5,'55','MOSQ FIJO','',0,'2026-03-12 19:55:31.731013','2026-03-13 21:56:30.255488',0.00,35600.00,'mosquitero'),(6,'M1','MOSQUITERO CORREDIZO','',1,'2026-03-13 22:04:05.760686','2026-03-14 11:51:05.268660',0.00,50000.00,'mosquitero'),(7,'p1','premarco','',1,'2026-03-13 23:22:57.629837','2026-03-13 23:22:57.629862',0.00,0.00,'otro'),(8,'T1','CONTRAMARCO','',1,'2026-03-14 11:58:21.476544','2026-03-14 12:08:21.004574',0.00,0.00,'otro'),(9,'M2','MOSQUITERO FIJO','',1,'2026-03-14 22:01:17.715646','2026-03-14 22:03:49.856156',0.00,39000.00,'mosquitero');
/*!40000 ALTER TABLE `plantillas_opcionalfabrica` ENABLE KEYS */;
UNLOCK TABLES;

--
-- Table structure for table `plantillas_pedidofabrica`
--

DROP TABLE IF EXISTS `plantillas_pedidofabrica`;
/*!40101 SET @saved_cs_client     = @@character_set_client */;
/*!50503 SET character_set_client = utf8mb4 */;
CREATE TABLE `plantillas_pedidofabrica` (
  `id` bigint NOT NULL AUTO_INCREMENT,
  `numero` varchar(50) NOT NULL,
  `cliente` varchar(200) NOT NULL,
  `fecha` date NOT NULL,
  `estado` varchar(20) NOT NULL,
  `observaciones` longtext NOT NULL,
  `created_at` datetime(6) NOT NULL,
  `updated_at` datetime(6) NOT NULL,
  `usuario_id` int DEFAULT NULL,
  PRIMARY KEY (`id`),
  UNIQUE KEY `numero` (`numero`),
  KEY `plantillas_pedidofabrica_usuario_id_4c3a1d64_fk_auth_user_id` (`usuario_id`),
  CONSTRAINT `plantillas_pedidofabrica_usuario_id_4c3a1d64_fk_auth_user_id` FOREIGN KEY (`usuario_id`) REFERENCES `auth_user` (`id`)
) ENGINE=InnoDB DEFAULT CHARSET=utf8mb3;
/*!40101 SET character_set_client = @saved_cs_client */;

--
-- Dumping data for table `plantillas_pedidofabrica`
--

LOCK TABLES `plantillas_pedidofabrica` WRITE;
/*!40000 ALTER TABLE `plantillas_pedidofabrica` DISABLE KEYS */;
/*!40000 ALTER TABLE `plantillas_pedidofabrica` ENABLE KEYS */;
UNLOCK TABLES;

--
-- Table structure for table `plantillas_pedidofabricafila`
--

DROP TABLE IF EXISTS `plantillas_pedidofabricafila`;
/*!40101 SET @saved_cs_client     = @@character_set_client */;
/*!50503 SET character_set_client = utf8mb4 */;
CREATE TABLE `plantillas_pedidofabricafila` (
  `id` bigint NOT NULL AUTO_INCREMENT,
  `orden` int NOT NULL,
  `inputs_json` longtext NOT NULL,
  `outputs_json` longtext NOT NULL,
  `errores_json` longtext NOT NULL,
  `obs` longtext NOT NULL,
  `cantidad` int NOT NULL,
  `estado` varchar(20) NOT NULL,
  `item_id` bigint NOT NULL,
  PRIMARY KEY (`id`),
  KEY `plantillas_pedidofab_item_id_65cfc9fd_fk_plantilla` (`item_id`),
  CONSTRAINT `plantillas_pedidofab_item_id_65cfc9fd_fk_plantilla` FOREIGN KEY (`item_id`) REFERENCES `plantillas_pedidofabricaitem` (`id`)
) ENGINE=InnoDB DEFAULT CHARSET=utf8mb3;
/*!40101 SET character_set_client = @saved_cs_client */;

--
-- Dumping data for table `plantillas_pedidofabricafila`
--

LOCK TABLES `plantillas_pedidofabricafila` WRITE;
/*!40000 ALTER TABLE `plantillas_pedidofabricafila` DISABLE KEYS */;
/*!40000 ALTER TABLE `plantillas_pedidofabricafila` ENABLE KEYS */;
UNLOCK TABLES;

--
-- Table structure for table `plantillas_pedidofabricaitem`
--

DROP TABLE IF EXISTS `plantillas_pedidofabricaitem`;
/*!40101 SET @saved_cs_client     = @@character_set_client */;
/*!50503 SET character_set_client = utf8mb4 */;
CREATE TABLE `plantillas_pedidofabricaitem` (
  `id` bigint NOT NULL AUTO_INCREMENT,
  `orden` int NOT NULL,
  `created_at` datetime(6) NOT NULL,
  `updated_at` datetime(6) NOT NULL,
  `pedido_id` bigint NOT NULL,
  `plantilla_id` bigint NOT NULL,
  PRIMARY KEY (`id`),
  KEY `plantillas_pedidofab_pedido_id_41f2423d_fk_plantilla` (`pedido_id`),
  KEY `plantillas_pedidofab_plantilla_id_2d673a4b_fk_plantilla` (`plantilla_id`),
  CONSTRAINT `plantillas_pedidofab_pedido_id_41f2423d_fk_plantilla` FOREIGN KEY (`pedido_id`) REFERENCES `plantillas_pedidofabrica` (`id`),
  CONSTRAINT `plantillas_pedidofab_plantilla_id_2d673a4b_fk_plantilla` FOREIGN KEY (`plantilla_id`) REFERENCES `plantillas_productoplantilla` (`id`)
) ENGINE=InnoDB DEFAULT CHARSET=utf8mb3;
/*!40101 SET character_set_client = @saved_cs_client */;

--
-- Dumping data for table `plantillas_pedidofabricaitem`
--

LOCK TABLES `plantillas_pedidofabricaitem` WRITE;
/*!40000 ALTER TABLE `plantillas_pedidofabricaitem` DISABLE KEYS */;
/*!40000 ALTER TABLE `plantillas_pedidofabricaitem` ENABLE KEYS */;
UNLOCK TABLES;

--
-- Table structure for table `plantillas_productoplantilla`
--

DROP TABLE IF EXISTS `plantillas_productoplantilla`;
/*!40101 SET @saved_cs_client     = @@character_set_client */;
/*!50503 SET character_set_client = utf8mb4 */;
CREATE TABLE `plantillas_productoplantilla` (
  `id` bigint NOT NULL AUTO_INCREMENT,
  `nombre` varchar(200) NOT NULL,
  `descripcion` longtext NOT NULL,
  `activo` tinyint(1) NOT NULL,
  `created_at` datetime(6) NOT NULL,
  `updated_at` datetime(6) NOT NULL,
  PRIMARY KEY (`id`),
  UNIQUE KEY `nombre` (`nombre`)
) ENGINE=InnoDB DEFAULT CHARSET=utf8mb3;
/*!40101 SET character_set_client = @saved_cs_client */;

--
-- Dumping data for table `plantillas_productoplantilla`
--

LOCK TABLES `plantillas_productoplantilla` WRITE;
/*!40000 ALTER TABLE `plantillas_productoplantilla` DISABLE KEYS */;
/*!40000 ALTER TABLE `plantillas_productoplantilla` ENABLE KEYS */;
UNLOCK TABLES;

--
-- Table structure for table `plantillas_relacionproductoopcional`
--

DROP TABLE IF EXISTS `plantillas_relacionproductoopcional`;
/*!40101 SET @saved_cs_client     = @@character_set_client */;
/*!50503 SET character_set_client = utf8mb4 */;
CREATE TABLE `plantillas_relacionproductoopcional` (
  `id` bigint NOT NULL AUTO_INCREMENT,
  `extrusora_id` int NOT NULL,
  `linea_id` int NOT NULL,
  `producto_id` int NOT NULL,
  `cantidad` int NOT NULL,
  `orden` int NOT NULL,
  `opcional_id` bigint NOT NULL,
  PRIMARY KEY (`id`),
  KEY `plantillas_relacionp_opcional_id_35568d37_fk_plantilla` (`opcional_id`),
  CONSTRAINT `plantillas_relacionp_opcional_id_35568d37_fk_plantilla` FOREIGN KEY (`opcional_id`) REFERENCES `plantillas_opcionalfabrica` (`id`)
) ENGINE=InnoDB AUTO_INCREMENT=5 DEFAULT CHARSET=utf8mb3;
/*!40101 SET character_set_client = @saved_cs_client */;

--
-- Dumping data for table `plantillas_relacionproductoopcional`
--

LOCK TABLES `plantillas_relacionproductoopcional` WRITE;
/*!40000 ALTER TABLE `plantillas_relacionproductoopcional` DISABLE KEYS */;
INSERT INTO `plantillas_relacionproductoopcional` VALUES (1,1,2,14,2,0,2),(2,1,1,2,1,1,2),(3,1,1,1,2,0,5),(4,1,1,2,1,1,5);
/*!40000 ALTER TABLE `plantillas_relacionproductoopcional` ENABLE KEYS */;
UNLOCK TABLES;

--
-- Table structure for table `presupuestos_comentariopresupuesto`
--

DROP TABLE IF EXISTS `presupuestos_comentariopresupuesto`;
/*!40101 SET @saved_cs_client     = @@character_set_client */;
/*!50503 SET character_set_client = utf8mb4 */;
CREATE TABLE `presupuestos_comentariopresupuesto` (
  `id` bigint NOT NULL AUTO_INCREMENT,
  `texto` longtext NOT NULL,
  `created_at` datetime(6) NOT NULL,
  `autor_id` int NOT NULL,
  `presupuesto_id` bigint NOT NULL,
  PRIMARY KEY (`id`),
  KEY `presupuestos_comenta_autor_id_3f549b8c_fk_auth_user` (`autor_id`),
  KEY `presupuestos_comenta_presupuesto_id_68198fcb_fk_presupues` (`presupuesto_id`),
  CONSTRAINT `presupuestos_comenta_autor_id_3f549b8c_fk_auth_user` FOREIGN KEY (`autor_id`) REFERENCES `auth_user` (`id`),
  CONSTRAINT `presupuestos_comenta_presupuesto_id_68198fcb_fk_presupues` FOREIGN KEY (`presupuesto_id`) REFERENCES `presupuestos_presupuesto` (`id`)
) ENGINE=InnoDB AUTO_INCREMENT=3 DEFAULT CHARSET=utf8mb3;
/*!40101 SET character_set_client = @saved_cs_client */;

--
-- Dumping data for table `presupuestos_comentariopresupuesto`
--

LOCK TABLES `presupuestos_comentariopresupuesto` WRITE;
/*!40000 ALTER TABLE `presupuestos_comentariopresupuesto` DISABLE KEYS */;
INSERT INTO `presupuestos_comentariopresupuesto` VALUES (1,'asd','2026-03-11 04:20:13.105512',2,2),(2,'dario recorda que es para el lunes','2026-03-11 11:42:48.128265',2,2);
/*!40000 ALTER TABLE `presupuestos_comentariopresupuesto` ENABLE KEYS */;
UNLOCK TABLES;

--
-- Table structure for table `presupuestos_itempresupuesto`
--

DROP TABLE IF EXISTS `presupuestos_itempresupuesto`;
/*!40101 SET @saved_cs_client     = @@character_set_client */;
/*!50503 SET character_set_client = utf8mb4 */;
CREATE TABLE `presupuestos_itempresupuesto` (
  `id` bigint NOT NULL AUTO_INCREMENT,
  `descripcion` varchar(300) NOT NULL,
  `cantidad` int unsigned NOT NULL,
  `ancho_mm` int NOT NULL,
  `alto_mm` int NOT NULL,
  `margen_porcentaje` decimal(5,2) NOT NULL,
  `precio_unitario` decimal(14,2) NOT NULL,
  `precio_total` decimal(14,2) NOT NULL,
  `resultado_json` json NOT NULL,
  `orden` int unsigned NOT NULL,
  `created_at` datetime(6) NOT NULL,
  `presupuesto_id` bigint NOT NULL,
  PRIMARY KEY (`id`),
  KEY `presupuestos_itempre_presupuesto_id_d1d10fe9_fk_presupues` (`presupuesto_id`),
  CONSTRAINT `presupuestos_itempre_presupuesto_id_d1d10fe9_fk_presupues` FOREIGN KEY (`presupuesto_id`) REFERENCES `presupuestos_presupuesto` (`id`),
  CONSTRAINT `presupuestos_itempresupuesto_chk_1` CHECK ((`cantidad` >= 0)),
  CONSTRAINT `presupuestos_itempresupuesto_chk_2` CHECK ((`orden` >= 0))
) ENGINE=InnoDB AUTO_INCREMENT=3 DEFAULT CHARSET=utf8mb3;
/*!40101 SET character_set_client = @saved_cs_client */;

--
-- Dumping data for table `presupuestos_itempresupuesto`
--

LOCK TABLES `presupuestos_itempresupuesto` WRITE;
/*!40000 ALTER TABLE `presupuestos_itempresupuesto` DISABLE KEYS */;
INSERT INTO `presupuestos_itempresupuesto` VALUES (1,'Abertura 1200x1500mm',1,1200,1500,30.00,373836.11,373836.11,'{\"margen\": 86269.87, \"resumen\": {\"total_vidrios\": 109112.72, \"total_perfiles\": 148943.04, \"total_mano_obra\": 0.0, \"total_accesorios\": 10892.6, \"total_tratamiento\": 18617.88}, \"desglose\": {\"vidrios\": {\"codigo\": \"dvh 1\", \"alto_mm\": 1331.0, \"area_m2\": 0.6994, \"ancho_mm\": 525.5, \"precio_m2\": 78000.0, \"descripcion\": \"4+9+4\", \"precio_total\": 109112.72, \"cantidad_hojas\": 2}, \"perfiles\": [{\"angulo\": \"90\", \"codigo\": \"6200\", \"peso_kg\": 2.67, \"cantidad\": 2.0, \"precio_kg\": 12000.0, \"longitud_m\": 1.5, \"descripcion\": \"jamba\", \"longitud_mm\": 1500.0, \"precio_total\": 32040.0}, {\"angulo\": \"90\", \"codigo\": \"6201\", \"peso_kg\": 2.7792, \"cantidad\": 2.0, \"precio_kg\": 12000.0, \"longitud_m\": 1.158, \"descripcion\": \"umbral y dintel\", \"longitud_mm\": 1158.0, \"precio_total\": 33350.4}, {\"angulo\": \"90\", \"codigo\": \"6034\", \"peso_kg\": 2.556, \"cantidad\": 2.0, \"precio_kg\": 12000.0, \"longitud_m\": 1.42, \"descripcion\": \"parante lateral dvh\", \"longitud_mm\": 1420.0, \"precio_total\": 30672.0}, {\"angulo\": \"90\", \"codigo\": \"6035\", \"peso_kg\": 2.84, \"cantidad\": 2.0, \"precio_kg\": 12000.0, \"longitud_m\": 1.42, \"descripcion\": \"parante central dvh\", \"longitud_mm\": 1420.0, \"precio_total\": 34080.0}, {\"angulo\": \"90\", \"codigo\": \"6049\", \"peso_kg\": 1.5667, \"cantidad\": 4.0, \"precio_kg\": 12000.0, \"longitud_m\": 0.576, \"descripcion\": \"zocalo dvh\", \"longitud_mm\": 576.0, \"precio_total\": 18800.64}], \"mano_obra\": 0.0, \"accesorios\": [{\"codigo\": \"t93\", \"cantidad\": 2.0, \"descripcion\": \"cruce de hoja modena t-93\", \"precio_total\": 2606.0, \"precio_unitario\": 1303.0}, {\"codigo\": \"parker\", \"cantidad\": 8.0, \"descripcion\": \"torn. ranurado 10 x 1 1/2\", \"precio_total\": 384.0, \"precio_unitario\": 48.0}, {\"codigo\": \"r -42\", \"cantidad\": 2.0, \"descripcion\": \"rueda doble reg ibiza r-42  (80 kg hoja)\", \"precio_total\": 6404.0, \"precio_unitario\": 3202.0}, {\"codigo\": \"cuña mediana\", \"cantidad\": 3.992, \"descripcion\": \"burlete de acristalamiento\", \"dimensiones\": {\"alto\": 1420.0, \"ancho\": 576.0}, \"precio_total\": 1498.6, \"precio_unitario\": 375.4}], \"tratamiento\": {\"id\": 1, \"precio_kg\": 1500.0, \"descripcion\": \"BLANCO\", \"precio_total\": 18617.88, \"peso_total_kg\": 12.4119}}, \"subtotal\": 287566.24, \"precio_total\": 373836.11}',0,'2026-03-11 04:09:29.386745',2),(2,'ventana patio',5,1000,1000,30.00,247003.73,1235018.65,'{\"margen\": 57000.86, \"resumen\": {\"total_vidrios\": 55160.12, \"total_perfiles\": 106439.04, \"total_mano_obra\": 0.0, \"total_accesorios\": 10442.12, \"total_tratamiento\": 17961.59}, \"desglose\": {\"vidrios\": {\"codigo\": \"dvh 1\", \"alto_mm\": 831.0, \"area_m2\": 0.3536, \"ancho_mm\": 425.5, \"precio_m2\": 78000.0, \"descripcion\": \"4+9+4\", \"precio_total\": 55160.12, \"cantidad_hojas\": 2}, \"perfiles\": [{\"angulo\": \"90\", \"codigo\": \"6200\", \"peso_kg\": 1.78, \"cantidad\": 2.0, \"precio_kg\": 12000.0, \"longitud_m\": 1.0, \"descripcion\": \"jamba\", \"longitud_mm\": 1000.0, \"precio_total\": 21360.0}, {\"angulo\": \"90\", \"codigo\": \"6201\", \"peso_kg\": 2.2992, \"cantidad\": 2.0, \"precio_kg\": 12000.0, \"longitud_m\": 0.958, \"descripcion\": \"umbral y dintel\", \"longitud_mm\": 958.0, \"precio_total\": 27590.4}, {\"angulo\": \"90\", \"codigo\": \"6034\", \"peso_kg\": 1.656, \"cantidad\": 2.0, \"precio_kg\": 12000.0, \"longitud_m\": 0.92, \"descripcion\": \"parante lateral dvh\", \"longitud_mm\": 920.0, \"precio_total\": 19872.0}, {\"angulo\": \"90\", \"codigo\": \"6035\", \"peso_kg\": 1.84, \"cantidad\": 2.0, \"precio_kg\": 12000.0, \"longitud_m\": 0.92, \"descripcion\": \"parante central dvh\", \"longitud_mm\": 920.0, \"precio_total\": 22080.0}, {\"angulo\": \"90\", \"codigo\": \"6049\", \"peso_kg\": 1.2947, \"cantidad\": 4.0, \"precio_kg\": 12000.0, \"longitud_m\": 0.476, \"descripcion\": \"zocalo dvh\", \"longitud_mm\": 476.0, \"precio_total\": 15536.64}], \"mano_obra\": 0.0, \"accesorios\": [{\"codigo\": \"t93\", \"cantidad\": 2.0, \"descripcion\": \"cruce de hoja modena t-93\", \"precio_total\": 2606.0, \"precio_unitario\": 1303.0}, {\"codigo\": \"parker\", \"cantidad\": 8.0, \"descripcion\": \"torn. ranurado 10 x 1 1/2\", \"precio_total\": 384.0, \"precio_unitario\": 48.0}, {\"codigo\": \"r -42\", \"cantidad\": 2.0, \"descripcion\": \"rueda doble reg ibiza r-42  (80 kg hoja)\", \"precio_total\": 6404.0, \"precio_unitario\": 3202.0}, {\"codigo\": \"cuña mediana\", \"cantidad\": 2.792, \"descripcion\": \"burlete de acristalamiento\", \"dimensiones\": {\"alto\": 920.0, \"ancho\": 476.0}, \"precio_total\": 1048.12, \"precio_unitario\": 375.4}], \"tratamiento\": {\"id\": 3, \"precio_kg\": 2025.0, \"descripcion\": \"BRONCE COLONIAL\", \"precio_total\": 17961.59, \"peso_total_kg\": 8.8699}}, \"subtotal\": 190002.87, \"precio_total\": 247003.73}',1,'2026-03-11 11:41:18.292473',2);
/*!40000 ALTER TABLE `presupuestos_itempresupuesto` ENABLE KEYS */;
UNLOCK TABLES;

--
-- Table structure for table `presupuestos_presupuesto`
--

DROP TABLE IF EXISTS `presupuestos_presupuesto`;
/*!40101 SET @saved_cs_client     = @@character_set_client */;
/*!50503 SET character_set_client = utf8mb4 */;
CREATE TABLE `presupuestos_presupuesto` (
  `id` bigint NOT NULL AUTO_INCREMENT,
  `numero` varchar(20) NOT NULL,
  `fecha_expiracion` date NOT NULL,
  `estado` varchar(20) NOT NULL,
  `notas` longtext NOT NULL,
  `total` decimal(14,2) NOT NULL,
  `created_at` datetime(6) NOT NULL,
  `updated_at` datetime(6) NOT NULL,
  `cliente_id` bigint NOT NULL,
  `created_by_id` int NOT NULL,
  PRIMARY KEY (`id`),
  UNIQUE KEY `numero` (`numero`),
  KEY `presupuestos_presupu_cliente_id_ef240448_fk_comercial` (`cliente_id`),
  KEY `presupuestos_presupuesto_created_by_id_77d123de_fk_auth_user_id` (`created_by_id`),
  CONSTRAINT `presupuestos_presupu_cliente_id_ef240448_fk_comercial` FOREIGN KEY (`cliente_id`) REFERENCES `comercial_cliente` (`id`),
  CONSTRAINT `presupuestos_presupuesto_created_by_id_77d123de_fk_auth_user_id` FOREIGN KEY (`created_by_id`) REFERENCES `auth_user` (`id`)
) ENGINE=InnoDB AUTO_INCREMENT=3 DEFAULT CHARSET=utf8mb3;
/*!40101 SET character_set_client = @saved_cs_client */;

--
-- Dumping data for table `presupuestos_presupuesto`
--

LOCK TABLES `presupuestos_presupuesto` WRITE;
/*!40000 ALTER TABLE `presupuestos_presupuesto` DISABLE KEYS */;
INSERT INTO `presupuestos_presupuesto` VALUES (1,'PRES-2026-001','2026-04-10','borrador','',0.00,'2026-03-11 04:01:39.070632','2026-03-11 04:01:39.070672',88,2),(2,'PRES-2026-002','2026-04-10','confirmado','',1608854.76,'2026-03-11 04:04:31.303852','2026-03-11 04:04:31.303918',88,2);
/*!40000 ALTER TABLE `presupuestos_presupuesto` ENABLE KEYS */;
UNLOCK TABLES;

--
-- Table structure for table `productos`
--

DROP TABLE IF EXISTS `productos`;
/*!40101 SET @saved_cs_client     = @@character_set_client */;
/*!50503 SET character_set_client = utf8mb4 */;
CREATE TABLE `productos` (
  `Id` int NOT NULL,
  `Idextrusora` int DEFAULT NULL,
  `Idlinea` int DEFAULT NULL,
  `Idtipo` int DEFAULT NULL,
  `Descripci_n` text,
  `Fecha_creacion` text,
  `Bloqueado` text,
  `cantidad_hojas` int DEFAULT '1',
  `horas_hombre` float DEFAULT '0',
  PRIMARY KEY (`Id`)
) ENGINE=InnoDB DEFAULT CHARSET=utf8mb3;
/*!40101 SET character_set_client = @saved_cs_client */;

--
-- Dumping data for table `productos`
--

LOCK TABLES `productos` WRITE;
/*!40000 ALTER TABLE `productos` DISABLE KEYS */;
INSERT INTO `productos` VALUES (1,1,1,NULL,'CORREDIZA 2 HOJAS 2 GUIAS',NULL,NULL,2,2.5),(2,1,1,NULL,'BANDEROLA',NULL,NULL,1,2),(3,1,1,NULL,'BRAZO DE EMPUJE',NULL,NULL,1,2),(4,1,1,NULL,'PROYECTANTE CON TIJERA',NULL,NULL,1,2.5),(5,1,1,NULL,'PAÑO FIJO',NULL,NULL,1,1.5),(6,1,1,NULL,'RAJA DE ABRIR',NULL,NULL,1,2),(7,1,1,NULL,'RAJA DE ABRIR EN DOS HOJAS',NULL,NULL,2,3),(8,1,1,NULL,'OSCILOBATIENTE',NULL,NULL,1,3),(9,1,1,NULL,'PUERTA MODELO 1(TODO VIDRIO)',NULL,NULL,1,3),(10,1,1,NULL,'PUERTA MODELO 2 (CON TRAV Y VIDRIO )',NULL,NULL,1,3),(11,1,1,NULL,'PUERTA MODELO 3 (CON TRAV ,REVESTIMIENTO Y VIDRIO )',NULL,NULL,1,3),(12,1,1,NULL,'PUERTA MODELO 4 (CIEGA CON REVESTIMIENTO )',NULL,NULL,1,3.5),(13,1,1,NULL,'CORREDIZA 3 HOJAS 3 GUIAS',NULL,NULL,3,3),(14,1,2,NULL,'CORREDIZA 2 HOJAS 2 GUIAS',NULL,NULL,2,2),(15,1,2,NULL,'CORREDIZA 3 HOJAS 3GUIAS',NULL,NULL,3,3),(16,1,1,NULL,'CORREDIZA 4 HOJAS 2 GUIAS',NULL,NULL,4,3),(17,1,1,NULL,'CORREDIZA 4 HOJAS 2 GUIAS',NULL,'Si',4,7),(18,1,2,NULL,'BANDEROLA',NULL,NULL,1,2.5),(19,1,2,NULL,'BRAZO DE EMPUJE',NULL,NULL,1,2.5),(20,1,2,NULL,'RAJA DE ABRIR',NULL,NULL,1,2.5),(21,1,2,NULL,'RAJA DE ABRIR EN DOS HOJAS',NULL,NULL,1,3.5),(22,1,2,NULL,'OSCILOBATIENTE',NULL,NULL,1,3.5),(23,1,2,NULL,'PAÑO FIJO',NULL,NULL,1,2),(24,1,2,NULL,'CORREDIZA 4 HOJAS 2 GUIAS',NULL,NULL,4,3),(25,2,3,NULL,'CORREDIZA 4 HOJAS 2 GUIAS',NULL,NULL,4,3.5),(26,2,3,NULL,'CORREDIZA 2 HOJAS 2 GUIAS',NULL,NULL,2,3),(27,2,3,NULL,'BANDEROLA',NULL,NULL,1,2.5),(28,2,3,NULL,'BRAZO DE EMPUJE',NULL,NULL,1,2),(29,2,3,NULL,'OSCILOBATIENTE',NULL,NULL,1,2),(30,2,3,NULL,'RAJA DE ABRIR',NULL,NULL,1,2),(31,2,3,NULL,'RAJA DE ABRIR EN DOS HOJAS',NULL,NULL,2,3);
/*!40000 ALTER TABLE `productos` ENABLE KEYS */;
UNLOCK TABLES;

--
-- Table structure for table `productos_producto`
--

DROP TABLE IF EXISTS `productos_producto`;
/*!40101 SET @saved_cs_client     = @@character_set_client */;
/*!50503 SET character_set_client = utf8mb4 */;
CREATE TABLE `productos_producto` (
  `id` bigint NOT NULL AUTO_INCREMENT,
  `nombre` varchar(200) NOT NULL,
  `categoria` varchar(100) NOT NULL,
  `precio_m2` decimal(10,2) NOT NULL,
  `activo` tinyint(1) NOT NULL,
  `created_at` datetime(6) NOT NULL,
  `updated_at` datetime(6) NOT NULL,
  `formula` varchar(20) NOT NULL,
  `alicuota_iva` decimal(5,2) NOT NULL,
  PRIMARY KEY (`id`)
) ENGINE=InnoDB AUTO_INCREMENT=10 DEFAULT CHARSET=utf8mb3;
/*!40101 SET character_set_client = @saved_cs_client */;

--
-- Dumping data for table `productos_producto`
--

LOCK TABLES `productos_producto` WRITE;
/*!40000 ALTER TABLE `productos_producto` DISABLE KEYS */;
INSERT INTO `productos_producto` VALUES (1,'Laminado 3+3 (m²)','vidrios',81000.00,1,'2025-11-18 15:12:20.684572','2025-11-19 10:38:36.012704','area',21.00),(2,'DVH 4+9+4 (m²)','vidrios',86000.00,1,'2025-11-18 15:12:20.751745','2026-03-08 21:09:58.415451','area',21.00),(3,'DVH 3+3+9+4 (m²)','vidrios',143000.00,1,'2025-11-18 15:12:20.761233','2025-11-19 10:38:11.755691','area',21.00),(4,'DVH 3+3+9+3+3 (m²)','vidrios',201800.00,1,'2025-11-18 15:12:20.860979','2025-11-19 10:37:55.758698','area',21.00),(5,'Paño fijo Módena blanco (m²)','panos_fijos',24750.00,1,'2025-11-18 15:12:20.945638','2025-11-19 10:56:58.408868','perimetro',21.00),(6,'Paño fijo Módena negro (m²)','panos_fijos',29700.00,1,'2025-11-18 15:12:20.956650','2025-11-19 10:57:10.644790','perimetro',21.00),(7,'Paño fijo A30 blanco (m²)','panos_fijos',35000.00,1,'2025-11-18 15:12:21.046697','2025-11-19 10:38:50.810625','perimetro',21.00),(8,'Paño fijo A30 negro (m²)','panos_fijos',42000.00,1,'2025-11-18 15:12:21.058187','2025-11-19 10:39:25.365849','perimetro',21.00),(9,'Persiana PVC blanco (m²)','persianas',65000.00,1,'2025-11-18 15:12:21.142135','2025-11-19 10:57:29.512594','area',21.00);
/*!40000 ALTER TABLE `productos_producto` ENABLE KEYS */;
UNLOCK TABLES;

--
-- Table structure for table `security_auditlog`
--

DROP TABLE IF EXISTS `security_auditlog`;
/*!40101 SET @saved_cs_client     = @@character_set_client */;
/*!50503 SET character_set_client = utf8mb4 */;
CREATE TABLE `security_auditlog` (
  `id` bigint NOT NULL AUTO_INCREMENT,
  `username` varchar(150) NOT NULL,
  `action` varchar(20) NOT NULL,
  `level` varchar(10) NOT NULL,
  `model_name` varchar(100) NOT NULL,
  `object_id` varchar(100) NOT NULL,
  `object_repr` varchar(200) NOT NULL,
  `description` longtext NOT NULL,
  `ip_address` char(39) DEFAULT NULL,
  `user_agent` longtext NOT NULL,
  `path` varchar(500) NOT NULL,
  `method` varchar(10) NOT NULL,
  `changes` json DEFAULT NULL,
  `timestamp` datetime(6) NOT NULL,
  `user_id` int DEFAULT NULL,
  PRIMARY KEY (`id`),
  KEY `security_auditlog_timestamp_1c842a51` (`timestamp`),
  KEY `security_au_timesta_cbae00_idx` (`timestamp` DESC),
  KEY `security_au_user_id_6d8368_idx` (`user_id`,`timestamp` DESC),
  KEY `security_au_action_7867d2_idx` (`action`,`timestamp` DESC),
  CONSTRAINT `security_auditlog_user_id_69f912c9_fk_auth_user_id` FOREIGN KEY (`user_id`) REFERENCES `auth_user` (`id`)
) ENGINE=InnoDB AUTO_INCREMENT=1772 DEFAULT CHARSET=utf8mb3;
/*!40101 SET character_set_client = @saved_cs_client */;

--
-- Dumping data for table `security_auditlog`
--

LOCK TABLES `security_auditlog` WRITE;
/*!40000 ALTER TABLE `security_auditlog` DISABLE KEYS */;
INSERT INTO `security_auditlog` VALUES (1,'admin','CREATE','INFO','','','','POST /comercial/reportes/','152.168.206.173','Mozilla/5.0 (Windows NT 10.0; Win64; x64) AppleWebKit/537.36 (KHTML, like Gecko) Chrome/145.0.0.0 Safari/537.36','/comercial/reportes/','POST',NULL,'2026-02-17 15:30:06.719926',2),(2,'admin','CREATE','INFO','','','','POST /comercial/reportes/','152.168.206.173','Mozilla/5.0 (Windows NT 10.0; Win64; x64) AppleWebKit/537.36 (KHTML, like Gecko) Chrome/145.0.0.0 Safari/537.36','/comercial/reportes/','POST',NULL,'2026-02-17 15:30:09.168635',2),(3,'admin','CREATE','INFO','','','','POST /comercial/reportes/','152.168.206.173','Mozilla/5.0 (Windows NT 10.0; Win64; x64) AppleWebKit/537.36 (KHTML, like Gecko) Chrome/145.0.0.0 Safari/537.36','/comercial/reportes/','POST',NULL,'2026-02-17 15:30:19.884953',2),(4,'admin','CREATE','INFO','','','','POST /comercial/reportes/','152.168.206.173','Mozilla/5.0 (Windows NT 10.0; Win64; x64) AppleWebKit/537.36 (KHTML, like Gecko) Chrome/145.0.0.0 Safari/537.36','/comercial/reportes/','POST',NULL,'2026-02-17 15:30:39.257730',2),(5,'admin','CREATE','INFO','','','','POST /comercial/reportes/','152.168.206.173','Mozilla/5.0 (Windows NT 10.0; Win64; x64) AppleWebKit/537.36 (KHTML, like Gecko) Chrome/144.0.0.0 Safari/537.36','/comercial/reportes/','POST',NULL,'2026-02-17 15:31:47.355129',2),(6,'admin','CREATE','INFO','','','','POST /comercial/reportes/','152.168.206.173','Mozilla/5.0 (Windows NT 10.0; Win64; x64) AppleWebKit/537.36 (KHTML, like Gecko) Chrome/145.0.0.0 Safari/537.36','/comercial/reportes/','POST',NULL,'2026-02-17 15:32:03.270591',2),(7,'admin','CREATE','INFO','','','','POST /comercial/reportes/','152.168.206.173','Mozilla/5.0 (Windows NT 10.0; Win64; x64) AppleWebKit/537.36 (KHTML, like Gecko) Chrome/145.0.0.0 Safari/537.36','/comercial/reportes/','POST',NULL,'2026-02-17 15:41:22.645962',2),(8,'admin','CREATE','INFO','','','','POST /comercial/reportes/','152.168.206.173','Mozilla/5.0 (Windows NT 10.0; Win64; x64) AppleWebKit/537.36 (KHTML, like Gecko) Chrome/145.0.0.0 Safari/537.36','/comercial/reportes/','POST',NULL,'2026-02-17 15:58:21.678574',2),(9,'admin','CREATE','INFO','','','','POST /comercial/reportes/','152.168.206.173','Mozilla/5.0 (Windows NT 10.0; Win64; x64) AppleWebKit/537.36 (KHTML, like Gecko) Chrome/145.0.0.0 Safari/537.36','/comercial/reportes/','POST',NULL,'2026-02-17 15:58:44.745636',2),(10,'admin','CREATE','INFO','','','','POST /comercial/reportes/','152.168.206.173','Mozilla/5.0 (Windows NT 10.0; Win64; x64) AppleWebKit/537.36 (KHTML, like Gecko) Chrome/145.0.0.0 Safari/537.36','/comercial/reportes/','POST',NULL,'2026-02-17 15:58:52.357157',2),(11,'admin','CREATE','INFO','','','','POST /comercial/reportes/','152.168.206.173','Mozilla/5.0 (Windows NT 10.0; Win64; x64) AppleWebKit/537.36 (KHTML, like Gecko) Chrome/145.0.0.0 Safari/537.36','/comercial/reportes/','POST',NULL,'2026-02-17 15:59:10.426503',2),(12,'admin','CREATE','INFO','','','','POST /comercial/reportes/','152.168.206.173','Mozilla/5.0 (Windows NT 10.0; Win64; x64) AppleWebKit/537.36 (KHTML, like Gecko) Chrome/145.0.0.0 Safari/537.36','/comercial/reportes/','POST',NULL,'2026-02-17 16:07:06.926805',2),(13,'admin','CREATE','INFO','','','','POST /comercial/reportes/','152.168.206.173','Mozilla/5.0 (Windows NT 10.0; Win64; x64) AppleWebKit/537.36 (KHTML, like Gecko) Chrome/145.0.0.0 Safari/537.36','/comercial/reportes/','POST',NULL,'2026-02-17 16:07:15.252528',2),(14,'admin','CREATE','INFO','','','','POST /comercial/reportes/','152.168.206.173','Mozilla/5.0 (Windows NT 10.0; Win64; x64) AppleWebKit/537.36 (KHTML, like Gecko) Chrome/145.0.0.0 Safari/537.36','/comercial/reportes/','POST',NULL,'2026-02-17 16:07:21.919021',2),(15,'admin','CREATE','INFO','','','','POST /comercial/reportes/','152.168.206.173','Mozilla/5.0 (Windows NT 10.0; Win64; x64) AppleWebKit/537.36 (KHTML, like Gecko) Chrome/145.0.0.0 Safari/537.36','/comercial/reportes/','POST',NULL,'2026-02-17 16:09:55.319731',2),(16,'admin','CREATE','INFO','','','','POST /comercial/reportes/','152.168.206.173','Mozilla/5.0 (Windows NT 10.0; Win64; x64) AppleWebKit/537.36 (KHTML, like Gecko) Chrome/145.0.0.0 Safari/537.36','/comercial/reportes/','POST',NULL,'2026-02-17 16:09:58.009849',2),(17,'admin','CREATE','INFO','','','','POST /comercial/reportes/','152.168.206.173','Mozilla/5.0 (Windows NT 10.0; Win64; x64) AppleWebKit/537.36 (KHTML, like Gecko) Chrome/145.0.0.0 Safari/537.36','/comercial/reportes/','POST',NULL,'2026-02-17 16:10:16.984428',2),(18,'admin','CREATE','INFO','','','','POST /login/','190.48.205.77','Mozilla/5.0 (Windows NT 10.0; Win64; x64) AppleWebKit/537.36 (KHTML, like Gecko) Chrome/144.0.0.0 Safari/537.36','/login/','POST',NULL,'2026-02-18 15:44:32.071879',2),(19,'admin','CREATE','INFO','','','','POST /login/','152.168.206.173','Mozilla/5.0 (Windows NT 10.0; Win64; x64) AppleWebKit/537.36 (KHTML, like Gecko) Chrome/144.0.0.0 Safari/537.36','/login/','POST',NULL,'2026-02-19 13:53:15.245306',2),(20,'admin','CREATE','INFO','','','','POST /comercial/reportes/','152.168.206.173','Mozilla/5.0 (Windows NT 10.0; Win64; x64) AppleWebKit/537.36 (KHTML, like Gecko) Chrome/144.0.0.0 Safari/537.36','/comercial/reportes/','POST',NULL,'2026-02-19 13:53:39.605470',2),(21,'admin','CREATE','INFO','','','','POST /comercial/reportes/','152.168.206.173','Mozilla/5.0 (Windows NT 10.0; Win64; x64) AppleWebKit/537.36 (KHTML, like Gecko) Chrome/144.0.0.0 Safari/537.36','/comercial/reportes/','POST',NULL,'2026-02-19 13:53:59.361084',2),(22,'admin','CREATE','INFO','','','','POST /comercial/reportes/','152.168.206.173','Mozilla/5.0 (Windows NT 10.0; Win64; x64) AppleWebKit/537.36 (KHTML, like Gecko) Chrome/144.0.0.0 Safari/537.36','/comercial/reportes/','POST',NULL,'2026-02-19 13:56:24.553300',2),(23,'admin','CREATE','INFO','','','','POST /comercial/reportes/','152.168.206.173','Mozilla/5.0 (Windows NT 10.0; Win64; x64) AppleWebKit/537.36 (KHTML, like Gecko) Chrome/144.0.0.0 Safari/537.36','/comercial/reportes/','POST',NULL,'2026-02-19 13:56:42.084545',2),(24,'admin','CREATE','INFO','','','','POST /comercial/reportes/','152.168.206.173','Mozilla/5.0 (Windows NT 10.0; Win64; x64) AppleWebKit/537.36 (KHTML, like Gecko) Chrome/144.0.0.0 Safari/537.36','/comercial/reportes/','POST',NULL,'2026-02-19 13:56:51.479387',2),(25,'admin','CREATE','INFO','','','','POST /comercial/reportes/','152.168.206.173','Mozilla/5.0 (Windows NT 10.0; Win64; x64) AppleWebKit/537.36 (KHTML, like Gecko) Chrome/144.0.0.0 Safari/537.36','/comercial/reportes/','POST',NULL,'2026-02-19 13:57:04.737097',2),(26,'admin','CREATE','INFO','','','','POST /comercial/reportes/','152.168.206.173','Mozilla/5.0 (Windows NT 10.0; Win64; x64) AppleWebKit/537.36 (KHTML, like Gecko) Chrome/144.0.0.0 Safari/537.36','/comercial/reportes/','POST',NULL,'2026-02-19 13:57:09.701350',2),(27,'Anonymous','CREATE','INFO','','','','POST /login/','152.168.206.173','Mozilla/5.0 (Windows NT 10.0; Win64; x64) AppleWebKit/537.36 (KHTML, like Gecko) Chrome/145.0.0.0 Safari/537.36','/login/','POST',NULL,'2026-02-19 14:05:54.309724',NULL),(28,'admin','CREATE','INFO','','','','POST /login/','152.168.206.173','Mozilla/5.0 (Windows NT 10.0; Win64; x64) AppleWebKit/537.36 (KHTML, like Gecko) Chrome/145.0.0.0 Safari/537.36','/login/','POST',NULL,'2026-02-19 14:06:00.459850',2),(29,'admin','CREATE','INFO','','','','POST /comercial/reportes/','152.168.206.173','Mozilla/5.0 (Windows NT 10.0; Win64; x64) AppleWebKit/537.36 (KHTML, like Gecko) Chrome/145.0.0.0 Safari/537.36','/comercial/reportes/','POST',NULL,'2026-02-19 14:06:06.444930',2),(30,'admin','CREATE','INFO','','','','POST /comercial/reportes/','152.168.206.173','Mozilla/5.0 (Windows NT 10.0; Win64; x64) AppleWebKit/537.36 (KHTML, like Gecko) Chrome/144.0.0.0 Safari/537.36','/comercial/reportes/','POST',NULL,'2026-02-19 14:10:34.199507',2),(31,'admin','CREATE','INFO','','','','POST /comercial/reportes/','152.168.206.173','Mozilla/5.0 (Windows NT 10.0; Win64; x64) AppleWebKit/537.36 (KHTML, like Gecko) Chrome/144.0.0.0 Safari/537.36','/comercial/reportes/','POST',NULL,'2026-02-19 14:11:27.279611',2),(32,'admin','CREATE','INFO','','','','POST /comercial/reportes/','152.168.206.173','Mozilla/5.0 (Windows NT 10.0; Win64; x64) AppleWebKit/537.36 (KHTML, like Gecko) Chrome/144.0.0.0 Safari/537.36','/comercial/reportes/','POST',NULL,'2026-02-19 14:14:36.385247',2),(33,'admin','CREATE','INFO','','','','POST /comercial/reportes/','152.168.206.173','Mozilla/5.0 (Windows NT 10.0; Win64; x64) AppleWebKit/537.36 (KHTML, like Gecko) Chrome/144.0.0.0 Safari/537.36','/comercial/reportes/','POST',NULL,'2026-02-19 14:14:46.953596',2),(34,'admin','CREATE','INFO','','','','POST /comercial/reportes/','152.168.206.173','Mozilla/5.0 (Windows NT 10.0; Win64; x64) AppleWebKit/537.36 (KHTML, like Gecko) Chrome/144.0.0.0 Safari/537.36','/comercial/reportes/','POST',NULL,'2026-02-19 14:14:54.369004',2),(35,'admin','CREATE','INFO','','','','POST /login/','152.168.206.173','Mozilla/5.0 (Windows NT 10.0; Win64; x64) AppleWebKit/537.36 (KHTML, like Gecko) Chrome/144.0.0.0 Safari/537.36','/login/','POST',NULL,'2026-02-19 18:53:43.886708',2),(36,'admin','CREATE','INFO','','','','POST /comercial/reportes/','152.168.206.173','Mozilla/5.0 (Windows NT 10.0; Win64; x64) AppleWebKit/537.36 (KHTML, like Gecko) Chrome/144.0.0.0 Safari/537.36','/comercial/reportes/','POST',NULL,'2026-02-19 18:53:55.035978',2),(37,'Kiara','CREATE','INFO','','','','POST /login/','190.48.203.234','Mozilla/5.0 (Windows NT 10.0; Win64; x64) AppleWebKit/537.36 (KHTML, like Gecko) Chrome/144.0.0.0 Safari/537.36','/login/','POST',NULL,'2026-02-23 14:26:23.378427',4),(38,'admin','CREATE','INFO','','','','POST /login/','190.48.203.234','Mozilla/5.0 (Windows NT 10.0; Win64; x64) AppleWebKit/537.36 (KHTML, like Gecko) Chrome/145.0.0.0 Safari/537.36','/login/','POST',NULL,'2026-02-23 14:33:43.325240',2),(39,'Kiara','CREATE','INFO','','','','POST /login/','190.48.203.234','Mozilla/5.0 (Windows NT 10.0; Win64; x64) AppleWebKit/537.36 (KHTML, like Gecko) Chrome/144.0.0.0 Safari/537.36','/login/','POST',NULL,'2026-02-23 14:34:32.214981',4),(40,'admin','CREATE','INFO','','','','POST /login/','190.48.203.234','Mozilla/5.0 (Windows NT 10.0; Win64; x64) AppleWebKit/537.36 (KHTML, like Gecko) Chrome/145.0.0.0 Safari/537.36','/login/','POST',NULL,'2026-02-23 14:40:09.811986',2),(41,'Kiara','CREATE','INFO','','','','POST /comercial/compras/nueva/','104.166.164.25','Mozilla/5.0 (Windows NT 10.0; Win64; x64) AppleWebKit/537.36 (KHTML, like Gecko) Chrome/144.0.0.0 Safari/537.36','/comercial/compras/nueva/','POST',NULL,'2026-02-23 14:43:00.889654',4),(42,'Kiara','CREATE','INFO','','','','POST /comercial/compras/nueva/','104.166.164.25','Mozilla/5.0 (Windows NT 10.0; Win64; x64) AppleWebKit/537.36 (KHTML, like Gecko) Chrome/144.0.0.0 Safari/537.36','/comercial/compras/nueva/','POST',NULL,'2026-02-23 14:45:40.947295',4),(43,'Kiara','CREATE','INFO','','','','POST /comercial/compras/nueva/','104.166.164.25','Mozilla/5.0 (Windows NT 10.0; Win64; x64) AppleWebKit/537.36 (KHTML, like Gecko) Chrome/144.0.0.0 Safari/537.36','/comercial/compras/nueva/','POST',NULL,'2026-02-23 14:46:58.019158',4),(44,'Kiara','CREATE','INFO','','','','POST /comercial/compras/nueva/','104.166.164.25','Mozilla/5.0 (Windows NT 10.0; Win64; x64) AppleWebKit/537.36 (KHTML, like Gecko) Chrome/144.0.0.0 Safari/537.36','/comercial/compras/nueva/','POST',NULL,'2026-02-23 14:51:45.957865',4),(45,'Kiara','CREATE','INFO','','','','POST /comercial/compras/nueva/','104.166.164.25','Mozilla/5.0 (Windows NT 10.0; Win64; x64) AppleWebKit/537.36 (KHTML, like Gecko) Chrome/144.0.0.0 Safari/537.36','/comercial/compras/nueva/','POST',NULL,'2026-02-23 14:52:41.474534',4),(46,'admin','CREATE','INFO','','','','POST /login/','190.48.203.234','Mozilla/5.0 (Windows NT 10.0; Win64; x64) AppleWebKit/537.36 (KHTML, like Gecko) Chrome/145.0.0.0 Safari/537.36','/login/','POST',NULL,'2026-02-23 14:53:28.585687',2),(47,'admin','CREATE','INFO','','','','POST /comercial/tipos-gasto/nuevo/','190.48.203.234','Mozilla/5.0 (Windows NT 10.0; Win64; x64) AppleWebKit/537.36 (KHTML, like Gecko) Chrome/145.0.0.0 Safari/537.36','/comercial/tipos-gasto/nuevo/','POST',NULL,'2026-02-23 14:55:15.048070',2),(48,'Kiara','CREATE','INFO','','','','POST /comercial/cuentas/nueva/','104.166.164.25','Mozilla/5.0 (Windows NT 10.0; Win64; x64) AppleWebKit/537.36 (KHTML, like Gecko) Chrome/144.0.0.0 Safari/537.36','/comercial/cuentas/nueva/','POST',NULL,'2026-02-23 14:56:06.719275',4),(49,'admin','CREATE','INFO','','','','POST /comercial/tipos-gasto/38/eliminar/','190.48.203.234','Mozilla/5.0 (Windows NT 10.0; Win64; x64) AppleWebKit/537.36 (KHTML, like Gecko) Chrome/145.0.0.0 Safari/537.36','/comercial/tipos-gasto/38/eliminar/','POST',NULL,'2026-02-23 14:56:07.279488',2),(50,'admin','CREATE','INFO','','','','POST /comercial/tipos-gasto/10/eliminar/','190.48.203.234','Mozilla/5.0 (Windows NT 10.0; Win64; x64) AppleWebKit/537.36 (KHTML, like Gecko) Chrome/145.0.0.0 Safari/537.36','/comercial/tipos-gasto/10/eliminar/','POST',NULL,'2026-02-23 14:56:12.841753',2),(51,'Kiara','CREATE','INFO','','','','POST /comercial/tipos-gasto/nuevo/','104.166.164.25','Mozilla/5.0 (Windows NT 10.0; Win64; x64) AppleWebKit/537.36 (KHTML, like Gecko) Chrome/144.0.0.0 Safari/537.36','/comercial/tipos-gasto/nuevo/','POST',NULL,'2026-02-23 14:57:07.223956',4),(52,'Kiara','CREATE','INFO','','','','POST /comercial/cuentas/nueva/','104.166.164.25','Mozilla/5.0 (Windows NT 10.0; Win64; x64) AppleWebKit/537.36 (KHTML, like Gecko) Chrome/144.0.0.0 Safari/537.36','/comercial/cuentas/nueva/','POST',NULL,'2026-02-23 14:57:55.793968',4),(53,'admin','CREATE','INFO','','','','POST /comercial/tipos-gasto/nuevo/','190.48.203.234','Mozilla/5.0 (Windows NT 10.0; Win64; x64) AppleWebKit/537.36 (KHTML, like Gecko) Chrome/145.0.0.0 Safari/537.36','/comercial/tipos-gasto/nuevo/','POST',NULL,'2026-02-23 14:58:38.839426',2),(54,'admin','CREATE','INFO','','','','POST /comercial/cuentas/nueva/','190.48.203.234','Mozilla/5.0 (Windows NT 10.0; Win64; x64) AppleWebKit/537.36 (KHTML, like Gecko) Chrome/145.0.0.0 Safari/537.36','/comercial/cuentas/nueva/','POST',NULL,'2026-02-23 14:59:23.272860',2),(55,'admin','CREATE','INFO','','','','POST /comercial/tipos-gasto/40/eliminar/','190.48.203.234','Mozilla/5.0 (Windows NT 10.0; Win64; x64) AppleWebKit/537.36 (KHTML, like Gecko) Chrome/145.0.0.0 Safari/537.36','/comercial/tipos-gasto/40/eliminar/','POST',NULL,'2026-02-23 15:00:08.727209',2),(56,'admin','CREATE','INFO','','','','POST /comercial/tipos-gasto/39/eliminar/','190.48.203.234','Mozilla/5.0 (Windows NT 10.0; Win64; x64) AppleWebKit/537.36 (KHTML, like Gecko) Chrome/145.0.0.0 Safari/537.36','/comercial/tipos-gasto/39/eliminar/','POST',NULL,'2026-02-23 15:00:14.598565',2),(57,'admin','CREATE','INFO','','','','POST /comercial/cuentas/nueva/','190.48.203.234','Mozilla/5.0 (Windows NT 10.0; Win64; x64) AppleWebKit/537.36 (KHTML, like Gecko) Chrome/145.0.0.0 Safari/537.36','/comercial/cuentas/nueva/','POST',NULL,'2026-02-23 15:01:26.530165',2),(58,'admin','CREATE','INFO','','','','POST /comercial/cuentas/nueva/','190.48.203.234','Mozilla/5.0 (Windows NT 10.0; Win64; x64) AppleWebKit/537.36 (KHTML, like Gecko) Chrome/145.0.0.0 Safari/537.36','/comercial/cuentas/nueva/','POST',NULL,'2026-02-23 15:01:34.365442',2),(59,'admin','CREATE','INFO','','','','POST /comercial/cuentas/nueva/','190.48.203.234','Mozilla/5.0 (Windows NT 10.0; Win64; x64) AppleWebKit/537.36 (KHTML, like Gecko) Chrome/145.0.0.0 Safari/537.36','/comercial/cuentas/nueva/','POST',NULL,'2026-02-23 15:02:02.335587',2),(60,'admin','CREATE','INFO','','','','POST /comercial/tipos-gasto/nuevo/','190.48.203.234','Mozilla/5.0 (Windows NT 10.0; Win64; x64) AppleWebKit/537.36 (KHTML, like Gecko) Chrome/145.0.0.0 Safari/537.36','/comercial/tipos-gasto/nuevo/','POST',NULL,'2026-02-23 15:03:37.500692',2),(61,'admin','CREATE','INFO','','','','POST /comercial/tipos-gasto/41/eliminar/','190.48.203.234','Mozilla/5.0 (Windows NT 10.0; Win64; x64) AppleWebKit/537.36 (KHTML, like Gecko) Chrome/145.0.0.0 Safari/537.36','/comercial/tipos-gasto/41/eliminar/','POST',NULL,'2026-02-23 15:05:28.279211',2),(62,'admin','CREATE','INFO','','','','POST /comercial/tipos-gasto/nuevo/','190.48.203.234','Mozilla/5.0 (Windows NT 10.0; Win64; x64) AppleWebKit/537.36 (KHTML, like Gecko) Chrome/145.0.0.0 Safari/537.36','/comercial/tipos-gasto/nuevo/','POST',NULL,'2026-02-23 15:06:06.557977',2),(63,'admin','CREATE','INFO','','','','POST /comercial/cuentas/28/editar/','190.48.203.234','Mozilla/5.0 (Windows NT 10.0; Win64; x64) AppleWebKit/537.36 (KHTML, like Gecko) Chrome/145.0.0.0 Safari/537.36','/comercial/cuentas/28/editar/','POST',NULL,'2026-02-23 15:06:35.839832',2),(64,'admin','CREATE','INFO','','','','POST /login/','190.48.203.234','Mozilla/5.0 (Windows NT 10.0; Win64; x64) AppleWebKit/537.36 (KHTML, like Gecko) Chrome/145.0.0.0 Safari/537.36','/login/','POST',NULL,'2026-02-23 15:06:46.094612',2),(65,'Kiara','CREATE','INFO','','','','POST /comercial/compras/nueva/','104.166.164.25','Mozilla/5.0 (Windows NT 10.0; Win64; x64) AppleWebKit/537.36 (KHTML, like Gecko) Chrome/144.0.0.0 Safari/537.36','/comercial/compras/nueva/','POST',NULL,'2026-02-23 15:08:02.504539',4),(66,'admin','CREATE','INFO','','','','POST /login/','190.48.203.234','Mozilla/5.0 (Windows NT 10.0; Win64; x64) AppleWebKit/537.36 (KHTML, like Gecko) Chrome/145.0.0.0 Safari/537.36','/login/','POST',NULL,'2026-02-23 15:09:53.201163',2),(67,'Kiara','CREATE','INFO','','','','POST /comercial/cuentas/nueva/','104.166.164.25','Mozilla/5.0 (Windows NT 10.0; Win64; x64) AppleWebKit/537.36 (KHTML, like Gecko) Chrome/144.0.0.0 Safari/537.36','/comercial/cuentas/nueva/','POST',NULL,'2026-02-23 15:10:48.265232',4),(68,'admin','CREATE','INFO','','','','POST /login/','190.48.203.234','Mozilla/5.0 (Windows NT 10.0; Win64; x64) AppleWebKit/537.36 (KHTML, like Gecko) Chrome/145.0.0.0 Safari/537.36','/login/','POST',NULL,'2026-02-23 15:11:53.456080',2),(69,'admin','CREATE','INFO','','','','POST /login/','190.48.203.234','Mozilla/5.0 (Windows NT 10.0; Win64; x64) AppleWebKit/537.36 (KHTML, like Gecko) Chrome/145.0.0.0 Safari/537.36','/login/','POST',NULL,'2026-02-23 15:11:54.162600',2),(70,'admin','CREATE','INFO','','','','POST /login/','190.48.203.234','Mozilla/5.0 (Windows NT 10.0; Win64; x64) AppleWebKit/537.36 (KHTML, like Gecko) Chrome/145.0.0.0 Safari/537.36','/login/','POST',NULL,'2026-02-23 15:12:23.891042',2),(71,'admin','CREATE','INFO','','','','POST /login/','190.48.203.234','Mozilla/5.0 (Windows NT 10.0; Win64; x64) AppleWebKit/537.36 (KHTML, like Gecko) Chrome/145.0.0.0 Safari/537.36','/login/','POST',NULL,'2026-02-23 15:13:58.437141',2),(72,'admin','CREATE','INFO','','','','POST /comercial/tipos-gasto/nuevo/','190.48.203.234','Mozilla/5.0 (Windows NT 10.0; Win64; x64) AppleWebKit/537.36 (KHTML, like Gecko) Chrome/145.0.0.0 Safari/537.36','/comercial/tipos-gasto/nuevo/','POST',NULL,'2026-02-23 15:14:36.664480',2),(73,'Kiara','CREATE','INFO','','','','POST /comercial/compras/nueva/','104.166.164.25','Mozilla/5.0 (Windows NT 10.0; Win64; x64) AppleWebKit/537.36 (KHTML, like Gecko) Chrome/144.0.0.0 Safari/537.36','/comercial/compras/nueva/','POST',NULL,'2026-02-23 15:16:20.433692',4),(74,'Kiara','CREATE','INFO','','','','POST /comercial/compras/nueva/','104.166.164.25','Mozilla/5.0 (Windows NT 10.0; Win64; x64) AppleWebKit/537.36 (KHTML, like Gecko) Chrome/144.0.0.0 Safari/537.36','/comercial/compras/nueva/','POST',NULL,'2026-02-23 15:17:57.238556',4),(75,'Kiara','CREATE','INFO','','','','POST /comercial/tipos-gasto/nuevo/','104.166.164.25','Mozilla/5.0 (Windows NT 10.0; Win64; x64) AppleWebKit/537.36 (KHTML, like Gecko) Chrome/144.0.0.0 Safari/537.36','/comercial/tipos-gasto/nuevo/','POST',NULL,'2026-02-23 15:19:51.247456',4),(76,'Kiara','CREATE','INFO','','','','POST /comercial/cuentas/nueva/','104.166.164.25','Mozilla/5.0 (Windows NT 10.0; Win64; x64) AppleWebKit/537.36 (KHTML, like Gecko) Chrome/144.0.0.0 Safari/537.36','/comercial/cuentas/nueva/','POST',NULL,'2026-02-23 15:20:19.499809',4),(77,'Kiara','CREATE','INFO','','','','POST /comercial/compras/nueva/','104.166.164.25','Mozilla/5.0 (Windows NT 10.0; Win64; x64) AppleWebKit/537.36 (KHTML, like Gecko) Chrome/144.0.0.0 Safari/537.36','/comercial/compras/nueva/','POST',NULL,'2026-02-23 15:21:45.067202',4),(78,'Kiara','CREATE','INFO','','','','POST /comercial/compras/nueva/','104.166.164.25','Mozilla/5.0 (Windows NT 10.0; Win64; x64) AppleWebKit/537.36 (KHTML, like Gecko) Chrome/144.0.0.0 Safari/537.36','/comercial/compras/nueva/','POST',NULL,'2026-02-23 15:22:46.537891',4),(79,'Kiara','CREATE','INFO','','','','POST /comercial/compras/nueva/','104.166.164.25','Mozilla/5.0 (Windows NT 10.0; Win64; x64) AppleWebKit/537.36 (KHTML, like Gecko) Chrome/144.0.0.0 Safari/537.36','/comercial/compras/nueva/','POST',NULL,'2026-02-23 15:23:32.778804',4),(80,'Kiara','CREATE','INFO','','','','POST /comercial/compras/nueva/','104.166.164.25','Mozilla/5.0 (Windows NT 10.0; Win64; x64) AppleWebKit/537.36 (KHTML, like Gecko) Chrome/144.0.0.0 Safari/537.36','/comercial/compras/nueva/','POST',NULL,'2026-02-23 15:24:22.524899',4),(81,'Kiara','CREATE','INFO','','','','POST /comercial/compras/nueva/','104.166.164.25','Mozilla/5.0 (Windows NT 10.0; Win64; x64) AppleWebKit/537.36 (KHTML, like Gecko) Chrome/144.0.0.0 Safari/537.36','/comercial/compras/nueva/','POST',NULL,'2026-02-23 15:26:09.385042',4),(82,'Kiara','CREATE','INFO','','','','POST /comercial/compras/nueva/','104.166.164.25','Mozilla/5.0 (Windows NT 10.0; Win64; x64) AppleWebKit/537.36 (KHTML, like Gecko) Chrome/144.0.0.0 Safari/537.36','/comercial/compras/nueva/','POST',NULL,'2026-02-23 15:27:17.678152',4),(83,'Kiara','CREATE','INFO','','','','POST /comercial/compras/nueva/','104.166.164.25','Mozilla/5.0 (Windows NT 10.0; Win64; x64) AppleWebKit/537.36 (KHTML, like Gecko) Chrome/144.0.0.0 Safari/537.36','/comercial/compras/nueva/','POST',NULL,'2026-02-23 15:30:07.172403',4),(84,'Kiara','CREATE','INFO','','','','POST /comercial/compras/nueva/','104.166.164.25','Mozilla/5.0 (Windows NT 10.0; Win64; x64) AppleWebKit/537.36 (KHTML, like Gecko) Chrome/144.0.0.0 Safari/537.36','/comercial/compras/nueva/','POST',NULL,'2026-02-23 15:31:00.753891',4),(85,'Kiara','CREATE','INFO','','','','POST /comercial/compras/nueva/','104.166.164.25','Mozilla/5.0 (Windows NT 10.0; Win64; x64) AppleWebKit/537.36 (KHTML, like Gecko) Chrome/144.0.0.0 Safari/537.36','/comercial/compras/nueva/','POST',NULL,'2026-02-23 15:32:01.910320',4),(86,'Kiara','CREATE','INFO','','','','POST /comercial/tipos-gasto/nuevo/','104.166.164.25','Mozilla/5.0 (Windows NT 10.0; Win64; x64) AppleWebKit/537.36 (KHTML, like Gecko) Chrome/144.0.0.0 Safari/537.36','/comercial/tipos-gasto/nuevo/','POST',NULL,'2026-02-23 15:34:14.139425',4),(87,'Kiara','CREATE','INFO','','','','POST /comercial/compras/nueva/','104.166.164.25','Mozilla/5.0 (Windows NT 10.0; Win64; x64) AppleWebKit/537.36 (KHTML, like Gecko) Chrome/144.0.0.0 Safari/537.36','/comercial/compras/nueva/','POST',NULL,'2026-02-23 15:35:35.410745',4),(88,'Kiara','CREATE','INFO','','','','POST /comercial/compras/nueva/','104.166.164.25','Mozilla/5.0 (Windows NT 10.0; Win64; x64) AppleWebKit/537.36 (KHTML, like Gecko) Chrome/144.0.0.0 Safari/537.36','/comercial/compras/nueva/','POST',NULL,'2026-02-23 15:36:48.817935',4),(89,'Kiara','CREATE','INFO','','','','POST /comercial/compras/nueva/','104.166.164.25','Mozilla/5.0 (Windows NT 10.0; Win64; x64) AppleWebKit/537.36 (KHTML, like Gecko) Chrome/144.0.0.0 Safari/537.36','/comercial/compras/nueva/','POST',NULL,'2026-02-23 15:38:14.166612',4),(90,'Kiara','CREATE','INFO','','','','POST /comercial/compras/nueva/','104.166.164.25','Mozilla/5.0 (Windows NT 10.0; Win64; x64) AppleWebKit/537.36 (KHTML, like Gecko) Chrome/144.0.0.0 Safari/537.36','/comercial/compras/nueva/','POST',NULL,'2026-02-23 15:41:16.656789',4),(91,'admin','CREATE','INFO','','','','POST /login/','190.48.203.234','Mozilla/5.0 (Windows NT 10.0; Win64; x64) AppleWebKit/537.36 (KHTML, like Gecko) Chrome/145.0.0.0 Safari/537.36','/login/','POST',NULL,'2026-02-23 15:42:59.918540',2),(92,'Kiara','CREATE','INFO','','','','POST /comercial/compras/nueva/','104.166.164.25','Mozilla/5.0 (Windows NT 10.0; Win64; x64) AppleWebKit/537.36 (KHTML, like Gecko) Chrome/144.0.0.0 Safari/537.36','/comercial/compras/nueva/','POST',NULL,'2026-02-23 15:45:05.838526',4),(93,'Kiara','CREATE','INFO','','','','POST /comercial/compras/nueva/','104.166.164.25','Mozilla/5.0 (Windows NT 10.0; Win64; x64) AppleWebKit/537.36 (KHTML, like Gecko) Chrome/144.0.0.0 Safari/537.36','/comercial/compras/nueva/','POST',NULL,'2026-02-23 15:57:04.854602',4),(94,'Kiara','CREATE','INFO','','','','POST /comercial/compras/nueva/','104.166.164.25','Mozilla/5.0 (Windows NT 10.0; Win64; x64) AppleWebKit/537.36 (KHTML, like Gecko) Chrome/144.0.0.0 Safari/537.36','/comercial/compras/nueva/','POST',NULL,'2026-02-23 15:58:15.027488',4),(95,'Kiara','CREATE','INFO','','','','POST /comercial/tipos-gasto/nuevo/','104.166.164.25','Mozilla/5.0 (Windows NT 10.0; Win64; x64) AppleWebKit/537.36 (KHTML, like Gecko) Chrome/144.0.0.0 Safari/537.36','/comercial/tipos-gasto/nuevo/','POST',NULL,'2026-02-23 16:00:49.748072',4),(96,'Kiara','CREATE','INFO','','','','POST /comercial/tipos-gasto/46/editar/','104.166.164.25','Mozilla/5.0 (Windows NT 10.0; Win64; x64) AppleWebKit/537.36 (KHTML, like Gecko) Chrome/144.0.0.0 Safari/537.36','/comercial/tipos-gasto/46/editar/','POST',NULL,'2026-02-23 16:01:04.600899',4),(97,'Kiara','CREATE','INFO','','','','POST /comercial/cuentas/nueva/','104.166.164.25','Mozilla/5.0 (Windows NT 10.0; Win64; x64) AppleWebKit/537.36 (KHTML, like Gecko) Chrome/144.0.0.0 Safari/537.36','/comercial/cuentas/nueva/','POST',NULL,'2026-02-23 16:02:00.958568',4),(98,'Kiara','CREATE','INFO','','','','POST /comercial/compras/nueva/','104.166.164.25','Mozilla/5.0 (Windows NT 10.0; Win64; x64) AppleWebKit/537.36 (KHTML, like Gecko) Chrome/144.0.0.0 Safari/537.36','/comercial/compras/nueva/','POST',NULL,'2026-02-23 16:03:40.885767',4),(99,'Kiara','CREATE','INFO','','','','POST /login/','104.166.164.25','Mozilla/5.0 (Windows NT 10.0; Win64; x64) AppleWebKit/537.36 (KHTML, like Gecko) Chrome/144.0.0.0 Safari/537.36','/login/','POST',NULL,'2026-02-23 16:06:10.104741',4),(100,'Kiara','CREATE','INFO','','','','POST /comercial/tipos-gasto/nuevo/','104.166.164.25','Mozilla/5.0 (Windows NT 10.0; Win64; x64) AppleWebKit/537.36 (KHTML, like Gecko) Chrome/144.0.0.0 Safari/537.36','/comercial/tipos-gasto/nuevo/','POST',NULL,'2026-02-23 16:06:51.333361',4),(101,'Kiara','CREATE','INFO','','','','POST /comercial/cuentas/nueva/','104.166.164.25','Mozilla/5.0 (Windows NT 10.0; Win64; x64) AppleWebKit/537.36 (KHTML, like Gecko) Chrome/144.0.0.0 Safari/537.36','/comercial/cuentas/nueva/','POST',NULL,'2026-02-23 16:07:28.114821',4),(102,'Kiara','CREATE','INFO','','','','POST /comercial/compras/nueva/','104.166.164.25','Mozilla/5.0 (Windows NT 10.0; Win64; x64) AppleWebKit/537.36 (KHTML, like Gecko) Chrome/144.0.0.0 Safari/537.36','/comercial/compras/nueva/','POST',NULL,'2026-02-23 16:09:56.433316',4),(103,'Kiara','CREATE','INFO','','','','POST /comercial/compras/nueva/','104.166.164.25','Mozilla/5.0 (Windows NT 10.0; Win64; x64) AppleWebKit/537.36 (KHTML, like Gecko) Chrome/144.0.0.0 Safari/537.36','/comercial/compras/nueva/','POST',NULL,'2026-02-23 16:13:49.709828',4),(104,'Kiara','CREATE','INFO','','','','POST /comercial/cuentas/nueva/','104.166.164.25','Mozilla/5.0 (Windows NT 10.0; Win64; x64) AppleWebKit/537.36 (KHTML, like Gecko) Chrome/144.0.0.0 Safari/537.36','/comercial/cuentas/nueva/','POST',NULL,'2026-02-23 16:15:44.199401',4),(105,'Kiara','CREATE','INFO','','','','POST /comercial/compras/nueva/','104.166.164.25','Mozilla/5.0 (Windows NT 10.0; Win64; x64) AppleWebKit/537.36 (KHTML, like Gecko) Chrome/144.0.0.0 Safari/537.36','/comercial/compras/nueva/','POST',NULL,'2026-02-23 16:16:58.892087',4),(106,'Kiara','CREATE','INFO','','','','POST /comercial/compras/nueva/','104.166.164.25','Mozilla/5.0 (Windows NT 10.0; Win64; x64) AppleWebKit/537.36 (KHTML, like Gecko) Chrome/144.0.0.0 Safari/537.36','/comercial/compras/nueva/','POST',NULL,'2026-02-23 16:18:14.255717',4),(107,'Kiara','CREATE','INFO','','','','POST /comercial/cuentas/nueva/','104.166.164.25','Mozilla/5.0 (Windows NT 10.0; Win64; x64) AppleWebKit/537.36 (KHTML, like Gecko) Chrome/144.0.0.0 Safari/537.36','/comercial/cuentas/nueva/','POST',NULL,'2026-02-23 16:19:27.984755',4),(108,'Kiara','CREATE','INFO','','','','POST /comercial/compras/nueva/','104.166.164.25','Mozilla/5.0 (Windows NT 10.0; Win64; x64) AppleWebKit/537.36 (KHTML, like Gecko) Chrome/144.0.0.0 Safari/537.36','/comercial/compras/nueva/','POST',NULL,'2026-02-23 16:20:30.800168',4),(109,'Kiara','CREATE','INFO','','','','POST /comercial/ventas/20/pago/','128.1.179.150','Mozilla/5.0 (Windows NT 10.0; Win64; x64) AppleWebKit/537.36 (KHTML, like Gecko) Chrome/144.0.0.0 Safari/537.36','/comercial/ventas/20/pago/','POST',NULL,'2026-02-23 16:32:49.680612',4),(110,'Kiara','CREATE','INFO','','','','POST /comercial/ventas/20/editar/','128.1.179.150','Mozilla/5.0 (Windows NT 10.0; Win64; x64) AppleWebKit/537.36 (KHTML, like Gecko) Chrome/144.0.0.0 Safari/537.36','/comercial/ventas/20/editar/','POST',NULL,'2026-02-23 16:34:00.314512',4),(111,'Kiara','CREATE','INFO','','','','POST /comercial/ventas/16/pago/','128.1.179.150','Mozilla/5.0 (Windows NT 10.0; Win64; x64) AppleWebKit/537.36 (KHTML, like Gecko) Chrome/144.0.0.0 Safari/537.36','/comercial/ventas/16/pago/','POST',NULL,'2026-02-23 16:36:06.294997',4),(112,'Kiara','CREATE','INFO','','','','POST /comercial/ventas/16/editar/','128.1.179.150','Mozilla/5.0 (Windows NT 10.0; Win64; x64) AppleWebKit/537.36 (KHTML, like Gecko) Chrome/144.0.0.0 Safari/537.36','/comercial/ventas/16/editar/','POST',NULL,'2026-02-23 16:36:49.834814',4),(113,'Kiara','CREATE','INFO','','','','POST /comercial/ventas/30/editar/','128.1.179.150','Mozilla/5.0 (Windows NT 10.0; Win64; x64) AppleWebKit/537.36 (KHTML, like Gecko) Chrome/144.0.0.0 Safari/537.36','/comercial/ventas/30/editar/','POST',NULL,'2026-02-23 16:37:56.849773',4),(114,'Kiara','CREATE','INFO','','','','POST /comercial/ventas/30/pago/','128.1.179.150','Mozilla/5.0 (Windows NT 10.0; Win64; x64) AppleWebKit/537.36 (KHTML, like Gecko) Chrome/144.0.0.0 Safari/537.36','/comercial/ventas/30/pago/','POST',NULL,'2026-02-23 16:39:13.668942',4),(115,'Kiara','CREATE','INFO','','','','POST /comercial/clientes/nuevo/','128.1.179.150','Mozilla/5.0 (Windows NT 10.0; Win64; x64) AppleWebKit/537.36 (KHTML, like Gecko) Chrome/144.0.0.0 Safari/537.36','/comercial/clientes/nuevo/','POST',NULL,'2026-02-23 16:45:04.017622',4),(116,'Kiara','CREATE','INFO','','','','POST /comercial/ventas/nueva/','128.1.179.150','Mozilla/5.0 (Windows NT 10.0; Win64; x64) AppleWebKit/537.36 (KHTML, like Gecko) Chrome/144.0.0.0 Safari/537.36','/comercial/ventas/nueva/','POST',NULL,'2026-02-23 16:50:50.619522',4),(117,'Kiara','CREATE','INFO','','','','POST /comercial/ventas/57/pago/','128.1.179.150','Mozilla/5.0 (Windows NT 10.0; Win64; x64) AppleWebKit/537.36 (KHTML, like Gecko) Chrome/144.0.0.0 Safari/537.36','/comercial/ventas/57/pago/','POST',NULL,'2026-02-23 16:51:45.989174',4),(118,'Kiara','CREATE','INFO','','','','POST /comercial/ventas/29/editar/','128.1.179.150','Mozilla/5.0 (Windows NT 10.0; Win64; x64) AppleWebKit/537.36 (KHTML, like Gecko) Chrome/144.0.0.0 Safari/537.36','/comercial/ventas/29/editar/','POST',NULL,'2026-02-23 16:54:21.675079',4),(119,'Kiara','CREATE','INFO','','','','POST /comercial/ventas/29/pago/','128.1.179.150','Mozilla/5.0 (Windows NT 10.0; Win64; x64) AppleWebKit/537.36 (KHTML, like Gecko) Chrome/144.0.0.0 Safari/537.36','/comercial/ventas/29/pago/','POST',NULL,'2026-02-23 16:55:09.807225',4),(120,'Kiara','CREATE','INFO','','','','POST /comercial/ventas/14/editar/','128.1.179.150','Mozilla/5.0 (Windows NT 10.0; Win64; x64) AppleWebKit/537.36 (KHTML, like Gecko) Chrome/144.0.0.0 Safari/537.36','/comercial/ventas/14/editar/','POST',NULL,'2026-02-23 16:56:28.280557',4),(121,'Kiara','CREATE','INFO','','','','POST /comercial/ventas/14/pago/','128.1.179.150','Mozilla/5.0 (Windows NT 10.0; Win64; x64) AppleWebKit/537.36 (KHTML, like Gecko) Chrome/144.0.0.0 Safari/537.36','/comercial/ventas/14/pago/','POST',NULL,'2026-02-23 16:58:57.393799',4),(122,'Kiara','CREATE','INFO','','','','POST /comercial/clientes/nuevo/','128.1.179.150','Mozilla/5.0 (Windows NT 10.0; Win64; x64) AppleWebKit/537.36 (KHTML, like Gecko) Chrome/144.0.0.0 Safari/537.36','/comercial/clientes/nuevo/','POST',NULL,'2026-02-23 17:05:51.013300',4),(123,'Kiara','CREATE','INFO','','','','POST /comercial/ventas/nueva/','128.1.179.150','Mozilla/5.0 (Windows NT 10.0; Win64; x64) AppleWebKit/537.36 (KHTML, like Gecko) Chrome/144.0.0.0 Safari/537.36','/comercial/ventas/nueva/','POST',NULL,'2026-02-23 17:08:04.934266',4),(124,'Kiara','CREATE','INFO','','','','POST /comercial/ventas/58/pago/','128.1.179.150','Mozilla/5.0 (Windows NT 10.0; Win64; x64) AppleWebKit/537.36 (KHTML, like Gecko) Chrome/144.0.0.0 Safari/537.36','/comercial/ventas/58/pago/','POST',NULL,'2026-02-23 17:09:00.350758',4),(125,'Kiara','CREATE','INFO','','','','POST /comercial/ventas/32/editar/','128.1.179.150','Mozilla/5.0 (Windows NT 10.0; Win64; x64) AppleWebKit/537.36 (KHTML, like Gecko) Chrome/144.0.0.0 Safari/537.36','/comercial/ventas/32/editar/','POST',NULL,'2026-02-23 17:09:48.983991',4),(126,'Kiara','CREATE','INFO','','','','POST /comercial/ventas/32/editar/','128.1.179.150','Mozilla/5.0 (Windows NT 10.0; Win64; x64) AppleWebKit/537.36 (KHTML, like Gecko) Chrome/144.0.0.0 Safari/537.36','/comercial/ventas/32/editar/','POST',NULL,'2026-02-23 17:12:37.244623',4),(127,'Kiara','CREATE','INFO','','','','POST /comercial/ventas/32/editar/','128.1.179.150','Mozilla/5.0 (Windows NT 10.0; Win64; x64) AppleWebKit/537.36 (KHTML, like Gecko) Chrome/144.0.0.0 Safari/537.36','/comercial/ventas/32/editar/','POST',NULL,'2026-02-23 17:15:55.458376',4),(128,'Kiara','CREATE','INFO','','','','POST /comercial/compras/nueva/','128.1.179.150','Mozilla/5.0 (Windows NT 10.0; Win64; x64) AppleWebKit/537.36 (KHTML, like Gecko) Chrome/144.0.0.0 Safari/537.36','/comercial/compras/nueva/','POST',NULL,'2026-02-23 17:24:48.881022',4),(129,'admin','CREATE','INFO','','','','POST /login/','190.48.203.234','Mozilla/5.0 (Windows NT 10.0; Win64; x64) AppleWebKit/537.36 (KHTML, like Gecko) Chrome/145.0.0.0 Safari/537.36','/login/','POST',NULL,'2026-02-23 18:40:46.448623',2),(130,'admin','CREATE','INFO','','','','POST /login/','190.48.203.234','Mozilla/5.0 (Windows NT 10.0; Win64; x64) AppleWebKit/537.36 (KHTML, like Gecko) Chrome/145.0.0.0 Safari/537.36','/login/','POST',NULL,'2026-02-23 18:40:47.129153',2),(131,'admin','CREATE','INFO','','','','POST /login/','190.48.203.234','Mozilla/5.0 (Windows NT 10.0; Win64; x64) AppleWebKit/537.36 (KHTML, like Gecko) Chrome/145.0.0.0 Safari/537.36','/login/','POST',NULL,'2026-02-23 18:40:56.359650',2),(132,'Kiara','CREATE','INFO','','','','POST /login/','104.166.164.38','Mozilla/5.0 (Windows NT 10.0; Win64; x64) AppleWebKit/537.36 (KHTML, like Gecko) Chrome/144.0.0.0 Safari/537.36','/login/','POST',NULL,'2026-02-23 19:21:57.695234',4),(133,'Kiara','CREATE','INFO','','','','POST /comercial/clientes/nuevo/','104.166.164.38','Mozilla/5.0 (Windows NT 10.0; Win64; x64) AppleWebKit/537.36 (KHTML, like Gecko) Chrome/144.0.0.0 Safari/537.36','/comercial/clientes/nuevo/','POST',NULL,'2026-02-23 19:30:03.829653',4),(134,'admin','CREATE','INFO','','','','POST /comercial/reportes/','190.48.203.234','Mozilla/5.0 (Windows NT 10.0; Win64; x64) AppleWebKit/537.36 (KHTML, like Gecko) Chrome/145.0.0.0 Safari/537.36','/comercial/reportes/','POST',NULL,'2026-02-23 19:33:12.559917',2),(135,'Kiara','CREATE','INFO','','','','POST /comercial/ventas/nueva/','104.166.164.38','Mozilla/5.0 (Windows NT 10.0; Win64; x64) AppleWebKit/537.36 (KHTML, like Gecko) Chrome/144.0.0.0 Safari/537.36','/comercial/ventas/nueva/','POST',NULL,'2026-02-23 19:33:45.864795',4),(136,'admin','CREATE','INFO','','','','POST /comercial/reportes/','190.48.203.234','Mozilla/5.0 (Windows NT 10.0; Win64; x64) AppleWebKit/537.36 (KHTML, like Gecko) Chrome/145.0.0.0 Safari/537.36','/comercial/reportes/','POST',NULL,'2026-02-23 19:34:00.710698',2),(137,'Kiara','CREATE','INFO','','','','POST /comercial/clientes/nuevo/','104.166.164.38','Mozilla/5.0 (Windows NT 10.0; Win64; x64) AppleWebKit/537.36 (KHTML, like Gecko) Chrome/144.0.0.0 Safari/537.36','/comercial/clientes/nuevo/','POST',NULL,'2026-02-23 19:37:12.810024',4),(138,'Kiara','CREATE','INFO','','','','POST /comercial/ventas/nueva/','104.166.164.38','Mozilla/5.0 (Windows NT 10.0; Win64; x64) AppleWebKit/537.36 (KHTML, like Gecko) Chrome/144.0.0.0 Safari/537.36','/comercial/ventas/nueva/','POST',NULL,'2026-02-23 19:39:11.662426',4),(139,'Kiara','CREATE','INFO','','','','POST /comercial/clientes/nuevo/','104.166.164.38','Mozilla/5.0 (Windows NT 10.0; Win64; x64) AppleWebKit/537.36 (KHTML, like Gecko) Chrome/144.0.0.0 Safari/537.36','/comercial/clientes/nuevo/','POST',NULL,'2026-02-23 19:42:13.637773',4),(140,'admin','CREATE','INFO','','','','POST /comercial/reportes/','190.48.203.234','Mozilla/5.0 (Windows NT 10.0; Win64; x64) AppleWebKit/537.36 (KHTML, like Gecko) Chrome/145.0.0.0 Safari/537.36','/comercial/reportes/','POST',NULL,'2026-02-23 19:42:53.793966',2),(141,'admin','CREATE','INFO','','','','POST /comercial/reportes/','190.48.203.234','Mozilla/5.0 (Windows NT 10.0; Win64; x64) AppleWebKit/537.36 (KHTML, like Gecko) Chrome/145.0.0.0 Safari/537.36','/comercial/reportes/','POST',NULL,'2026-02-23 19:43:00.494942',2),(142,'Kiara','CREATE','INFO','','','','POST /comercial/ventas/nueva/','104.166.164.38','Mozilla/5.0 (Windows NT 10.0; Win64; x64) AppleWebKit/537.36 (KHTML, like Gecko) Chrome/144.0.0.0 Safari/537.36','/comercial/ventas/nueva/','POST',NULL,'2026-02-23 19:43:17.608527',4),(143,'Kiara','CREATE','INFO','','','','POST /comercial/clientes/nuevo/','104.166.164.38','Mozilla/5.0 (Windows NT 10.0; Win64; x64) AppleWebKit/537.36 (KHTML, like Gecko) Chrome/144.0.0.0 Safari/537.36','/comercial/clientes/nuevo/','POST',NULL,'2026-02-23 19:45:34.506969',4),(144,'Kiara','CREATE','INFO','','','','POST /comercial/ventas/nueva/','104.166.164.38','Mozilla/5.0 (Windows NT 10.0; Win64; x64) AppleWebKit/537.36 (KHTML, like Gecko) Chrome/144.0.0.0 Safari/537.36','/comercial/ventas/nueva/','POST',NULL,'2026-02-23 19:46:51.085891',4),(145,'Kiara','CREATE','INFO','','','','POST /comercial/clientes/nuevo/','104.166.164.38','Mozilla/5.0 (Windows NT 10.0; Win64; x64) AppleWebKit/537.36 (KHTML, like Gecko) Chrome/144.0.0.0 Safari/537.36','/comercial/clientes/nuevo/','POST',NULL,'2026-02-23 19:49:05.479245',4),(146,'Kiara','CREATE','INFO','','','','POST /comercial/ventas/nueva/','104.166.164.38','Mozilla/5.0 (Windows NT 10.0; Win64; x64) AppleWebKit/537.36 (KHTML, like Gecko) Chrome/144.0.0.0 Safari/537.36','/comercial/ventas/nueva/','POST',NULL,'2026-02-23 19:50:38.042518',4),(147,'Kiara','CREATE','INFO','','','','POST /comercial/clientes/nuevo/','104.166.164.38','Mozilla/5.0 (Windows NT 10.0; Win64; x64) AppleWebKit/537.36 (KHTML, like Gecko) Chrome/144.0.0.0 Safari/537.36','/comercial/clientes/nuevo/','POST',NULL,'2026-02-23 19:54:01.320395',4),(148,'Kiara','CREATE','INFO','','','','POST /comercial/ventas/nueva/','104.166.164.38','Mozilla/5.0 (Windows NT 10.0; Win64; x64) AppleWebKit/537.36 (KHTML, like Gecko) Chrome/144.0.0.0 Safari/537.36','/comercial/ventas/nueva/','POST',NULL,'2026-02-23 19:55:10.793160',4),(149,'Kiara','CREATE','INFO','','','','POST /comercial/clientes/nuevo/','104.166.164.38','Mozilla/5.0 (Windows NT 10.0; Win64; x64) AppleWebKit/537.36 (KHTML, like Gecko) Chrome/144.0.0.0 Safari/537.36','/comercial/clientes/nuevo/','POST',NULL,'2026-02-23 19:56:43.559995',4),(150,'Kiara','CREATE','INFO','','','','POST /comercial/ventas/nueva/','104.166.164.38','Mozilla/5.0 (Windows NT 10.0; Win64; x64) AppleWebKit/537.36 (KHTML, like Gecko) Chrome/144.0.0.0 Safari/537.36','/comercial/ventas/nueva/','POST',NULL,'2026-02-23 19:59:11.200574',4),(151,'Kiara','CREATE','INFO','','','','POST /comercial/clientes/nuevo/','104.166.164.38','Mozilla/5.0 (Windows NT 10.0; Win64; x64) AppleWebKit/537.36 (KHTML, like Gecko) Chrome/144.0.0.0 Safari/537.36','/comercial/clientes/nuevo/','POST',NULL,'2026-02-23 20:07:35.141770',4),(152,'Kiara','CREATE','INFO','','','','POST /comercial/ventas/nueva/','104.166.164.38','Mozilla/5.0 (Windows NT 10.0; Win64; x64) AppleWebKit/537.36 (KHTML, like Gecko) Chrome/144.0.0.0 Safari/537.36','/comercial/ventas/nueva/','POST',NULL,'2026-02-23 20:08:59.063461',4),(153,'admin','CREATE','INFO','','','','POST /login/','181.238.52.32','Mozilla/5.0 (Linux; Android 10; K) AppleWebKit/537.36 (KHTML, like Gecko) Chrome/145.0.0.0 Mobile Safari/537.36','/login/','POST',NULL,'2026-02-24 11:26:56.183745',2),(154,'admin','CREATE','INFO','','','','POST /login/','190.48.203.234','Mozilla/5.0 (Windows NT 10.0; Win64; x64) AppleWebKit/537.36 (KHTML, like Gecko) Chrome/145.0.0.0 Safari/537.36','/login/','POST',NULL,'2026-02-24 12:15:51.596828',2),(155,'admin','CREATE','INFO','','','','POST /comercial/clientes/nuevo/','190.48.203.234','Mozilla/5.0 (Windows NT 10.0; Win64; x64) AppleWebKit/537.36 (KHTML, like Gecko) Chrome/145.0.0.0 Safari/537.36','/comercial/clientes/nuevo/','POST',NULL,'2026-02-24 12:19:31.336730',2),(156,'admin','CREATE','INFO','','','','POST /comercial/ventas/nueva/','190.48.203.234','Mozilla/5.0 (Windows NT 10.0; Win64; x64) AppleWebKit/537.36 (KHTML, like Gecko) Chrome/145.0.0.0 Safari/537.36','/comercial/ventas/nueva/','POST',NULL,'2026-02-24 12:20:50.268160',2),(157,'admin','CREATE','INFO','','','','POST /comercial/clientes/nuevo/','190.48.203.234','Mozilla/5.0 (Windows NT 10.0; Win64; x64) AppleWebKit/537.36 (KHTML, like Gecko) Chrome/145.0.0.0 Safari/537.36','/comercial/clientes/nuevo/','POST',NULL,'2026-02-24 12:24:11.494319',2),(158,'admin','CREATE','INFO','','','','POST /comercial/ventas/nueva/','190.48.203.234','Mozilla/5.0 (Windows NT 10.0; Win64; x64) AppleWebKit/537.36 (KHTML, like Gecko) Chrome/145.0.0.0 Safari/537.36','/comercial/ventas/nueva/','POST',NULL,'2026-02-24 12:25:29.738574',2),(159,'admin','CREATE','INFO','','','','POST /comercial/clientes/nuevo/','190.48.203.234','Mozilla/5.0 (Windows NT 10.0; Win64; x64) AppleWebKit/537.36 (KHTML, like Gecko) Chrome/145.0.0.0 Safari/537.36','/comercial/clientes/nuevo/','POST',NULL,'2026-02-24 12:28:31.656644',2),(160,'admin','CREATE','INFO','','','','POST /comercial/ventas/nueva/','190.48.203.234','Mozilla/5.0 (Windows NT 10.0; Win64; x64) AppleWebKit/537.36 (KHTML, like Gecko) Chrome/145.0.0.0 Safari/537.36','/comercial/ventas/nueva/','POST',NULL,'2026-02-24 12:29:52.428909',2),(161,'admin','CREATE','INFO','','','','POST /comercial/clientes/nuevo/','190.48.203.234','Mozilla/5.0 (Windows NT 10.0; Win64; x64) AppleWebKit/537.36 (KHTML, like Gecko) Chrome/145.0.0.0 Safari/537.36','/comercial/clientes/nuevo/','POST',NULL,'2026-02-24 12:34:56.948297',2),(162,'admin','CREATE','INFO','','','','POST /comercial/ventas/nueva/','190.48.203.234','Mozilla/5.0 (Windows NT 10.0; Win64; x64) AppleWebKit/537.36 (KHTML, like Gecko) Chrome/145.0.0.0 Safari/537.36','/comercial/ventas/nueva/','POST',NULL,'2026-02-24 12:36:19.572703',2),(163,'admin','CREATE','INFO','','','','POST /comercial/clientes/nuevo/','190.48.203.234','Mozilla/5.0 (Windows NT 10.0; Win64; x64) AppleWebKit/537.36 (KHTML, like Gecko) Chrome/145.0.0.0 Safari/537.36','/comercial/clientes/nuevo/','POST',NULL,'2026-02-24 12:41:42.156154',2),(164,'admin','CREATE','INFO','','','','POST /comercial/ventas/nueva/','190.48.203.234','Mozilla/5.0 (Windows NT 10.0; Win64; x64) AppleWebKit/537.36 (KHTML, like Gecko) Chrome/145.0.0.0 Safari/537.36','/comercial/ventas/nueva/','POST',NULL,'2026-02-24 12:45:38.928644',2),(165,'admin','CREATE','INFO','','','','POST /comercial/clientes/nuevo/','190.48.203.234','Mozilla/5.0 (Windows NT 10.0; Win64; x64) AppleWebKit/537.36 (KHTML, like Gecko) Chrome/145.0.0.0 Safari/537.36','/comercial/clientes/nuevo/','POST',NULL,'2026-02-24 12:50:09.906430',2),(166,'admin','CREATE','INFO','','','','POST /comercial/ventas/nueva/','190.48.203.234','Mozilla/5.0 (Windows NT 10.0; Win64; x64) AppleWebKit/537.36 (KHTML, like Gecko) Chrome/145.0.0.0 Safari/537.36','/comercial/ventas/nueva/','POST',NULL,'2026-02-24 12:51:21.028460',2),(167,'admin','CREATE','INFO','','','','POST /comercial/ventas/72/editar/','190.48.203.234','Mozilla/5.0 (Windows NT 10.0; Win64; x64) AppleWebKit/537.36 (KHTML, like Gecko) Chrome/145.0.0.0 Safari/537.36','/comercial/ventas/72/editar/','POST',NULL,'2026-02-24 12:54:04.695541',2),(168,'admin','CREATE','INFO','','','','POST /comercial/clientes/nuevo/','190.48.203.234','Mozilla/5.0 (Windows NT 10.0; Win64; x64) AppleWebKit/537.36 (KHTML, like Gecko) Chrome/145.0.0.0 Safari/537.36','/comercial/clientes/nuevo/','POST',NULL,'2026-02-24 12:57:14.299462',2),(169,'admin','CREATE','INFO','','','','POST /comercial/ventas/nueva/','190.48.203.234','Mozilla/5.0 (Windows NT 10.0; Win64; x64) AppleWebKit/537.36 (KHTML, like Gecko) Chrome/145.0.0.0 Safari/537.36','/comercial/ventas/nueva/','POST',NULL,'2026-02-24 12:58:59.078062',2),(170,'admin','CREATE','INFO','','','','POST /comercial/clientes/nuevo/','190.48.203.234','Mozilla/5.0 (Windows NT 10.0; Win64; x64) AppleWebKit/537.36 (KHTML, like Gecko) Chrome/145.0.0.0 Safari/537.36','/comercial/clientes/nuevo/','POST',NULL,'2026-02-24 13:07:18.960256',2),(171,'admin','CREATE','INFO','','','','POST /comercial/ventas/nueva/','190.48.203.234','Mozilla/5.0 (Windows NT 10.0; Win64; x64) AppleWebKit/537.36 (KHTML, like Gecko) Chrome/145.0.0.0 Safari/537.36','/comercial/ventas/nueva/','POST',NULL,'2026-02-24 13:08:18.717712',2),(172,'admin','CREATE','INFO','','','','POST /comercial/clientes/nuevo/','190.48.203.234','Mozilla/5.0 (Windows NT 10.0; Win64; x64) AppleWebKit/537.36 (KHTML, like Gecko) Chrome/145.0.0.0 Safari/537.36','/comercial/clientes/nuevo/','POST',NULL,'2026-02-24 13:15:40.295640',2),(173,'admin','CREATE','INFO','','','','POST /comercial/ventas/nueva/','190.48.203.234','Mozilla/5.0 (Windows NT 10.0; Win64; x64) AppleWebKit/537.36 (KHTML, like Gecko) Chrome/145.0.0.0 Safari/537.36','/comercial/ventas/nueva/','POST',NULL,'2026-02-24 13:17:36.028552',2),(174,'admin','CREATE','INFO','','','','POST /comercial/clientes/nuevo/','190.48.203.234','Mozilla/5.0 (Windows NT 10.0; Win64; x64) AppleWebKit/537.36 (KHTML, like Gecko) Chrome/145.0.0.0 Safari/537.36','/comercial/clientes/nuevo/','POST',NULL,'2026-02-24 13:25:21.177469',2),(175,'admin','CREATE','INFO','','','','POST /comercial/ventas/nueva/','190.48.203.234','Mozilla/5.0 (Windows NT 10.0; Win64; x64) AppleWebKit/537.36 (KHTML, like Gecko) Chrome/145.0.0.0 Safari/537.36','/comercial/ventas/nueva/','POST',NULL,'2026-02-24 13:26:57.194475',2),(176,'admin','CREATE','INFO','','','','POST /login/','181.30.1.45','Mozilla/5.0 (Windows NT 10.0; Win64; x64) AppleWebKit/537.36 (KHTML, like Gecko) Chrome/145.0.0.0 Safari/537.36','/login/','POST',NULL,'2026-02-25 15:35:46.469673',2),(177,'admin','CREATE','INFO','','','','POST /comercial/reportes/','181.30.1.45','Mozilla/5.0 (Windows NT 10.0; Win64; x64) AppleWebKit/537.36 (KHTML, like Gecko) Chrome/145.0.0.0 Safari/537.36','/comercial/reportes/','POST',NULL,'2026-02-25 15:37:53.299532',2),(178,'admin','CREATE','INFO','','','','POST /comercial/reportes/','181.30.1.45','Mozilla/5.0 (Windows NT 10.0; Win64; x64) AppleWebKit/537.36 (KHTML, like Gecko) Chrome/145.0.0.0 Safari/537.36','/comercial/reportes/','POST',NULL,'2026-02-25 15:38:01.887050',2),(179,'admin','CREATE','INFO','','','','POST /login/','190.48.203.234','Mozilla/5.0 (Windows NT 10.0; Win64; x64) AppleWebKit/537.36 (KHTML, like Gecko) Chrome/145.0.0.0 Safari/537.36','/login/','POST',NULL,'2026-02-25 15:40:46.309096',2),(180,'admin','CREATE','INFO','','','','POST /login/','190.48.203.234','Mozilla/5.0 (Windows NT 10.0; Win64; x64) AppleWebKit/537.36 (KHTML, like Gecko) Chrome/145.0.0.0 Safari/537.36','/login/','POST',NULL,'2026-02-25 16:54:34.908767',2),(181,'admin','CREATE','INFO','','','','POST /login/','152.168.206.173','Mozilla/5.0 (Windows NT 10.0; Win64; x64) AppleWebKit/537.36 (KHTML, like Gecko) Chrome/145.0.0.0 Safari/537.36','/login/','POST',NULL,'2026-02-26 01:29:06.262746',2),(182,'admin','CREATE','INFO','','','','POST /comercial/cuentas/nueva/','152.168.206.173','Mozilla/5.0 (Windows NT 10.0; Win64; x64) AppleWebKit/537.36 (KHTML, like Gecko) Chrome/145.0.0.0 Safari/537.36','/comercial/cuentas/nueva/','POST',NULL,'2026-02-26 01:35:38.350020',2),(183,'admin','CREATE','INFO','','','','POST /comercial/tipos-gasto/nuevo/','152.168.206.173','Mozilla/5.0 (Windows NT 10.0; Win64; x64) AppleWebKit/537.36 (KHTML, like Gecko) Chrome/145.0.0.0 Safari/537.36','/comercial/tipos-gasto/nuevo/','POST',NULL,'2026-02-26 01:37:27.220612',2),(184,'admin','CREATE','INFO','','','','POST /comercial/tipos-gasto/42/editar/','152.168.206.173','Mozilla/5.0 (Windows NT 10.0; Win64; x64) AppleWebKit/537.36 (KHTML, like Gecko) Chrome/145.0.0.0 Safari/537.36','/comercial/tipos-gasto/42/editar/','POST',NULL,'2026-02-26 01:41:25.684125',2),(185,'admin','CREATE','INFO','','','','POST /comercial/compras/75/editar/','152.168.206.173','Mozilla/5.0 (Windows NT 10.0; Win64; x64) AppleWebKit/537.36 (KHTML, like Gecko) Chrome/145.0.0.0 Safari/537.36','/comercial/compras/75/editar/','POST',NULL,'2026-02-26 01:48:32.607234',2),(186,'admin','CREATE','INFO','','','','POST /comercial/reportes/','152.168.206.173','Mozilla/5.0 (Windows NT 10.0; Win64; x64) AppleWebKit/537.36 (KHTML, like Gecko) Chrome/145.0.0.0 Safari/537.36','/comercial/reportes/','POST',NULL,'2026-02-26 01:51:32.809794',2),(187,'admin','CREATE','INFO','','','','POST /comercial/reportes/','152.168.206.173','Mozilla/5.0 (Windows NT 10.0; Win64; x64) AppleWebKit/537.36 (KHTML, like Gecko) Chrome/145.0.0.0 Safari/537.36','/comercial/reportes/','POST',NULL,'2026-02-26 01:51:55.384890',2),(188,'admin','CREATE','INFO','','','','POST /login/','181.30.1.45','Mozilla/5.0 (Windows NT 10.0; Win64; x64) AppleWebKit/537.36 (KHTML, like Gecko) Chrome/145.0.0.0 Safari/537.36','/login/','POST',NULL,'2026-02-26 13:13:37.797645',2),(189,'admin','CREATE','INFO','','','','POST /comercial/reportes/','181.30.1.45','Mozilla/5.0 (Windows NT 10.0; Win64; x64) AppleWebKit/537.36 (KHTML, like Gecko) Chrome/145.0.0.0 Safari/537.36','/comercial/reportes/','POST',NULL,'2026-02-26 13:16:03.041356',2),(190,'admin','CREATE','INFO','','','','POST /comercial/reportes/','181.30.1.45','Mozilla/5.0 (Windows NT 10.0; Win64; x64) AppleWebKit/537.36 (KHTML, like Gecko) Chrome/145.0.0.0 Safari/537.36','/comercial/reportes/','POST',NULL,'2026-02-26 13:17:05.527616',2),(191,'admin','CREATE','INFO','','','','POST /comercial/ventas/76/editar/','181.30.1.45','Mozilla/5.0 (Windows NT 10.0; Win64; x64) AppleWebKit/537.36 (KHTML, like Gecko) Chrome/145.0.0.0 Safari/537.36','/comercial/ventas/76/editar/','POST',NULL,'2026-02-26 14:04:05.956496',2),(192,'admin','CREATE','INFO','','','','POST /comercial/ventas/73/editar/','181.30.1.45','Mozilla/5.0 (Windows NT 10.0; Win64; x64) AppleWebKit/537.36 (KHTML, like Gecko) Chrome/145.0.0.0 Safari/537.36','/comercial/ventas/73/editar/','POST',NULL,'2026-02-26 14:05:28.614321',2),(193,'admin','CREATE','INFO','','','','POST /comercial/ventas/54/editar/','181.30.1.45','Mozilla/5.0 (Windows NT 10.0; Win64; x64) AppleWebKit/537.36 (KHTML, like Gecko) Chrome/145.0.0.0 Safari/537.36','/comercial/ventas/54/editar/','POST',NULL,'2026-02-26 14:15:46.840266',2),(194,'admin','CREATE','INFO','','','','POST /comercial/reportes/','181.30.1.45','Mozilla/5.0 (Windows NT 10.0; Win64; x64) AppleWebKit/537.36 (KHTML, like Gecko) Chrome/145.0.0.0 Safari/537.36','/comercial/reportes/','POST',NULL,'2026-02-26 14:16:06.900365',2),(195,'admin','CREATE','INFO','','','','POST /comercial/reportes/','181.30.1.45','Mozilla/5.0 (Windows NT 10.0; Win64; x64) AppleWebKit/537.36 (KHTML, like Gecko) Chrome/145.0.0.0 Safari/537.36','/comercial/reportes/','POST',NULL,'2026-02-26 14:16:15.921840',2),(196,'admin','CREATE','INFO','','','','POST /comercial/ventas/76/editar/','181.30.1.45','Mozilla/5.0 (Windows NT 10.0; Win64; x64) AppleWebKit/537.36 (KHTML, like Gecko) Chrome/145.0.0.0 Safari/537.36','/comercial/ventas/76/editar/','POST',NULL,'2026-02-26 14:18:05.132200',2),(197,'admin','CREATE','INFO','','','','POST /comercial/reportes/','181.30.1.45','Mozilla/5.0 (Windows NT 10.0; Win64; x64) AppleWebKit/537.36 (KHTML, like Gecko) Chrome/145.0.0.0 Safari/537.36','/comercial/reportes/','POST',NULL,'2026-02-26 14:18:20.505755',2),(198,'admin','CREATE','INFO','','','','POST /login/','181.30.1.45','Mozilla/5.0 (Windows NT 10.0; Win64; x64) AppleWebKit/537.36 (KHTML, like Gecko) Chrome/145.0.0.0 Safari/537.36','/login/','POST',NULL,'2026-02-26 14:33:56.810187',2),(199,'admin','CREATE','INFO','','','','POST /comercial/reportes/','181.30.1.45','Mozilla/5.0 (Windows NT 10.0; Win64; x64) AppleWebKit/537.36 (KHTML, like Gecko) Chrome/145.0.0.0 Safari/537.36','/comercial/reportes/','POST',NULL,'2026-02-26 14:34:05.966544',2),(200,'admin','CREATE','INFO','','','','POST /login/','181.30.1.45','Mozilla/5.0 (Windows NT 10.0; Win64; x64) AppleWebKit/537.36 (KHTML, like Gecko) Chrome/145.0.0.0 Safari/537.36','/login/','POST',NULL,'2026-02-26 14:40:18.321654',2),(201,'admin','CREATE','INFO','','','','POST /comercial/reportes/','181.30.1.45','Mozilla/5.0 (Windows NT 10.0; Win64; x64) AppleWebKit/537.36 (KHTML, like Gecko) Chrome/145.0.0.0 Safari/537.36','/comercial/reportes/','POST',NULL,'2026-02-26 14:47:55.148039',2),(202,'admin','CREATE','INFO','','','','POST /comercial/reportes/','181.30.1.45','Mozilla/5.0 (Windows NT 10.0; Win64; x64) AppleWebKit/537.36 (KHTML, like Gecko) Chrome/145.0.0.0 Safari/537.36','/comercial/reportes/','POST',NULL,'2026-02-26 14:57:50.556179',2),(203,'admin','CREATE','INFO','','','','POST /comercial/reportes/','181.30.1.45','Mozilla/5.0 (Windows NT 10.0; Win64; x64) AppleWebKit/537.36 (KHTML, like Gecko) Chrome/145.0.0.0 Safari/537.36','/comercial/reportes/','POST',NULL,'2026-02-26 15:00:36.895527',2),(204,'admin','CREATE','INFO','','','','POST /comercial/reportes/','181.30.1.45','Mozilla/5.0 (Windows NT 10.0; Win64; x64) AppleWebKit/537.36 (KHTML, like Gecko) Chrome/145.0.0.0 Safari/537.36','/comercial/reportes/','POST',NULL,'2026-02-26 15:01:58.821598',2),(205,'admin','CREATE','INFO','','','','POST /comercial/reportes/','181.30.1.45','Mozilla/5.0 (Windows NT 10.0; Win64; x64) AppleWebKit/537.36 (KHTML, like Gecko) Chrome/145.0.0.0 Safari/537.36','/comercial/reportes/','POST',NULL,'2026-02-26 15:03:10.348629',2),(206,'admin','CREATE','INFO','','','','POST /comercial/reportes/','181.30.1.45','Mozilla/5.0 (Windows NT 10.0; Win64; x64) AppleWebKit/537.36 (KHTML, like Gecko) Chrome/145.0.0.0 Safari/537.36','/comercial/reportes/','POST',NULL,'2026-02-26 15:03:27.900693',2),(207,'admin','CREATE','INFO','','','','POST /comercial/reportes/','181.30.1.45','Mozilla/5.0 (Windows NT 10.0; Win64; x64) AppleWebKit/537.36 (KHTML, like Gecko) Chrome/145.0.0.0 Safari/537.36','/comercial/reportes/','POST',NULL,'2026-02-26 15:07:49.552792',2),(208,'admin','CREATE','INFO','','','','POST /login/','181.30.1.45','Mozilla/5.0 (Windows NT 10.0; Win64; x64) AppleWebKit/537.36 (KHTML, like Gecko) Chrome/145.0.0.0 Safari/537.36','/login/','POST',NULL,'2026-02-26 15:41:56.708337',2),(209,'admin','CREATE','INFO','','','','POST /comercial/reportes/','181.30.1.45','Mozilla/5.0 (Windows NT 10.0; Win64; x64) AppleWebKit/537.36 (KHTML, like Gecko) Chrome/145.0.0.0 Safari/537.36','/comercial/reportes/','POST',NULL,'2026-02-26 15:42:41.000904',2),(210,'admin','CREATE','INFO','','','','POST /comercial/reportes/','181.30.1.45','Mozilla/5.0 (Windows NT 10.0; Win64; x64) AppleWebKit/537.36 (KHTML, like Gecko) Chrome/145.0.0.0 Safari/537.36','/comercial/reportes/','POST',NULL,'2026-02-26 15:54:12.758079',2),(211,'admin','CREATE','INFO','','','','POST /comercial/ventas/76/editar/','181.30.1.45','Mozilla/5.0 (Windows NT 10.0; Win64; x64) AppleWebKit/537.36 (KHTML, like Gecko) Chrome/145.0.0.0 Safari/537.36','/comercial/ventas/76/editar/','POST',NULL,'2026-02-26 16:07:08.120752',2),(212,'admin','CREATE','INFO','','','','POST /comercial/reportes/','181.30.1.45','Mozilla/5.0 (Windows NT 10.0; Win64; x64) AppleWebKit/537.36 (KHTML, like Gecko) Chrome/145.0.0.0 Safari/537.36','/comercial/reportes/','POST',NULL,'2026-02-26 16:07:35.812442',2),(213,'admin','CREATE','INFO','','','','POST /comercial/ventas/55/editar/','181.30.1.45','Mozilla/5.0 (Windows NT 10.0; Win64; x64) AppleWebKit/537.36 (KHTML, like Gecko) Chrome/145.0.0.0 Safari/537.36','/comercial/ventas/55/editar/','POST',NULL,'2026-02-26 16:24:54.730342',2),(214,'admin','CREATE','INFO','','','','POST /comercial/ventas/55/editar/','181.30.1.45','Mozilla/5.0 (Windows NT 10.0; Win64; x64) AppleWebKit/537.36 (KHTML, like Gecko) Chrome/145.0.0.0 Safari/537.36','/comercial/ventas/55/editar/','POST',NULL,'2026-02-26 16:28:07.916661',2),(215,'admin','CREATE','INFO','','','','POST /comercial/ventas/76/editar/','181.30.1.45','Mozilla/5.0 (Windows NT 10.0; Win64; x64) AppleWebKit/537.36 (KHTML, like Gecko) Chrome/145.0.0.0 Safari/537.36','/comercial/ventas/76/editar/','POST',NULL,'2026-02-26 16:29:41.227764',2),(216,'admin','CREATE','INFO','','','','POST /comercial/reportes/','181.30.1.45','Mozilla/5.0 (Windows NT 10.0; Win64; x64) AppleWebKit/537.36 (KHTML, like Gecko) Chrome/145.0.0.0 Safari/537.36','/comercial/reportes/','POST',NULL,'2026-02-26 16:29:58.097730',2),(217,'admin','CREATE','INFO','','','','POST /login/','152.168.206.173','Mozilla/5.0 (Windows NT 10.0; Win64; x64) AppleWebKit/537.36 (KHTML, like Gecko) Chrome/145.0.0.0 Safari/537.36','/login/','POST',NULL,'2026-02-26 21:57:14.308770',2),(218,'admin','CREATE','INFO','','','','POST /login/','152.168.206.173','Mozilla/5.0 (Windows NT 10.0; Win64; x64) AppleWebKit/537.36 (KHTML, like Gecko) Chrome/145.0.0.0 Safari/537.36','/login/','POST',NULL,'2026-02-26 21:57:37.008246',2),(219,'admin','CREATE','INFO','','','','POST /comercial/reportes/','152.168.206.173','Mozilla/5.0 (Windows NT 10.0; Win64; x64) AppleWebKit/537.36 (KHTML, like Gecko) Chrome/145.0.0.0 Safari/537.36','/comercial/reportes/','POST',NULL,'2026-02-26 22:09:55.504361',2),(220,'admin','CREATE','INFO','','','','POST /comercial/reportes/','152.168.206.173','Mozilla/5.0 (Windows NT 10.0; Win64; x64) AppleWebKit/537.36 (KHTML, like Gecko) Chrome/145.0.0.0 Safari/537.36','/comercial/reportes/','POST',NULL,'2026-02-26 22:20:54.763359',2),(221,'admin','CREATE','INFO','','','','POST /comercial/reportes/','152.168.206.173','Mozilla/5.0 (Windows NT 10.0; Win64; x64) AppleWebKit/537.36 (KHTML, like Gecko) Chrome/145.0.0.0 Safari/537.36','/comercial/reportes/','POST',NULL,'2026-02-26 22:21:26.588457',2),(222,'admin','CREATE','INFO','','','','POST /comercial/reportes/','152.168.206.173','Mozilla/5.0 (Windows NT 10.0; Win64; x64) AppleWebKit/537.36 (KHTML, like Gecko) Chrome/145.0.0.0 Safari/537.36','/comercial/reportes/','POST',NULL,'2026-02-26 22:21:46.375927',2),(223,'admin','CREATE','INFO','','','','POST /comercial/reportes/','152.168.206.173','Mozilla/5.0 (Windows NT 10.0; Win64; x64) AppleWebKit/537.36 (KHTML, like Gecko) Chrome/145.0.0.0 Safari/537.36','/comercial/reportes/','POST',NULL,'2026-02-26 22:21:49.974435',2),(224,'admin','CREATE','INFO','','','','POST /comercial/ventas/45/eliminar/','152.168.206.173','Mozilla/5.0 (Windows NT 10.0; Win64; x64) AppleWebKit/537.36 (KHTML, like Gecko) Chrome/145.0.0.0 Safari/537.36','/comercial/ventas/45/eliminar/','POST',NULL,'2026-02-26 22:36:14.244026',2),(225,'admin','CREATE','INFO','','','','POST /comercial/ventas/nueva/','152.168.206.173','Mozilla/5.0 (Windows NT 10.0; Win64; x64) AppleWebKit/537.36 (KHTML, like Gecko) Chrome/145.0.0.0 Safari/537.36','/comercial/ventas/nueva/','POST',NULL,'2026-02-26 22:44:59.526749',2),(226,'admin','CREATE','INFO','','','','POST /comercial/ventas/nueva/','152.168.206.173','Mozilla/5.0 (Windows NT 10.0; Win64; x64) AppleWebKit/537.36 (KHTML, like Gecko) Chrome/145.0.0.0 Safari/537.36','/comercial/ventas/nueva/','POST',NULL,'2026-02-26 22:45:15.952859',2),(227,'admin','CREATE','INFO','','','','POST /comercial/ventas/nueva/','152.168.206.173','Mozilla/5.0 (Windows NT 10.0; Win64; x64) AppleWebKit/537.36 (KHTML, like Gecko) Chrome/145.0.0.0 Safari/537.36','/comercial/ventas/nueva/','POST',NULL,'2026-02-26 22:46:41.537862',2),(228,'admin','CREATE','INFO','','','','POST /comercial/ventas/nueva/','152.168.206.173','Mozilla/5.0 (Windows NT 10.0; Win64; x64) AppleWebKit/537.36 (KHTML, like Gecko) Chrome/145.0.0.0 Safari/537.36','/comercial/ventas/nueva/','POST',NULL,'2026-02-26 22:46:50.399614',2),(229,'admin','CREATE','INFO','','','','POST /comercial/ventas/nueva/','152.168.206.173','Mozilla/5.0 (Windows NT 10.0; Win64; x64) AppleWebKit/537.36 (KHTML, like Gecko) Chrome/145.0.0.0 Safari/537.36','/comercial/ventas/nueva/','POST',NULL,'2026-02-26 22:46:52.978292',2),(230,'admin','CREATE','INFO','','','','POST /comercial/reportes/','152.168.206.173','Mozilla/5.0 (Windows NT 10.0; Win64; x64) AppleWebKit/537.36 (KHTML, like Gecko) Chrome/145.0.0.0 Safari/537.36','/comercial/reportes/','POST',NULL,'2026-02-26 22:47:25.242929',2),(231,'admin','CREATE','INFO','','','','POST /comercial/ventas/76/pago/','152.168.206.173','Mozilla/5.0 (Windows NT 10.0; Win64; x64) AppleWebKit/537.36 (KHTML, like Gecko) Chrome/145.0.0.0 Safari/537.36','/comercial/ventas/76/pago/','POST',NULL,'2026-02-26 22:49:34.949387',2),(232,'admin','CREATE','INFO','','','','POST /comercial/ventas/nueva/','152.168.206.173','Mozilla/5.0 (Windows NT 10.0; Win64; x64) AppleWebKit/537.36 (KHTML, like Gecko) Chrome/145.0.0.0 Safari/537.36','/comercial/ventas/nueva/','POST',NULL,'2026-02-26 22:50:26.957595',2),(233,'admin','CREATE','INFO','','','','POST /comercial/ventas/77/eliminar/','152.168.206.173','Mozilla/5.0 (Windows NT 10.0; Win64; x64) AppleWebKit/537.36 (KHTML, like Gecko) Chrome/145.0.0.0 Safari/537.36','/comercial/ventas/77/eliminar/','POST',NULL,'2026-02-26 22:50:48.033919',2),(234,'admin','CREATE','INFO','','','','POST /comercial/ventas/76/editar/','152.168.206.173','Mozilla/5.0 (Windows NT 10.0; Win64; x64) AppleWebKit/537.36 (KHTML, like Gecko) Chrome/145.0.0.0 Safari/537.36','/comercial/ventas/76/editar/','POST',NULL,'2026-02-26 22:51:30.542321',2),(235,'admin','CREATE','INFO','','','','POST /comercial/reportes/','152.168.206.173','Mozilla/5.0 (Windows NT 10.0; Win64; x64) AppleWebKit/537.36 (KHTML, like Gecko) Chrome/145.0.0.0 Safari/537.36','/comercial/reportes/','POST',NULL,'2026-02-26 22:52:42.972423',2),(236,'admin','CREATE','INFO','','','','POST /comercial/reportes/','152.168.206.173','Mozilla/5.0 (Windows NT 10.0; Win64; x64) AppleWebKit/537.36 (KHTML, like Gecko) Chrome/145.0.0.0 Safari/537.36','/comercial/reportes/','POST',NULL,'2026-02-26 22:52:59.573742',2),(237,'admin','CREATE','INFO','','','','POST /comercial/reportes/','152.168.206.173','Mozilla/5.0 (Windows NT 10.0; Win64; x64) AppleWebKit/537.36 (KHTML, like Gecko) Chrome/145.0.0.0 Safari/537.36','/comercial/reportes/','POST',NULL,'2026-02-26 22:53:09.145530',2),(238,'admin','CREATE','INFO','','','','POST /comercial/reportes/','152.168.206.173','Mozilla/5.0 (Windows NT 10.0; Win64; x64) AppleWebKit/537.36 (KHTML, like Gecko) Chrome/145.0.0.0 Safari/537.36','/comercial/reportes/','POST',NULL,'2026-02-26 22:55:04.041730',2),(239,'admin','CREATE','INFO','','','','POST /comercial/api/pago/25/editar/','152.168.206.173','Mozilla/5.0 (Windows NT 10.0; Win64; x64) AppleWebKit/537.36 (KHTML, like Gecko) Chrome/145.0.0.0 Safari/537.36','/comercial/api/pago/25/editar/','POST',NULL,'2026-02-26 22:58:07.553233',2),(240,'admin','CREATE','INFO','','','','POST /comercial/reportes/','152.168.206.173','Mozilla/5.0 (Windows NT 10.0; Win64; x64) AppleWebKit/537.36 (KHTML, like Gecko) Chrome/145.0.0.0 Safari/537.36','/comercial/reportes/','POST',NULL,'2026-02-26 23:04:06.326718',2),(241,'admin','CREATE','INFO','','','','POST /comercial/reportes/','152.168.206.173','Mozilla/5.0 (Windows NT 10.0; Win64; x64) AppleWebKit/537.36 (KHTML, like Gecko) Chrome/145.0.0.0 Safari/537.36','/comercial/reportes/','POST',NULL,'2026-02-26 23:04:26.952297',2),(242,'admin','CREATE','INFO','','','','POST /comercial/reportes/','152.168.206.173','Mozilla/5.0 (Windows NT 10.0; Win64; x64) AppleWebKit/537.36 (KHTML, like Gecko) Chrome/145.0.0.0 Safari/537.36','/comercial/reportes/','POST',NULL,'2026-02-26 23:05:53.969788',2),(243,'admin','CREATE','INFO','','','','POST /comercial/reportes/','152.168.206.173','Mozilla/5.0 (Windows NT 10.0; Win64; x64) AppleWebKit/537.36 (KHTML, like Gecko) Chrome/145.0.0.0 Safari/537.36','/comercial/reportes/','POST',NULL,'2026-02-26 23:06:28.523423',2),(244,'admin','CREATE','INFO','','','','POST /login/','152.168.206.173','Mozilla/5.0 (Windows NT 10.0; Win64; x64) AppleWebKit/537.36 (KHTML, like Gecko) Chrome/145.0.0.0 Safari/537.36','/login/','POST',NULL,'2026-02-26 23:07:57.016121',2),(245,'admin','CREATE','INFO','','','','POST /comercial/reportes/','152.168.206.173','Mozilla/5.0 (Windows NT 10.0; Win64; x64) AppleWebKit/537.36 (KHTML, like Gecko) Chrome/145.0.0.0 Safari/537.36','/comercial/reportes/','POST',NULL,'2026-02-26 23:08:19.318684',2),(246,'admin','CREATE','INFO','','','','POST /comercial/reportes/','152.168.206.173','Mozilla/5.0 (Windows NT 10.0; Win64; x64) AppleWebKit/537.36 (KHTML, like Gecko) Chrome/145.0.0.0 Safari/537.36','/comercial/reportes/','POST',NULL,'2026-02-26 23:10:17.334954',2),(247,'admin','CREATE','INFO','','','','POST /comercial/reportes/','152.168.206.173','Mozilla/5.0 (Windows NT 10.0; Win64; x64) AppleWebKit/537.36 (KHTML, like Gecko) Chrome/145.0.0.0 Safari/537.36','/comercial/reportes/','POST',NULL,'2026-02-26 23:10:35.888323',2),(248,'admin','CREATE','INFO','','','','POST /comercial/reportes/','152.168.206.173','Mozilla/5.0 (Windows NT 10.0; Win64; x64) AppleWebKit/537.36 (KHTML, like Gecko) Chrome/145.0.0.0 Safari/537.36','/comercial/reportes/','POST',NULL,'2026-02-26 23:10:38.904420',2),(249,'admin','CREATE','INFO','','','','POST /comercial/reportes/','152.168.206.173','Mozilla/5.0 (Windows NT 10.0; Win64; x64) AppleWebKit/537.36 (KHTML, like Gecko) Chrome/145.0.0.0 Safari/537.36','/comercial/reportes/','POST',NULL,'2026-02-26 23:14:13.271062',2),(250,'admin','CREATE','INFO','','','','POST /comercial/reportes/','152.168.206.173','Mozilla/5.0 (Windows NT 10.0; Win64; x64) AppleWebKit/537.36 (KHTML, like Gecko) Chrome/145.0.0.0 Safari/537.36','/comercial/reportes/','POST',NULL,'2026-02-26 23:14:15.849835',2),(251,'admin','CREATE','INFO','','','','POST /comercial/reportes/','152.168.206.173','Mozilla/5.0 (Windows NT 10.0; Win64; x64) AppleWebKit/537.36 (KHTML, like Gecko) Chrome/145.0.0.0 Safari/537.36','/comercial/reportes/','POST',NULL,'2026-02-26 23:19:53.940857',2),(252,'admin','CREATE','INFO','','','','POST /comercial/reportes/','152.168.206.173','Mozilla/5.0 (Windows NT 10.0; Win64; x64) AppleWebKit/537.36 (KHTML, like Gecko) Chrome/145.0.0.0 Safari/537.36','/comercial/reportes/','POST',NULL,'2026-02-26 23:25:33.980386',2),(253,'admin','CREATE','INFO','','','','POST /comercial/reportes/','152.168.206.173','Mozilla/5.0 (Windows NT 10.0; Win64; x64) AppleWebKit/537.36 (KHTML, like Gecko) Chrome/145.0.0.0 Safari/537.36','/comercial/reportes/','POST',NULL,'2026-02-26 23:27:59.335933',2),(254,'admin','CREATE','INFO','','','','POST /comercial/api/venta/76/editar-fecha-sena/','152.168.206.173','Mozilla/5.0 (Windows NT 10.0; Win64; x64) AppleWebKit/537.36 (KHTML, like Gecko) Chrome/145.0.0.0 Safari/537.36','/comercial/api/venta/76/editar-fecha-sena/','POST',NULL,'2026-02-26 23:34:56.379136',2),(255,'admin','CREATE','INFO','','','','POST /comercial/api/pago/25/eliminar/','152.168.206.173','Mozilla/5.0 (Windows NT 10.0; Win64; x64) AppleWebKit/537.36 (KHTML, like Gecko) Chrome/145.0.0.0 Safari/537.36','/comercial/api/pago/25/eliminar/','POST',NULL,'2026-02-26 23:41:18.662840',2),(256,'admin','CREATE','INFO','','','','POST /comercial/reportes/','152.168.206.173','Mozilla/5.0 (Windows NT 10.0; Win64; x64) AppleWebKit/537.36 (KHTML, like Gecko) Chrome/145.0.0.0 Safari/537.36','/comercial/reportes/','POST',NULL,'2026-02-26 23:42:42.593777',2),(257,'admin','CREATE','INFO','','','','POST /comercial/reportes/','152.168.206.173','Mozilla/5.0 (Windows NT 10.0; Win64; x64) AppleWebKit/537.36 (KHTML, like Gecko) Chrome/145.0.0.0 Safari/537.36','/comercial/reportes/','POST',NULL,'2026-02-26 23:48:23.212415',2),(258,'admin','CREATE','INFO','','','','POST /comercial/reportes/','152.168.206.173','Mozilla/5.0 (Windows NT 10.0; Win64; x64) AppleWebKit/537.36 (KHTML, like Gecko) Chrome/145.0.0.0 Safari/537.36','/comercial/reportes/','POST',NULL,'2026-02-26 23:48:53.750168',2),(259,'admin','CREATE','INFO','','','','POST /security/backups/','152.168.206.173','Mozilla/5.0 (Windows NT 10.0; Win64; x64) AppleWebKit/537.36 (KHTML, like Gecko) Chrome/145.0.0.0 Safari/537.36','/security/backups/','POST',NULL,'2026-02-27 00:15:25.819171',2),(260,'admin','CREATE','INFO','','','','POST /security/backups/','152.168.206.173','Mozilla/5.0 (Windows NT 10.0; Win64; x64) AppleWebKit/537.36 (KHTML, like Gecko) Chrome/145.0.0.0 Safari/537.36','/security/backups/','POST',NULL,'2026-02-27 00:17:41.385598',2),(261,'admin','CREATE','INFO','','','','POST /security/backups/create/','152.168.206.173','Mozilla/5.0 (Windows NT 10.0; Win64; x64) AppleWebKit/537.36 (KHTML, like Gecko) Chrome/145.0.0.0 Safari/537.36','/security/backups/create/','POST',NULL,'2026-02-27 00:18:23.504714',2),(262,'admin','CREATE','INFO','','','','POST /security/backups/create/','152.168.206.173','Mozilla/5.0 (Windows NT 10.0; Win64; x64) AppleWebKit/537.36 (KHTML, like Gecko) Chrome/145.0.0.0 Safari/537.36','/security/backups/create/','POST',NULL,'2026-02-27 00:18:57.040693',2),(263,'admin','CREATE','INFO','','','','POST /security/backups/create/','152.168.206.173','Mozilla/5.0 (Windows NT 10.0; Win64; x64) AppleWebKit/537.36 (KHTML, like Gecko) Chrome/145.0.0.0 Safari/537.36','/security/backups/create/','POST',NULL,'2026-02-27 00:21:39.143147',2),(264,'admin','CREATE','INFO','','','','POST /security/backups/create/','152.168.206.173','Mozilla/5.0 (Windows NT 10.0; Win64; x64) AppleWebKit/537.36 (KHTML, like Gecko) Chrome/145.0.0.0 Safari/537.36','/security/backups/create/','POST',NULL,'2026-02-27 00:23:35.019750',2),(265,'Kiara','CREATE','INFO','','','','POST /login/','152.168.206.173','Mozilla/5.0 (Windows NT 10.0; Win64; x64) AppleWebKit/537.36 (KHTML, like Gecko) Chrome/145.0.0.0 Safari/537.36','/login/','POST',NULL,'2026-02-27 00:25:05.112534',4),(266,'Kiara','CREATE','INFO','','','','POST /login/','152.168.206.173','Mozilla/5.0 (Windows NT 10.0; Win64; x64) AppleWebKit/537.36 (KHTML, like Gecko) Chrome/145.0.0.0 Safari/537.36','/login/','POST',NULL,'2026-02-27 00:28:00.349985',4),(267,'admin','CREATE','INFO','','','','POST /admin-usuarios/usuarios/1/editar/','152.168.206.173','Mozilla/5.0 (Windows NT 10.0; Win64; x64) AppleWebKit/537.36 (KHTML, like Gecko) Chrome/145.0.0.0 Safari/537.36','/admin-usuarios/usuarios/1/editar/','POST',NULL,'2026-02-27 00:34:06.584033',2),(268,'romina','CREATE','INFO','','','','POST /login/','152.168.206.173','Mozilla/5.0 (Windows NT 10.0; Win64; x64) AppleWebKit/537.36 (KHTML, like Gecko) Chrome/145.0.0.0 Safari/537.36','/login/','POST',NULL,'2026-02-27 00:34:19.298223',1),(269,'romina','CREATE','INFO','','','','POST /login/','152.168.206.173','Mozilla/5.0 (Windows NT 10.0; Win64; x64) AppleWebKit/537.36 (KHTML, like Gecko) Chrome/145.0.0.0 Safari/537.36','/login/','POST',NULL,'2026-02-27 00:34:58.959077',1),(270,'romina','CREATE','INFO','','','','POST /login/','152.168.206.173','Mozilla/5.0 (Windows NT 10.0; Win64; x64) AppleWebKit/537.36 (KHTML, like Gecko) Chrome/145.0.0.0 Safari/537.36','/login/','POST',NULL,'2026-02-27 00:34:59.483760',1),(271,'romina','CREATE','INFO','','','','POST /login/','181.30.1.45','Mozilla/5.0 (Windows NT 10.0; Win64; x64) AppleWebKit/537.36 (KHTML, like Gecko) Chrome/145.0.0.0 Safari/537.36','/login/','POST',NULL,'2026-02-27 14:25:34.429498',1),(272,'admin','CREATE','INFO','','','','POST /login/','190.48.197.56','Mozilla/5.0 (Windows NT 10.0; Win64; x64) AppleWebKit/537.36 (KHTML, like Gecko) Chrome/145.0.0.0 Safari/537.36','/login/','POST',NULL,'2026-02-27 14:41:57.818892',2),(273,'romina','CREATE','INFO','','','','POST /login/','181.30.1.45','Mozilla/5.0 (Windows NT 10.0; Win64; x64) AppleWebKit/537.36 (KHTML, like Gecko) Chrome/145.0.0.0 Safari/537.36','/login/','POST',NULL,'2026-02-27 15:47:09.000036',1),(274,'romina','CREATE','INFO','','','','POST /comercial/tipos-gasto/29/editar/','181.30.1.45','Mozilla/5.0 (Windows NT 10.0; Win64; x64) AppleWebKit/537.36 (KHTML, like Gecko) Chrome/145.0.0.0 Safari/537.36','/comercial/tipos-gasto/29/editar/','POST',NULL,'2026-02-27 15:47:14.297001',1),(275,'romina','CREATE','INFO','','','','POST /comercial/tipos-gasto/46/editar/','181.30.1.45','Mozilla/5.0 (Windows NT 10.0; Win64; x64) AppleWebKit/537.36 (KHTML, like Gecko) Chrome/145.0.0.0 Safari/537.36','/comercial/tipos-gasto/46/editar/','POST',NULL,'2026-02-27 15:47:29.009608',1),(276,'romina','CREATE','INFO','','','','POST /comercial/tipos-gasto/31/editar/','181.30.1.45','Mozilla/5.0 (Windows NT 10.0; Win64; x64) AppleWebKit/537.36 (KHTML, like Gecko) Chrome/145.0.0.0 Safari/537.36','/comercial/tipos-gasto/31/editar/','POST',NULL,'2026-02-27 15:47:56.269857',1),(277,'romina','CREATE','INFO','','','','POST /comercial/tipos-gasto/9/editar/','181.30.1.45','Mozilla/5.0 (Windows NT 10.0; Win64; x64) AppleWebKit/537.36 (KHTML, like Gecko) Chrome/145.0.0.0 Safari/537.36','/comercial/tipos-gasto/9/editar/','POST',NULL,'2026-02-27 15:57:19.722591',1),(278,'romina','CREATE','INFO','','','','POST /comercial/tipos-gasto/47/editar/','181.30.1.45','Mozilla/5.0 (Windows NT 10.0; Win64; x64) AppleWebKit/537.36 (KHTML, like Gecko) Chrome/145.0.0.0 Safari/537.36','/comercial/tipos-gasto/47/editar/','POST',NULL,'2026-02-27 15:57:35.961739',1),(279,'romina','CREATE','INFO','','','','POST /comercial/tipos-gasto/43/editar/','181.30.1.45','Mozilla/5.0 (Windows NT 10.0; Win64; x64) AppleWebKit/537.36 (KHTML, like Gecko) Chrome/145.0.0.0 Safari/537.36','/comercial/tipos-gasto/43/editar/','POST',NULL,'2026-02-27 15:57:59.378330',1),(280,'romina','CREATE','INFO','','','','POST /comercial/tipos-gasto/44/editar/','181.30.1.45','Mozilla/5.0 (Windows NT 10.0; Win64; x64) AppleWebKit/537.36 (KHTML, like Gecko) Chrome/145.0.0.0 Safari/537.36','/comercial/tipos-gasto/44/editar/','POST',NULL,'2026-02-27 15:58:19.442827',1),(281,'romina','CREATE','INFO','','','','POST /comercial/tipos-gasto/22/editar/','181.30.1.45','Mozilla/5.0 (Windows NT 10.0; Win64; x64) AppleWebKit/537.36 (KHTML, like Gecko) Chrome/145.0.0.0 Safari/537.36','/comercial/tipos-gasto/22/editar/','POST',NULL,'2026-02-27 15:58:43.759493',1),(282,'romina','CREATE','INFO','','','','POST /comercial/tipos-gasto/23/editar/','181.30.1.45','Mozilla/5.0 (Windows NT 10.0; Win64; x64) AppleWebKit/537.36 (KHTML, like Gecko) Chrome/145.0.0.0 Safari/537.36','/comercial/tipos-gasto/23/editar/','POST',NULL,'2026-02-27 15:59:28.842980',1),(283,'romina','CREATE','INFO','','','','POST /comercial/reportes/','181.30.1.45','Mozilla/5.0 (Windows NT 10.0; Win64; x64) AppleWebKit/537.36 (KHTML, like Gecko) Chrome/145.0.0.0 Safari/537.36','/comercial/reportes/','POST',NULL,'2026-02-27 16:53:34.182617',1),(284,'romina','CREATE','INFO','','','','POST /comercial/reportes/','181.30.1.45','Mozilla/5.0 (Windows NT 10.0; Win64; x64) AppleWebKit/537.36 (KHTML, like Gecko) Chrome/145.0.0.0 Safari/537.36','/comercial/reportes/','POST',NULL,'2026-02-27 17:07:42.874837',1),(285,'romina','CREATE','INFO','','','','POST /comercial/reportes/','181.30.1.45','Mozilla/5.0 (Windows NT 10.0; Win64; x64) AppleWebKit/537.36 (KHTML, like Gecko) Chrome/145.0.0.0 Safari/537.36','/comercial/reportes/','POST',NULL,'2026-02-27 17:11:14.013274',1),(286,'romina','CREATE','INFO','','','','POST /comercial/reportes/','181.30.1.45','Mozilla/5.0 (Windows NT 10.0; Win64; x64) AppleWebKit/537.36 (KHTML, like Gecko) Chrome/145.0.0.0 Safari/537.36','/comercial/reportes/','POST',NULL,'2026-02-27 17:22:52.722159',1),(287,'romina','CREATE','INFO','','','','POST /comercial/api/venta/53/editar-fecha-sena/','181.30.1.45','Mozilla/5.0 (Windows NT 10.0; Win64; x64) AppleWebKit/537.36 (KHTML, like Gecko) Chrome/145.0.0.0 Safari/537.36','/comercial/api/venta/53/editar-fecha-sena/','POST',NULL,'2026-02-27 17:23:27.095315',1),(288,'romina','CREATE','INFO','','','','POST /comercial/api/venta/14/editar-fecha-sena/','181.30.1.45','Mozilla/5.0 (Windows NT 10.0; Win64; x64) AppleWebKit/537.36 (KHTML, like Gecko) Chrome/145.0.0.0 Safari/537.36','/comercial/api/venta/14/editar-fecha-sena/','POST',NULL,'2026-02-27 17:25:30.951370',1),(289,'romina','CREATE','INFO','','','','POST /comercial/api/venta/30/editar-fecha-sena/','181.30.1.45','Mozilla/5.0 (Windows NT 10.0; Win64; x64) AppleWebKit/537.36 (KHTML, like Gecko) Chrome/145.0.0.0 Safari/537.36','/comercial/api/venta/30/editar-fecha-sena/','POST',NULL,'2026-02-27 17:26:14.103522',1),(290,'romina','CREATE','INFO','','','','POST /comercial/ventas/55/editar/','181.30.1.45','Mozilla/5.0 (Windows NT 10.0; Win64; x64) AppleWebKit/537.36 (KHTML, like Gecko) Chrome/145.0.0.0 Safari/537.36','/comercial/ventas/55/editar/','POST',NULL,'2026-02-27 17:38:40.231883',1),(291,'romina','CREATE','INFO','','','','POST /comercial/ventas/55/pago/','181.30.1.45','Mozilla/5.0 (Windows NT 10.0; Win64; x64) AppleWebKit/537.36 (KHTML, like Gecko) Chrome/145.0.0.0 Safari/537.36','/comercial/ventas/55/pago/','POST',NULL,'2026-02-27 17:39:50.496948',1),(292,'romina','CREATE','INFO','','','','POST /comercial/clientes/nuevo/','181.30.1.45','Mozilla/5.0 (Windows NT 10.0; Win64; x64) AppleWebKit/537.36 (KHTML, like Gecko) Chrome/145.0.0.0 Safari/537.36','/comercial/clientes/nuevo/','POST',NULL,'2026-02-27 17:57:39.776881',1),(293,'romina','CREATE','INFO','','','','POST /comercial/ventas/nueva/','181.30.1.45','Mozilla/5.0 (Windows NT 10.0; Win64; x64) AppleWebKit/537.36 (KHTML, like Gecko) Chrome/145.0.0.0 Safari/537.36','/comercial/ventas/nueva/','POST',NULL,'2026-02-27 18:02:43.872353',1),(294,'romina','CREATE','INFO','','','','POST /comercial/ventas/78/pago/','181.30.1.45','Mozilla/5.0 (Windows NT 10.0; Win64; x64) AppleWebKit/537.36 (KHTML, like Gecko) Chrome/145.0.0.0 Safari/537.36','/comercial/ventas/78/pago/','POST',NULL,'2026-02-27 18:03:09.575713',1),(295,'romina','CREATE','INFO','','','','POST /comercial/clientes/nuevo/','181.30.1.45','Mozilla/5.0 (Windows NT 10.0; Win64; x64) AppleWebKit/537.36 (KHTML, like Gecko) Chrome/145.0.0.0 Safari/537.36','/comercial/clientes/nuevo/','POST',NULL,'2026-02-27 18:13:45.098414',1),(296,'romina','CREATE','INFO','','','','POST /comercial/ventas/nueva/','181.30.1.45','Mozilla/5.0 (Windows NT 10.0; Win64; x64) AppleWebKit/537.36 (KHTML, like Gecko) Chrome/145.0.0.0 Safari/537.36','/comercial/ventas/nueva/','POST',NULL,'2026-02-27 18:16:44.681305',1),(297,'romina','CREATE','INFO','','','','POST /comercial/ventas/79/editar/','181.30.1.45','Mozilla/5.0 (Windows NT 10.0; Win64; x64) AppleWebKit/537.36 (KHTML, like Gecko) Chrome/145.0.0.0 Safari/537.36','/comercial/ventas/79/editar/','POST',NULL,'2026-02-27 18:18:11.002701',1),(298,'romina','CREATE','INFO','','','','POST /comercial/ventas/79/pago/','181.30.1.45','Mozilla/5.0 (Windows NT 10.0; Win64; x64) AppleWebKit/537.36 (KHTML, like Gecko) Chrome/145.0.0.0 Safari/537.36','/comercial/ventas/79/pago/','POST',NULL,'2026-02-27 18:19:24.108352',1),(299,'romina','CREATE','INFO','','','','POST /comercial/clientes/nuevo/','181.30.1.45','Mozilla/5.0 (Windows NT 10.0; Win64; x64) AppleWebKit/537.36 (KHTML, like Gecko) Chrome/145.0.0.0 Safari/537.36','/comercial/clientes/nuevo/','POST',NULL,'2026-02-27 18:26:46.104364',1),(300,'romina','CREATE','INFO','','','','POST /comercial/ventas/nueva/','181.30.1.45','Mozilla/5.0 (Windows NT 10.0; Win64; x64) AppleWebKit/537.36 (KHTML, like Gecko) Chrome/145.0.0.0 Safari/537.36','/comercial/ventas/nueva/','POST',NULL,'2026-02-27 18:32:46.485287',1),(301,'romina','CREATE','INFO','','','','POST /comercial/reportes/','181.30.1.45','Mozilla/5.0 (Windows NT 10.0; Win64; x64) AppleWebKit/537.36 (KHTML, like Gecko) Chrome/145.0.0.0 Safari/537.36','/comercial/reportes/','POST',NULL,'2026-02-27 18:34:15.753155',1),(302,'romina','CREATE','INFO','','','','POST /comercial/clientes/28/editar/','181.30.1.45','Mozilla/5.0 (Windows NT 10.0; Win64; x64) AppleWebKit/537.36 (KHTML, like Gecko) Chrome/145.0.0.0 Safari/537.36','/comercial/clientes/28/editar/','POST',NULL,'2026-02-27 18:34:58.925320',1),(303,'romina','CREATE','INFO','','','','POST /comercial/reportes/','181.30.1.45','Mozilla/5.0 (Windows NT 10.0; Win64; x64) AppleWebKit/537.36 (KHTML, like Gecko) Chrome/145.0.0.0 Safari/537.36','/comercial/reportes/','POST',NULL,'2026-02-27 18:35:12.237404',1),(304,'romina','CREATE','INFO','','','','POST /comercial/api/pago/20/editar/','181.30.1.45','Mozilla/5.0 (Windows NT 10.0; Win64; x64) AppleWebKit/537.36 (KHTML, like Gecko) Chrome/145.0.0.0 Safari/537.36','/comercial/api/pago/20/editar/','POST',NULL,'2026-02-27 18:35:56.660999',1),(305,'romina','CREATE','INFO','','','','POST /comercial/api/pago/16/editar/','181.30.1.45','Mozilla/5.0 (Windows NT 10.0; Win64; x64) AppleWebKit/537.36 (KHTML, like Gecko) Chrome/145.0.0.0 Safari/537.36','/comercial/api/pago/16/editar/','POST',NULL,'2026-02-27 18:41:51.423334',1),(306,'romina','CREATE','INFO','','','','POST /comercial/ventas/54/editar/','181.30.1.45','Mozilla/5.0 (Windows NT 10.0; Win64; x64) AppleWebKit/537.36 (KHTML, like Gecko) Chrome/145.0.0.0 Safari/537.36','/comercial/ventas/54/editar/','POST',NULL,'2026-02-27 18:44:13.162320',1),(307,'romina','CREATE','INFO','','','','POST /comercial/clientes/67/editar/','181.30.1.45','Mozilla/5.0 (Windows NT 10.0; Win64; x64) AppleWebKit/537.36 (KHTML, like Gecko) Chrome/145.0.0.0 Safari/537.36','/comercial/clientes/67/editar/','POST',NULL,'2026-02-27 18:46:50.347619',1),(308,'romina','CREATE','INFO','','','','POST /comercial/reportes/','181.30.1.45','Mozilla/5.0 (Windows NT 10.0; Win64; x64) AppleWebKit/537.36 (KHTML, like Gecko) Chrome/145.0.0.0 Safari/537.36','/comercial/reportes/','POST',NULL,'2026-02-27 18:47:02.537412',1),(309,'romina','CREATE','INFO','','','','POST /comercial/api/venta/74/editar-fecha-sena/','181.30.1.45','Mozilla/5.0 (Windows NT 10.0; Win64; x64) AppleWebKit/537.36 (KHTML, like Gecko) Chrome/145.0.0.0 Safari/537.36','/comercial/api/venta/74/editar-fecha-sena/','POST',NULL,'2026-02-27 18:47:28.417388',1),(310,'romina','CREATE','INFO','','','','POST /comercial/api/venta/74/editar-fecha-sena/','181.30.1.45','Mozilla/5.0 (Windows NT 10.0; Win64; x64) AppleWebKit/537.36 (KHTML, like Gecko) Chrome/145.0.0.0 Safari/537.36','/comercial/api/venta/74/editar-fecha-sena/','POST',NULL,'2026-02-27 18:47:38.277519',1),(311,'romina','CREATE','INFO','','','','POST /comercial/reportes/','181.30.1.45','Mozilla/5.0 (Windows NT 10.0; Win64; x64) AppleWebKit/537.36 (KHTML, like Gecko) Chrome/145.0.0.0 Safari/537.36','/comercial/reportes/','POST',NULL,'2026-02-27 18:48:24.605261',1),(312,'romina','CREATE','INFO','','','','POST /comercial/reportes/','181.30.1.45','Mozilla/5.0 (Windows NT 10.0; Win64; x64) AppleWebKit/537.36 (KHTML, like Gecko) Chrome/145.0.0.0 Safari/537.36','/comercial/reportes/','POST',NULL,'2026-02-27 18:48:29.272703',1),(313,'romina','CREATE','INFO','','','','POST /comercial/reportes/','181.30.1.45','Mozilla/5.0 (Windows NT 10.0; Win64; x64) AppleWebKit/537.36 (KHTML, like Gecko) Chrome/145.0.0.0 Safari/537.36','/comercial/reportes/','POST',NULL,'2026-02-27 18:52:19.480109',1),(314,'romina','CREATE','INFO','','','','POST /comercial/api/venta/78/editar-fecha-sena/','181.30.1.45','Mozilla/5.0 (Windows NT 10.0; Win64; x64) AppleWebKit/537.36 (KHTML, like Gecko) Chrome/145.0.0.0 Safari/537.36','/comercial/api/venta/78/editar-fecha-sena/','POST',NULL,'2026-02-27 19:04:38.891931',1),(315,'romina','CREATE','INFO','','','','POST /comercial/api/pago/27/editar/','181.30.1.45','Mozilla/5.0 (Windows NT 10.0; Win64; x64) AppleWebKit/537.36 (KHTML, like Gecko) Chrome/145.0.0.0 Safari/537.36','/comercial/api/pago/27/editar/','POST',NULL,'2026-02-27 19:05:32.358053',1),(316,'romina','CREATE','INFO','','','','POST /comercial/api/pago/27/editar/','181.30.1.45','Mozilla/5.0 (Windows NT 10.0; Win64; x64) AppleWebKit/537.36 (KHTML, like Gecko) Chrome/145.0.0.0 Safari/537.36','/comercial/api/pago/27/editar/','POST',NULL,'2026-02-27 19:05:53.017617',1),(317,'romina','CREATE','INFO','','','','POST /comercial/ventas/78/editar/','181.30.1.45','Mozilla/5.0 (Windows NT 10.0; Win64; x64) AppleWebKit/537.36 (KHTML, like Gecko) Chrome/145.0.0.0 Safari/537.36','/comercial/ventas/78/editar/','POST',NULL,'2026-02-27 19:06:16.953986',1),(318,'romina','CREATE','INFO','','','','POST /comercial/api/pago/27/eliminar/','181.30.1.45','Mozilla/5.0 (Windows NT 10.0; Win64; x64) AppleWebKit/537.36 (KHTML, like Gecko) Chrome/145.0.0.0 Safari/537.36','/comercial/api/pago/27/eliminar/','POST',NULL,'2026-02-27 19:07:42.959143',1),(319,'romina','CREATE','INFO','','','','POST /comercial/ventas/78/pago/','181.30.1.45','Mozilla/5.0 (Windows NT 10.0; Win64; x64) AppleWebKit/537.36 (KHTML, like Gecko) Chrome/145.0.0.0 Safari/537.36','/comercial/ventas/78/pago/','POST',NULL,'2026-02-27 19:08:21.570202',1),(320,'romina','CREATE','INFO','','','','POST /comercial/reportes/','181.30.1.45','Mozilla/5.0 (Windows NT 10.0; Win64; x64) AppleWebKit/537.36 (KHTML, like Gecko) Chrome/145.0.0.0 Safari/537.36','/comercial/reportes/','POST',NULL,'2026-02-27 19:08:56.765199',1),(321,'romina','CREATE','INFO','','','','POST /comercial/reportes/','181.30.1.45','Mozilla/5.0 (Windows NT 10.0; Win64; x64) AppleWebKit/537.36 (KHTML, like Gecko) Chrome/145.0.0.0 Safari/537.36','/comercial/reportes/','POST',NULL,'2026-02-27 19:11:48.020209',1),(322,'romina','CREATE','INFO','','','','POST /comercial/api/venta/79/editar-fecha-sena/','181.30.1.45','Mozilla/5.0 (Windows NT 10.0; Win64; x64) AppleWebKit/537.36 (KHTML, like Gecko) Chrome/145.0.0.0 Safari/537.36','/comercial/api/venta/79/editar-fecha-sena/','POST',NULL,'2026-02-27 19:12:13.771538',1),(323,'romina','CREATE','INFO','','','','POST /comercial/api/venta/73/editar-fecha-sena/','181.30.1.45','Mozilla/5.0 (Windows NT 10.0; Win64; x64) AppleWebKit/537.36 (KHTML, like Gecko) Chrome/145.0.0.0 Safari/537.36','/comercial/api/venta/73/editar-fecha-sena/','POST',NULL,'2026-02-27 19:13:53.634843',1),(324,'romina','CREATE','INFO','','','','POST /comercial/api/pago/23/editar/','181.30.1.45','Mozilla/5.0 (Windows NT 10.0; Win64; x64) AppleWebKit/537.36 (KHTML, like Gecko) Chrome/145.0.0.0 Safari/537.36','/comercial/api/pago/23/editar/','POST',NULL,'2026-02-27 19:16:56.127022',1),(325,'romina','CREATE','INFO','','','','POST /comercial/ventas/14/editar/','181.30.1.45','Mozilla/5.0 (Windows NT 10.0; Win64; x64) AppleWebKit/537.36 (KHTML, like Gecko) Chrome/145.0.0.0 Safari/537.36','/comercial/ventas/14/editar/','POST',NULL,'2026-02-27 19:17:35.643326',1),(326,'romina','CREATE','INFO','','','','POST /comercial/reportes/','181.30.1.45','Mozilla/5.0 (Windows NT 10.0; Win64; x64) AppleWebKit/537.36 (KHTML, like Gecko) Chrome/145.0.0.0 Safari/537.36','/comercial/reportes/','POST',NULL,'2026-02-27 19:18:00.909983',1),(327,'romina','CREATE','INFO','','','','POST /comercial/api/venta/14/editar-fecha-sena/','181.30.1.45','Mozilla/5.0 (Windows NT 10.0; Win64; x64) AppleWebKit/537.36 (KHTML, like Gecko) Chrome/145.0.0.0 Safari/537.36','/comercial/api/venta/14/editar-fecha-sena/','POST',NULL,'2026-02-27 19:18:47.325180',1),(328,'romina','CREATE','INFO','','','','POST /comercial/ventas/14/editar/','181.30.1.45','Mozilla/5.0 (Windows NT 10.0; Win64; x64) AppleWebKit/537.36 (KHTML, like Gecko) Chrome/145.0.0.0 Safari/537.36','/comercial/ventas/14/editar/','POST',NULL,'2026-02-27 19:19:34.095056',1),(329,'romina','CREATE','INFO','','','','POST /comercial/reportes/','181.30.1.45','Mozilla/5.0 (Windows NT 10.0; Win64; x64) AppleWebKit/537.36 (KHTML, like Gecko) Chrome/145.0.0.0 Safari/537.36','/comercial/reportes/','POST',NULL,'2026-02-27 19:20:13.258294',1),(330,'romina','CREATE','INFO','','','','POST /comercial/ventas/14/editar/','181.30.1.45','Mozilla/5.0 (Windows NT 10.0; Win64; x64) AppleWebKit/537.36 (KHTML, like Gecko) Chrome/145.0.0.0 Safari/537.36','/comercial/ventas/14/editar/','POST',NULL,'2026-02-27 19:22:37.312253',1),(331,'romina','CREATE','INFO','','','','POST /comercial/reportes/','181.30.1.45','Mozilla/5.0 (Windows NT 10.0; Win64; x64) AppleWebKit/537.36 (KHTML, like Gecko) Chrome/145.0.0.0 Safari/537.36','/comercial/reportes/','POST',NULL,'2026-02-27 19:22:58.674767',1),(332,'romina','CREATE','INFO','','','','POST /comercial/ventas/14/eliminar/','181.30.1.45','Mozilla/5.0 (Windows NT 10.0; Win64; x64) AppleWebKit/537.36 (KHTML, like Gecko) Chrome/145.0.0.0 Safari/537.36','/comercial/ventas/14/eliminar/','POST',NULL,'2026-02-27 19:23:25.099901',1),(333,'romina','CREATE','INFO','','','','POST /comercial/ventas/nueva/','181.30.1.45','Mozilla/5.0 (Windows NT 10.0; Win64; x64) AppleWebKit/537.36 (KHTML, like Gecko) Chrome/145.0.0.0 Safari/537.36','/comercial/ventas/nueva/','POST',NULL,'2026-02-27 19:24:42.048841',1),(334,'romina','CREATE','INFO','','','','POST /comercial/ventas/81/pago/','181.30.1.45','Mozilla/5.0 (Windows NT 10.0; Win64; x64) AppleWebKit/537.36 (KHTML, like Gecko) Chrome/145.0.0.0 Safari/537.36','/comercial/ventas/81/pago/','POST',NULL,'2026-02-27 19:27:12.588152',1),(335,'romina','CREATE','INFO','','','','POST /comercial/reportes/','181.30.1.45','Mozilla/5.0 (Windows NT 10.0; Win64; x64) AppleWebKit/537.36 (KHTML, like Gecko) Chrome/145.0.0.0 Safari/537.36','/comercial/reportes/','POST',NULL,'2026-02-27 19:27:36.689033',1),(336,'romina','CREATE','INFO','','','','POST /comercial/reportes/','181.30.1.45','Mozilla/5.0 (Windows NT 10.0; Win64; x64) AppleWebKit/537.36 (KHTML, like Gecko) Chrome/145.0.0.0 Safari/537.36','/comercial/reportes/','POST',NULL,'2026-02-27 19:28:14.785255',1),(337,'romina','CREATE','INFO','','','','POST /comercial/reportes/','181.30.1.45','Mozilla/5.0 (Windows NT 10.0; Win64; x64) AppleWebKit/537.36 (KHTML, like Gecko) Chrome/145.0.0.0 Safari/537.36','/comercial/reportes/','POST',NULL,'2026-02-27 19:28:17.655130',1),(338,'romina','CREATE','INFO','','','','POST /login/','181.30.1.45','Mozilla/5.0 (Windows NT 10.0; Win64; x64) AppleWebKit/537.36 (KHTML, like Gecko) Chrome/145.0.0.0 Safari/537.36','/login/','POST',NULL,'2026-02-27 19:28:23.653956',1),(339,'romina','CREATE','INFO','','','','POST /comercial/reportes/','181.30.1.45','Mozilla/5.0 (Windows NT 10.0; Win64; x64) AppleWebKit/537.36 (KHTML, like Gecko) Chrome/145.0.0.0 Safari/537.36','/comercial/reportes/','POST',NULL,'2026-02-27 19:28:39.539978',1),(340,'romina','CREATE','INFO','','','','POST /comercial/api/venta/78/editar-fecha-sena/','181.30.1.45','Mozilla/5.0 (Windows NT 10.0; Win64; x64) AppleWebKit/537.36 (KHTML, like Gecko) Chrome/145.0.0.0 Safari/537.36','/comercial/api/venta/78/editar-fecha-sena/','POST',NULL,'2026-02-27 19:32:16.748154',1),(341,'romina','CREATE','INFO','','','','POST /comercial/reportes/','181.30.1.45','Mozilla/5.0 (Windows NT 10.0; Win64; x64) AppleWebKit/537.36 (KHTML, like Gecko) Chrome/145.0.0.0 Safari/537.36','/comercial/reportes/','POST',NULL,'2026-02-27 19:32:38.990262',1),(342,'romina','CREATE','INFO','','','','POST /comercial/reportes/','181.30.1.45','Mozilla/5.0 (Windows NT 10.0; Win64; x64) AppleWebKit/537.36 (KHTML, like Gecko) Chrome/145.0.0.0 Safari/537.36','/comercial/reportes/','POST',NULL,'2026-02-27 19:32:42.292933',1),(343,'romina','CREATE','INFO','','','','POST /comercial/reportes/','181.30.1.45','Mozilla/5.0 (Windows NT 10.0; Win64; x64) AppleWebKit/537.36 (KHTML, like Gecko) Chrome/145.0.0.0 Safari/537.36','/comercial/reportes/','POST',NULL,'2026-02-27 19:33:32.362599',1),(344,'romina','CREATE','INFO','','','','POST /comercial/reportes/','181.30.1.45','Mozilla/5.0 (Windows NT 10.0; Win64; x64) AppleWebKit/537.36 (KHTML, like Gecko) Chrome/145.0.0.0 Safari/537.36','/comercial/reportes/','POST',NULL,'2026-02-27 19:33:47.225882',1),(345,'romina','CREATE','INFO','','','','POST /comercial/api/venta/81/editar-fecha-sena/','181.30.1.45','Mozilla/5.0 (Windows NT 10.0; Win64; x64) AppleWebKit/537.36 (KHTML, like Gecko) Chrome/145.0.0.0 Safari/537.36','/comercial/api/venta/81/editar-fecha-sena/','POST',NULL,'2026-02-27 19:44:00.875156',1),(346,'romina','CREATE','INFO','','','','POST /comercial/reportes/','181.30.1.45','Mozilla/5.0 (Windows NT 10.0; Win64; x64) AppleWebKit/537.36 (KHTML, like Gecko) Chrome/145.0.0.0 Safari/537.36','/comercial/reportes/','POST',NULL,'2026-02-27 19:44:32.800982',1),(347,'romina','CREATE','INFO','','','','POST /comercial/reportes/','181.30.1.45','Mozilla/5.0 (Windows NT 10.0; Win64; x64) AppleWebKit/537.36 (KHTML, like Gecko) Chrome/145.0.0.0 Safari/537.36','/comercial/reportes/','POST',NULL,'2026-02-27 19:48:00.851998',1),(348,'romina','CREATE','INFO','','','','POST /comercial/reportes/','181.30.1.45','Mozilla/5.0 (Windows NT 10.0; Win64; x64) AppleWebKit/537.36 (KHTML, like Gecko) Chrome/145.0.0.0 Safari/537.36','/comercial/reportes/','POST',NULL,'2026-02-27 19:48:53.911767',1),(349,'romina','CREATE','INFO','','','','POST /comercial/reportes/','181.30.1.45','Mozilla/5.0 (Windows NT 10.0; Win64; x64) AppleWebKit/537.36 (KHTML, like Gecko) Chrome/145.0.0.0 Safari/537.36','/comercial/reportes/','POST',NULL,'2026-02-27 19:49:58.423678',1),(350,'romina','CREATE','INFO','','','','POST /login/','190.48.197.56','Mozilla/5.0 (Windows NT 10.0; Win64; x64) AppleWebKit/537.36 (KHTML, like Gecko) Chrome/145.0.0.0 Safari/537.36','/login/','POST',NULL,'2026-02-28 12:45:26.719323',1),(351,'romina','CREATE','INFO','','','','POST /comercial/reportes/','190.48.197.56','Mozilla/5.0 (Windows NT 10.0; Win64; x64) AppleWebKit/537.36 (KHTML, like Gecko) Chrome/145.0.0.0 Safari/537.36','/comercial/reportes/','POST',NULL,'2026-02-28 12:45:40.813932',1),(352,'romina','CREATE','INFO','','','','POST /comercial/reportes/','190.48.197.56','Mozilla/5.0 (Windows NT 10.0; Win64; x64) AppleWebKit/537.36 (KHTML, like Gecko) Chrome/145.0.0.0 Safari/537.36','/comercial/reportes/','POST',NULL,'2026-02-28 13:12:17.611711',1),(353,'romina','CREATE','INFO','','','','POST /comercial/clientes/nuevo/','190.48.197.56','Mozilla/5.0 (Windows NT 10.0; Win64; x64) AppleWebKit/537.36 (KHTML, like Gecko) Chrome/145.0.0.0 Safari/537.36','/comercial/clientes/nuevo/','POST',NULL,'2026-02-28 13:23:53.741106',1),(354,'romina','CREATE','INFO','','','','POST /comercial/ventas/nueva/','190.48.197.56','Mozilla/5.0 (Windows NT 10.0; Win64; x64) AppleWebKit/537.36 (KHTML, like Gecko) Chrome/145.0.0.0 Safari/537.36','/comercial/ventas/nueva/','POST',NULL,'2026-02-28 13:25:18.138723',1),(355,'romina','CREATE','INFO','','','','POST /comercial/ventas/82/editar/','190.48.197.56','Mozilla/5.0 (Windows NT 10.0; Win64; x64) AppleWebKit/537.36 (KHTML, like Gecko) Chrome/145.0.0.0 Safari/537.36','/comercial/ventas/82/editar/','POST',NULL,'2026-02-28 13:25:58.683046',1),(356,'romina','CREATE','INFO','','','','POST /comercial/ventas/82/pago/','190.48.197.56','Mozilla/5.0 (Windows NT 10.0; Win64; x64) AppleWebKit/537.36 (KHTML, like Gecko) Chrome/145.0.0.0 Safari/537.36','/comercial/ventas/82/pago/','POST',NULL,'2026-02-28 13:26:42.866228',1),(357,'romina','CREATE','INFO','','','','POST /comercial/ventas/82/pago/','190.48.197.56','Mozilla/5.0 (Windows NT 10.0; Win64; x64) AppleWebKit/537.36 (KHTML, like Gecko) Chrome/145.0.0.0 Safari/537.36','/comercial/ventas/82/pago/','POST',NULL,'2026-02-28 13:26:43.163387',1),(358,'romina','CREATE','INFO','','','','POST /comercial/ventas/82/editar/','190.48.197.56','Mozilla/5.0 (Windows NT 10.0; Win64; x64) AppleWebKit/537.36 (KHTML, like Gecko) Chrome/145.0.0.0 Safari/537.36','/comercial/ventas/82/editar/','POST',NULL,'2026-02-28 13:27:43.066245',1),(359,'romina','CREATE','INFO','','','','POST /comercial/api/venta/82/editar-fecha-sena/','190.48.197.56','Mozilla/5.0 (Windows NT 10.0; Win64; x64) AppleWebKit/537.36 (KHTML, like Gecko) Chrome/145.0.0.0 Safari/537.36','/comercial/api/venta/82/editar-fecha-sena/','POST',NULL,'2026-02-28 13:28:15.993262',1),(360,'romina','CREATE','INFO','','','','POST /comercial/ventas/82/pago/','190.48.197.56','Mozilla/5.0 (Windows NT 10.0; Win64; x64) AppleWebKit/537.36 (KHTML, like Gecko) Chrome/145.0.0.0 Safari/537.36','/comercial/ventas/82/pago/','POST',NULL,'2026-02-28 13:28:41.208338',1),(361,'romina','CREATE','INFO','','','','POST /comercial/reportes/','190.48.197.56','Mozilla/5.0 (Windows NT 10.0; Win64; x64) AppleWebKit/537.36 (KHTML, like Gecko) Chrome/145.0.0.0 Safari/537.36','/comercial/reportes/','POST',NULL,'2026-02-28 13:29:03.570584',1),(362,'romina','CREATE','INFO','','','','POST /login/','190.48.197.56','Mozilla/5.0 (Windows NT 10.0; Win64; x64) AppleWebKit/537.36 (KHTML, like Gecko) Chrome/145.0.0.0 Safari/537.36','/login/','POST',NULL,'2026-02-28 13:45:35.189044',1),(363,'romina','CREATE','INFO','','','','POST /comercial/ventas/82/editar/','190.48.197.56','Mozilla/5.0 (Windows NT 10.0; Win64; x64) AppleWebKit/537.36 (KHTML, like Gecko) Chrome/145.0.0.0 Safari/537.36','/comercial/ventas/82/editar/','POST',NULL,'2026-02-28 13:46:03.605323',1),(364,'romina','CREATE','INFO','','','','POST /comercial/ventas/82/editar/','190.48.197.56','Mozilla/5.0 (Windows NT 10.0; Win64; x64) AppleWebKit/537.36 (KHTML, like Gecko) Chrome/145.0.0.0 Safari/537.36','/comercial/ventas/82/editar/','POST',NULL,'2026-02-28 13:54:45.387565',1),(365,'romina','CREATE','INFO','','','','POST /comercial/reportes/','190.48.197.56','Mozilla/5.0 (Windows NT 10.0; Win64; x64) AppleWebKit/537.36 (KHTML, like Gecko) Chrome/145.0.0.0 Safari/537.36','/comercial/reportes/','POST',NULL,'2026-02-28 13:55:01.322067',1),(366,'romina','CREATE','INFO','','','','POST /comercial/ventas/37/pago/','190.48.197.56','Mozilla/5.0 (Windows NT 10.0; Win64; x64) AppleWebKit/537.36 (KHTML, like Gecko) Chrome/145.0.0.0 Safari/537.36','/comercial/ventas/37/pago/','POST',NULL,'2026-02-28 14:09:09.695724',1),(367,'romina','CREATE','INFO','','','','POST /comercial/ventas/37/pago/','190.48.197.56','Mozilla/5.0 (Windows NT 10.0; Win64; x64) AppleWebKit/537.36 (KHTML, like Gecko) Chrome/145.0.0.0 Safari/537.36','/comercial/ventas/37/pago/','POST',NULL,'2026-02-28 14:09:09.807898',1),(368,'romina','CREATE','INFO','','','','POST /comercial/ventas/21/editar/','190.48.197.56','Mozilla/5.0 (Windows NT 10.0; Win64; x64) AppleWebKit/537.36 (KHTML, like Gecko) Chrome/145.0.0.0 Safari/537.36','/comercial/ventas/21/editar/','POST',NULL,'2026-02-28 14:12:09.097889',1),(369,'romina','CREATE','INFO','','','','POST /comercial/ventas/21/editar/','190.48.197.56','Mozilla/5.0 (Windows NT 10.0; Win64; x64) AppleWebKit/537.36 (KHTML, like Gecko) Chrome/145.0.0.0 Safari/537.36','/comercial/ventas/21/editar/','POST',NULL,'2026-02-28 14:12:36.837072',1),(370,'romina','CREATE','INFO','','','','POST /comercial/ventas/21/pago/','190.48.197.56','Mozilla/5.0 (Windows NT 10.0; Win64; x64) AppleWebKit/537.36 (KHTML, like Gecko) Chrome/145.0.0.0 Safari/537.36','/comercial/ventas/21/pago/','POST',NULL,'2026-02-28 14:13:22.210292',1),(371,'romina','CREATE','INFO','','','','POST /comercial/ventas/21/editar/','190.48.197.56','Mozilla/5.0 (Windows NT 10.0; Win64; x64) AppleWebKit/537.36 (KHTML, like Gecko) Chrome/145.0.0.0 Safari/537.36','/comercial/ventas/21/editar/','POST',NULL,'2026-02-28 14:14:36.292910',1),(372,'romina','CREATE','INFO','','','','POST /comercial/clientes/22/editar/','190.48.197.56','Mozilla/5.0 (Windows NT 10.0; Win64; x64) AppleWebKit/537.36 (KHTML, like Gecko) Chrome/145.0.0.0 Safari/537.36','/comercial/clientes/22/editar/','POST',NULL,'2026-02-28 14:16:33.279173',1),(373,'romina','CREATE','INFO','','','','POST /comercial/ventas/22/pago/','190.48.197.56','Mozilla/5.0 (Windows NT 10.0; Win64; x64) AppleWebKit/537.36 (KHTML, like Gecko) Chrome/145.0.0.0 Safari/537.36','/comercial/ventas/22/pago/','POST',NULL,'2026-02-28 14:18:44.503752',1),(374,'romina','CREATE','INFO','','','','POST /comercial/ventas/22/editar/','190.48.197.56','Mozilla/5.0 (Windows NT 10.0; Win64; x64) AppleWebKit/537.36 (KHTML, like Gecko) Chrome/145.0.0.0 Safari/537.36','/comercial/ventas/22/editar/','POST',NULL,'2026-02-28 14:19:54.238028',1),(375,'romina','CREATE','INFO','','','','POST /comercial/ventas/22/pago/','190.48.197.56','Mozilla/5.0 (Windows NT 10.0; Win64; x64) AppleWebKit/537.36 (KHTML, like Gecko) Chrome/145.0.0.0 Safari/537.36','/comercial/ventas/22/pago/','POST',NULL,'2026-02-28 14:21:09.833010',1),(376,'romina','CREATE','INFO','','','','POST /comercial/ventas/22/editar/','190.48.197.56','Mozilla/5.0 (Windows NT 10.0; Win64; x64) AppleWebKit/537.36 (KHTML, like Gecko) Chrome/145.0.0.0 Safari/537.36','/comercial/ventas/22/editar/','POST',NULL,'2026-02-28 14:21:52.880967',1),(377,'romina','CREATE','INFO','','','','POST /comercial/compras/nueva/','190.48.197.56','Mozilla/5.0 (Windows NT 10.0; Win64; x64) AppleWebKit/537.36 (KHTML, like Gecko) Chrome/145.0.0.0 Safari/537.36','/comercial/compras/nueva/','POST',NULL,'2026-02-28 14:24:58.148914',1),(378,'romina','CREATE','INFO','','','','POST /comercial/tipos-cuenta/nuevo/','190.48.197.56','Mozilla/5.0 (Windows NT 10.0; Win64; x64) AppleWebKit/537.36 (KHTML, like Gecko) Chrome/145.0.0.0 Safari/537.36','/comercial/tipos-cuenta/nuevo/','POST',NULL,'2026-02-28 14:25:59.739860',1),(379,'admin','CREATE','INFO','','','','POST /login/','190.48.197.56','Mozilla/5.0 (Windows NT 10.0; Win64; x64) AppleWebKit/537.36 (KHTML, like Gecko) Chrome/145.0.0.0 Safari/537.36','/login/','POST',NULL,'2026-02-28 14:37:18.819102',2),(380,'admin','CREATE','INFO','','','','POST /comercial/compras/86/editar/','190.48.197.56','Mozilla/5.0 (Windows NT 10.0; Win64; x64) AppleWebKit/537.36 (KHTML, like Gecko) Chrome/145.0.0.0 Safari/537.36','/comercial/compras/86/editar/','POST',NULL,'2026-02-28 14:37:44.312294',2),(381,'romina','CREATE','INFO','','','','POST /comercial/cuentas/nueva/','190.48.197.56','Mozilla/5.0 (Windows NT 10.0; Win64; x64) AppleWebKit/537.36 (KHTML, like Gecko) Chrome/145.0.0.0 Safari/537.36','/comercial/cuentas/nueva/','POST',NULL,'2026-02-28 14:38:58.456760',1),(382,'romina','CREATE','INFO','','','','POST /comercial/tipos-gasto/nuevo/','190.48.197.56','Mozilla/5.0 (Windows NT 10.0; Win64; x64) AppleWebKit/537.36 (KHTML, like Gecko) Chrome/145.0.0.0 Safari/537.36','/comercial/tipos-gasto/nuevo/','POST',NULL,'2026-02-28 14:39:53.931156',1),(383,'romina','CREATE','INFO','','','','POST /comercial/cuentas/36/editar/','190.48.197.56','Mozilla/5.0 (Windows NT 10.0; Win64; x64) AppleWebKit/537.36 (KHTML, like Gecko) Chrome/145.0.0.0 Safari/537.36','/comercial/cuentas/36/editar/','POST',NULL,'2026-02-28 14:42:21.132307',1),(384,'romina','CREATE','INFO','','','','POST /comercial/compras/nueva/','190.48.197.56','Mozilla/5.0 (Windows NT 10.0; Win64; x64) AppleWebKit/537.36 (KHTML, like Gecko) Chrome/145.0.0.0 Safari/537.36','/comercial/compras/nueva/','POST',NULL,'2026-02-28 14:43:26.357191',1),(385,'romina','CREATE','INFO','','','','POST /comercial/compras/87/editar/','190.48.197.56','Mozilla/5.0 (Windows NT 10.0; Win64; x64) AppleWebKit/537.36 (KHTML, like Gecko) Chrome/145.0.0.0 Safari/537.36','/comercial/compras/87/editar/','POST',NULL,'2026-02-28 14:51:00.354866',1),(386,'romina','CREATE','INFO','','','','POST /comercial/compras/87/editar/','190.48.197.56','Mozilla/5.0 (Windows NT 10.0; Win64; x64) AppleWebKit/537.36 (KHTML, like Gecko) Chrome/145.0.0.0 Safari/537.36','/comercial/compras/87/editar/','POST',NULL,'2026-02-28 14:51:25.688054',1),(387,'romina','CREATE','INFO','','','','POST /comercial/api/pago/26/editar/','190.48.197.56','Mozilla/5.0 (Windows NT 10.0; Win64; x64) AppleWebKit/537.36 (KHTML, like Gecko) Chrome/145.0.0.0 Safari/537.36','/comercial/api/pago/26/editar/','POST',NULL,'2026-02-28 14:53:53.651141',1),(388,'romina','CREATE','INFO','','','','POST /comercial/ventas/nueva/','190.48.197.56','Mozilla/5.0 (Windows NT 10.0; Win64; x64) AppleWebKit/537.36 (KHTML, like Gecko) Chrome/145.0.0.0 Safari/537.36','/comercial/ventas/nueva/','POST',NULL,'2026-02-28 14:55:37.261765',1),(389,'romina','CREATE','INFO','','','','POST /comercial/ventas/83/pago/','190.48.197.56','Mozilla/5.0 (Windows NT 10.0; Win64; x64) AppleWebKit/537.36 (KHTML, like Gecko) Chrome/145.0.0.0 Safari/537.36','/comercial/ventas/83/pago/','POST',NULL,'2026-02-28 14:55:51.375018',1),(390,'romina','CREATE','INFO','','','','POST /comercial/reportes/','190.48.197.56','Mozilla/5.0 (Windows NT 10.0; Win64; x64) AppleWebKit/537.36 (KHTML, like Gecko) Chrome/145.0.0.0 Safari/537.36','/comercial/reportes/','POST',NULL,'2026-02-28 14:56:16.457672',1),(391,'admin','CREATE','INFO','','','','POST /comercial/reportes/','190.48.197.56','Mozilla/5.0 (Windows NT 10.0; Win64; x64) AppleWebKit/537.36 (KHTML, like Gecko) Chrome/145.0.0.0 Safari/537.36','/comercial/reportes/','POST',NULL,'2026-02-28 14:57:40.499948',2),(392,'romina','CREATE','INFO','','','','POST /comercial/reportes/','190.48.197.56','Mozilla/5.0 (Windows NT 10.0; Win64; x64) AppleWebKit/537.36 (KHTML, like Gecko) Chrome/145.0.0.0 Safari/537.36','/comercial/reportes/','POST',NULL,'2026-02-28 14:59:36.885040',1),(393,'romina','CREATE','INFO','','','','POST /comercial/ventas/83/eliminar/','190.48.197.56','Mozilla/5.0 (Windows NT 10.0; Win64; x64) AppleWebKit/537.36 (KHTML, like Gecko) Chrome/145.0.0.0 Safari/537.36','/comercial/ventas/83/eliminar/','POST',NULL,'2026-02-28 15:00:03.852699',1),(394,'romina','CREATE','INFO','','','','POST /comercial/api/pago/26/editar/','190.48.197.56','Mozilla/5.0 (Windows NT 10.0; Win64; x64) AppleWebKit/537.36 (KHTML, like Gecko) Chrome/145.0.0.0 Safari/537.36','/comercial/api/pago/26/editar/','POST',NULL,'2026-02-28 15:00:31.735709',1),(395,'romina','CREATE','INFO','','','','POST /comercial/api/pago/30/editar/','190.48.197.56','Mozilla/5.0 (Windows NT 10.0; Win64; x64) AppleWebKit/537.36 (KHTML, like Gecko) Chrome/145.0.0.0 Safari/537.36','/comercial/api/pago/30/editar/','POST',NULL,'2026-02-28 15:00:58.946263',1),(396,'romina','CREATE','INFO','','','','POST /comercial/reportes/','190.48.197.56','Mozilla/5.0 (Windows NT 10.0; Win64; x64) AppleWebKit/537.36 (KHTML, like Gecko) Chrome/145.0.0.0 Safari/537.36','/comercial/reportes/','POST',NULL,'2026-02-28 15:01:21.558357',1),(397,'romina','CREATE','INFO','','','','POST /comercial/ventas/80/editar/','190.48.197.56','Mozilla/5.0 (Windows NT 10.0; Win64; x64) AppleWebKit/537.36 (KHTML, like Gecko) Chrome/145.0.0.0 Safari/537.36','/comercial/ventas/80/editar/','POST',NULL,'2026-02-28 15:02:11.117155',1),(398,'romina','CREATE','INFO','','','','POST /comercial/reportes/','190.48.197.56','Mozilla/5.0 (Windows NT 10.0; Win64; x64) AppleWebKit/537.36 (KHTML, like Gecko) Chrome/145.0.0.0 Safari/537.36','/comercial/reportes/','POST',NULL,'2026-02-28 15:02:33.531753',1),(399,'romina','CREATE','INFO','','','','POST /comercial/reportes/','190.48.197.56','Mozilla/5.0 (Windows NT 10.0; Win64; x64) AppleWebKit/537.36 (KHTML, like Gecko) Chrome/145.0.0.0 Safari/537.36','/comercial/reportes/','POST',NULL,'2026-02-28 15:03:26.322594',1),(400,'romina','CREATE','INFO','','','','POST /comercial/reportes/','190.48.197.56','Mozilla/5.0 (Windows NT 10.0; Win64; x64) AppleWebKit/537.36 (KHTML, like Gecko) Chrome/145.0.0.0 Safari/537.36','/comercial/reportes/','POST',NULL,'2026-02-28 15:03:31.955885',1),(401,'admin','CREATE','INFO','','','','POST /comercial/reportes/','190.48.197.56','Mozilla/5.0 (Windows NT 10.0; Win64; x64) AppleWebKit/537.36 (KHTML, like Gecko) Chrome/145.0.0.0 Safari/537.36','/comercial/reportes/','POST',NULL,'2026-02-28 15:04:22.719997',2),(402,'romina','CREATE','INFO','','','','POST /login/','190.48.197.56','Mozilla/5.0 (Windows NT 10.0; Win64; x64) AppleWebKit/537.36 (KHTML, like Gecko) Chrome/145.0.0.0 Safari/537.36','/login/','POST',NULL,'2026-02-28 15:07:14.015825',1),(403,'romina','CREATE','INFO','','','','POST /comercial/reportes/','190.48.197.56','Mozilla/5.0 (Windows NT 10.0; Win64; x64) AppleWebKit/537.36 (KHTML, like Gecko) Chrome/145.0.0.0 Safari/537.36','/comercial/reportes/','POST',NULL,'2026-02-28 15:07:25.952668',1),(404,'admin','CREATE','INFO','','','','POST /comercial/reportes/','190.48.197.56','Mozilla/5.0 (Windows NT 10.0; Win64; x64) AppleWebKit/537.36 (KHTML, like Gecko) Chrome/145.0.0.0 Safari/537.36','/comercial/reportes/','POST',NULL,'2026-02-28 15:07:38.303038',2),(405,'admin','CREATE','INFO','','','','POST /comercial/reportes/','190.48.197.56','Mozilla/5.0 (Windows NT 10.0; Win64; x64) AppleWebKit/537.36 (KHTML, like Gecko) Chrome/145.0.0.0 Safari/537.36','/comercial/reportes/','POST',NULL,'2026-02-28 15:09:15.560793',2),(406,'admin','CREATE','INFO','','','','POST /comercial/reportes/','190.48.197.56','Mozilla/5.0 (Windows NT 10.0; Win64; x64) AppleWebKit/537.36 (KHTML, like Gecko) Chrome/145.0.0.0 Safari/537.36','/comercial/reportes/','POST',NULL,'2026-02-28 15:09:18.395009',2),(407,'romina','CREATE','INFO','','','','POST /login/','190.48.197.56','Mozilla/5.0 (Windows NT 10.0; Win64; x64) AppleWebKit/537.36 (KHTML, like Gecko) Chrome/145.0.0.0 Safari/537.36','/login/','POST',NULL,'2026-02-28 15:09:30.395446',1),(408,'romina','CREATE','INFO','','','','POST /comercial/reportes/','190.48.197.56','Mozilla/5.0 (Windows NT 10.0; Win64; x64) AppleWebKit/537.36 (KHTML, like Gecko) Chrome/145.0.0.0 Safari/537.36','/comercial/reportes/','POST',NULL,'2026-02-28 15:09:41.597023',1),(409,'romina','CREATE','INFO','','','','POST /comercial/api/pago/34/editar/','190.48.197.56','Mozilla/5.0 (Windows NT 10.0; Win64; x64) AppleWebKit/537.36 (KHTML, like Gecko) Chrome/145.0.0.0 Safari/537.36','/comercial/api/pago/34/editar/','POST',NULL,'2026-02-28 15:11:37.062174',1),(410,'romina','CREATE','INFO','','','','POST /comercial/api/pago/33/editar/','190.48.197.56','Mozilla/5.0 (Windows NT 10.0; Win64; x64) AppleWebKit/537.36 (KHTML, like Gecko) Chrome/145.0.0.0 Safari/537.36','/comercial/api/pago/33/editar/','POST',NULL,'2026-02-28 15:12:50.064958',1),(411,'romina','CREATE','INFO','','','','POST /comercial/api/pago/32/editar/','190.48.197.56','Mozilla/5.0 (Windows NT 10.0; Win64; x64) AppleWebKit/537.36 (KHTML, like Gecko) Chrome/145.0.0.0 Safari/537.36','/comercial/api/pago/32/editar/','POST',NULL,'2026-02-28 15:13:27.588080',1),(412,'romina','CREATE','INFO','','','','POST /comercial/ventas/37/editar/','190.48.197.56','Mozilla/5.0 (Windows NT 10.0; Win64; x64) AppleWebKit/537.36 (KHTML, like Gecko) Chrome/145.0.0.0 Safari/537.36','/comercial/ventas/37/editar/','POST',NULL,'2026-02-28 15:13:52.717303',1),(413,'romina','CREATE','INFO','','','','POST /comercial/ventas/78/editar/','190.48.197.56','Mozilla/5.0 (Windows NT 10.0; Win64; x64) AppleWebKit/537.36 (KHTML, like Gecko) Chrome/145.0.0.0 Safari/537.36','/comercial/ventas/78/editar/','POST',NULL,'2026-02-28 15:15:14.797086',1),(414,'romina','CREATE','INFO','','','','POST /comercial/reportes/','190.48.197.56','Mozilla/5.0 (Windows NT 10.0; Win64; x64) AppleWebKit/537.36 (KHTML, like Gecko) Chrome/145.0.0.0 Safari/537.36','/comercial/reportes/','POST',NULL,'2026-02-28 15:15:34.593764',1),(415,'romina','CREATE','INFO','','','','POST /comercial/api/pago/21/editar/','190.48.197.56','Mozilla/5.0 (Windows NT 10.0; Win64; x64) AppleWebKit/537.36 (KHTML, like Gecko) Chrome/145.0.0.0 Safari/537.36','/comercial/api/pago/21/editar/','POST',NULL,'2026-02-28 15:18:29.918884',1),(416,'romina','CREATE','INFO','','','','POST /comercial/api/pago/22/editar/','190.48.197.56','Mozilla/5.0 (Windows NT 10.0; Win64; x64) AppleWebKit/537.36 (KHTML, like Gecko) Chrome/145.0.0.0 Safari/537.36','/comercial/api/pago/22/editar/','POST',NULL,'2026-02-28 15:19:24.990682',1),(417,'romina','CREATE','INFO','','','','POST /comercial/api/pago/18/editar/','190.48.197.56','Mozilla/5.0 (Windows NT 10.0; Win64; x64) AppleWebKit/537.36 (KHTML, like Gecko) Chrome/145.0.0.0 Safari/537.36','/comercial/api/pago/18/editar/','POST',NULL,'2026-02-28 15:20:29.722918',1),(418,'romina','CREATE','INFO','','','','POST /comercial/api/pago/19/editar/','190.48.197.56','Mozilla/5.0 (Windows NT 10.0; Win64; x64) AppleWebKit/537.36 (KHTML, like Gecko) Chrome/145.0.0.0 Safari/537.36','/comercial/api/pago/19/editar/','POST',NULL,'2026-02-28 15:21:04.067502',1),(419,'romina','CREATE','INFO','','','','POST /comercial/api/pago/4/editar/','190.48.197.56','Mozilla/5.0 (Windows NT 10.0; Win64; x64) AppleWebKit/537.36 (KHTML, like Gecko) Chrome/145.0.0.0 Safari/537.36','/comercial/api/pago/4/editar/','POST',NULL,'2026-02-28 15:21:43.604287',1),(420,'romina','CREATE','INFO','','','','POST /comercial/api/pago/7/editar/','190.48.197.56','Mozilla/5.0 (Windows NT 10.0; Win64; x64) AppleWebKit/537.36 (KHTML, like Gecko) Chrome/145.0.0.0 Safari/537.36','/comercial/api/pago/7/editar/','POST',NULL,'2026-02-28 15:22:19.846213',1),(421,'romina','CREATE','INFO','','','','POST /comercial/api/pago/6/editar/','190.48.197.56','Mozilla/5.0 (Windows NT 10.0; Win64; x64) AppleWebKit/537.36 (KHTML, like Gecko) Chrome/145.0.0.0 Safari/537.36','/comercial/api/pago/6/editar/','POST',NULL,'2026-02-28 15:22:59.014489',1),(422,'romina','CREATE','INFO','','','','POST /comercial/api/pago/13/editar/','190.48.197.56','Mozilla/5.0 (Windows NT 10.0; Win64; x64) AppleWebKit/537.36 (KHTML, like Gecko) Chrome/145.0.0.0 Safari/537.36','/comercial/api/pago/13/editar/','POST',NULL,'2026-02-28 15:23:21.231048',1),(423,'romina','CREATE','INFO','','','','POST /comercial/api/pago/5/editar/','190.48.197.56','Mozilla/5.0 (Windows NT 10.0; Win64; x64) AppleWebKit/537.36 (KHTML, like Gecko) Chrome/145.0.0.0 Safari/537.36','/comercial/api/pago/5/editar/','POST',NULL,'2026-02-28 15:23:44.303166',1),(424,'romina','CREATE','INFO','','','','POST /comercial/api/pago/24/editar/','190.48.197.56','Mozilla/5.0 (Windows NT 10.0; Win64; x64) AppleWebKit/537.36 (KHTML, like Gecko) Chrome/145.0.0.0 Safari/537.36','/comercial/api/pago/24/editar/','POST',NULL,'2026-02-28 15:24:17.032927',1),(425,'romina','CREATE','INFO','','','','POST /comercial/ventas/6/editar/','190.48.197.56','Mozilla/5.0 (Windows NT 10.0; Win64; x64) AppleWebKit/537.36 (KHTML, like Gecko) Chrome/145.0.0.0 Safari/537.36','/comercial/ventas/6/editar/','POST',NULL,'2026-02-28 15:27:23.355018',1),(426,'romina','CREATE','INFO','','','','POST /comercial/ventas/6/editar/','190.48.197.56','Mozilla/5.0 (Windows NT 10.0; Win64; x64) AppleWebKit/537.36 (KHTML, like Gecko) Chrome/145.0.0.0 Safari/537.36','/comercial/ventas/6/editar/','POST',NULL,'2026-02-28 15:27:23.395083',1),(427,'romina','CREATE','INFO','','','','POST /comercial/ventas/6/pago/','190.48.197.56','Mozilla/5.0 (Windows NT 10.0; Win64; x64) AppleWebKit/537.36 (KHTML, like Gecko) Chrome/145.0.0.0 Safari/537.36','/comercial/ventas/6/pago/','POST',NULL,'2026-02-28 15:27:47.599880',1),(428,'romina','CREATE','INFO','','','','POST /comercial/reportes/','190.48.197.56','Mozilla/5.0 (Windows NT 10.0; Win64; x64) AppleWebKit/537.36 (KHTML, like Gecko) Chrome/145.0.0.0 Safari/537.36','/comercial/reportes/','POST',NULL,'2026-02-28 15:31:23.206256',1),(429,'romina','CREATE','INFO','','','','POST /comercial/ventas/nueva/','190.48.197.56','Mozilla/5.0 (Windows NT 10.0; Win64; x64) AppleWebKit/537.36 (KHTML, like Gecko) Chrome/145.0.0.0 Safari/537.36','/comercial/ventas/nueva/','POST',NULL,'2026-02-28 15:36:12.355530',1),(430,'romina','CREATE','INFO','','','','POST /comercial/ventas/84/pago/','190.48.197.56','Mozilla/5.0 (Windows NT 10.0; Win64; x64) AppleWebKit/537.36 (KHTML, like Gecko) Chrome/145.0.0.0 Safari/537.36','/comercial/ventas/84/pago/','POST',NULL,'2026-02-28 15:36:44.991490',1),(431,'romina','CREATE','INFO','','','','POST /comercial/reportes/','190.48.197.56','Mozilla/5.0 (Windows NT 10.0; Win64; x64) AppleWebKit/537.36 (KHTML, like Gecko) Chrome/145.0.0.0 Safari/537.36','/comercial/reportes/','POST',NULL,'2026-02-28 15:44:38.240017',1),(432,'romina','CREATE','INFO','','','','POST /comercial/compras/nueva/','190.48.197.56','Mozilla/5.0 (Windows NT 10.0; Win64; x64) AppleWebKit/537.36 (KHTML, like Gecko) Chrome/145.0.0.0 Safari/537.36','/comercial/compras/nueva/','POST',NULL,'2026-02-28 15:50:52.356810',1),(433,'romina','CREATE','INFO','','','','POST /comercial/compras/86/editar/','190.48.197.56','Mozilla/5.0 (Windows NT 10.0; Win64; x64) AppleWebKit/537.36 (KHTML, like Gecko) Chrome/145.0.0.0 Safari/537.36','/comercial/compras/86/editar/','POST',NULL,'2026-02-28 15:51:06.255253',1),(434,'romina','CREATE','INFO','','','','POST /comercial/compras/86/editar/','190.48.197.56','Mozilla/5.0 (Windows NT 10.0; Win64; x64) AppleWebKit/537.36 (KHTML, like Gecko) Chrome/145.0.0.0 Safari/537.36','/comercial/compras/86/editar/','POST',NULL,'2026-02-28 15:51:06.299504',1),(435,'romina','CREATE','INFO','','','','POST /comercial/compras/88/editar/','190.48.197.56','Mozilla/5.0 (Windows NT 10.0; Win64; x64) AppleWebKit/537.36 (KHTML, like Gecko) Chrome/145.0.0.0 Safari/537.36','/comercial/compras/88/editar/','POST',NULL,'2026-02-28 15:51:29.465624',1),(436,'romina','CREATE','INFO','','','','POST /comercial/cuentas/nueva/','190.48.197.56','Mozilla/5.0 (Windows NT 10.0; Win64; x64) AppleWebKit/537.36 (KHTML, like Gecko) Chrome/145.0.0.0 Safari/537.36','/comercial/cuentas/nueva/','POST',NULL,'2026-02-28 15:53:41.410296',1),(437,'romina','CREATE','INFO','','','','POST /comercial/cuentas/nueva/','190.48.197.56','Mozilla/5.0 (Windows NT 10.0; Win64; x64) AppleWebKit/537.36 (KHTML, like Gecko) Chrome/145.0.0.0 Safari/537.36','/comercial/cuentas/nueva/','POST',NULL,'2026-02-28 15:53:51.758766',1),(438,'romina','CREATE','INFO','','','','POST /comercial/cuentas/nueva/','190.48.197.56','Mozilla/5.0 (Windows NT 10.0; Win64; x64) AppleWebKit/537.36 (KHTML, like Gecko) Chrome/145.0.0.0 Safari/537.36','/comercial/cuentas/nueva/','POST',NULL,'2026-02-28 15:54:31.294377',1),(439,'romina','CREATE','INFO','','','','POST /comercial/cuentas/nueva/','190.48.197.56','Mozilla/5.0 (Windows NT 10.0; Win64; x64) AppleWebKit/537.36 (KHTML, like Gecko) Chrome/145.0.0.0 Safari/537.36','/comercial/cuentas/nueva/','POST',NULL,'2026-02-28 15:54:32.999559',1),(440,'romina','CREATE','INFO','','','','POST /comercial/compras/nueva/','190.48.197.56','Mozilla/5.0 (Windows NT 10.0; Win64; x64) AppleWebKit/537.36 (KHTML, like Gecko) Chrome/145.0.0.0 Safari/537.36','/comercial/compras/nueva/','POST',NULL,'2026-02-28 15:55:23.972409',1),(441,'romina','CREATE','INFO','','','','POST /comercial/compras/nueva/','190.48.197.56','Mozilla/5.0 (Windows NT 10.0; Win64; x64) AppleWebKit/537.36 (KHTML, like Gecko) Chrome/145.0.0.0 Safari/537.36','/comercial/compras/nueva/','POST',NULL,'2026-02-28 16:04:09.291085',1),(442,'romina','CREATE','INFO','','','','POST /comercial/cuentas/nueva/','190.48.197.56','Mozilla/5.0 (Windows NT 10.0; Win64; x64) AppleWebKit/537.36 (KHTML, like Gecko) Chrome/145.0.0.0 Safari/537.36','/comercial/cuentas/nueva/','POST',NULL,'2026-02-28 16:05:15.548052',1),(443,'romina','CREATE','INFO','','','','POST /comercial/compras/nueva/','190.48.197.56','Mozilla/5.0 (Windows NT 10.0; Win64; x64) AppleWebKit/537.36 (KHTML, like Gecko) Chrome/145.0.0.0 Safari/537.36','/comercial/compras/nueva/','POST',NULL,'2026-02-28 16:05:57.537658',1),(444,'romina','CREATE','INFO','','','','POST /comercial/cuentas/nueva/','190.48.197.56','Mozilla/5.0 (Windows NT 10.0; Win64; x64) AppleWebKit/537.36 (KHTML, like Gecko) Chrome/145.0.0.0 Safari/537.36','/comercial/cuentas/nueva/','POST',NULL,'2026-02-28 16:06:34.107346',1),(445,'romina','CREATE','INFO','','','','POST /comercial/compras/nueva/','190.48.197.56','Mozilla/5.0 (Windows NT 10.0; Win64; x64) AppleWebKit/537.36 (KHTML, like Gecko) Chrome/145.0.0.0 Safari/537.36','/comercial/compras/nueva/','POST',NULL,'2026-02-28 16:07:26.854609',1),(446,'romina','CREATE','INFO','','','','POST /comercial/cuentas/nueva/','190.48.197.56','Mozilla/5.0 (Windows NT 10.0; Win64; x64) AppleWebKit/537.36 (KHTML, like Gecko) Chrome/145.0.0.0 Safari/537.36','/comercial/cuentas/nueva/','POST',NULL,'2026-02-28 16:09:32.884081',1),(447,'romina','CREATE','INFO','','','','POST /comercial/tipos-gasto/8/editar/','190.48.197.56','Mozilla/5.0 (Windows NT 10.0; Win64; x64) AppleWebKit/537.36 (KHTML, like Gecko) Chrome/145.0.0.0 Safari/537.36','/comercial/tipos-gasto/8/editar/','POST',NULL,'2026-02-28 16:10:04.440438',1),(448,'romina','CREATE','INFO','','','','POST /comercial/compras/nueva/','190.48.197.56','Mozilla/5.0 (Windows NT 10.0; Win64; x64) AppleWebKit/537.36 (KHTML, like Gecko) Chrome/145.0.0.0 Safari/537.36','/comercial/compras/nueva/','POST',NULL,'2026-02-28 16:10:50.444354',1),(449,'romina','CREATE','INFO','','','','POST /comercial/compras/nueva/','190.48.197.56','Mozilla/5.0 (Windows NT 10.0; Win64; x64) AppleWebKit/537.36 (KHTML, like Gecko) Chrome/145.0.0.0 Safari/537.36','/comercial/compras/nueva/','POST',NULL,'2026-02-28 16:11:48.299001',1),(450,'romina','CREATE','INFO','','','','POST /comercial/compras/nueva/','190.48.197.56','Mozilla/5.0 (Windows NT 10.0; Win64; x64) AppleWebKit/537.36 (KHTML, like Gecko) Chrome/145.0.0.0 Safari/537.36','/comercial/compras/nueva/','POST',NULL,'2026-02-28 16:12:15.479289',1),(451,'romina','CREATE','INFO','','','','POST /comercial/compras/nueva/','190.48.197.56','Mozilla/5.0 (Windows NT 10.0; Win64; x64) AppleWebKit/537.36 (KHTML, like Gecko) Chrome/145.0.0.0 Safari/537.36','/comercial/compras/nueva/','POST',NULL,'2026-02-28 16:12:49.659063',1),(452,'romina','CREATE','INFO','','','','POST /comercial/compras/nueva/','190.48.197.56','Mozilla/5.0 (Windows NT 10.0; Win64; x64) AppleWebKit/537.36 (KHTML, like Gecko) Chrome/145.0.0.0 Safari/537.36','/comercial/compras/nueva/','POST',NULL,'2026-02-28 16:13:23.004690',1),(453,'admin','CREATE','INFO','','','','POST /login/','190.48.197.56','Mozilla/5.0 (Windows NT 10.0; Win64; x64) AppleWebKit/537.36 (KHTML, like Gecko) Chrome/145.0.0.0 Safari/537.36','/login/','POST',NULL,'2026-03-02 17:28:55.654672',2),(454,'admin','CREATE','INFO','','','','POST /login/','152.168.206.173','Mozilla/5.0 (Windows NT 10.0; Win64; x64) AppleWebKit/537.36 (KHTML, like Gecko) Chrome/145.0.0.0 Safari/537.36','/login/','POST',NULL,'2026-03-02 23:09:21.369331',2),(455,'romina','CREATE','INFO','','','','POST /login/','152.168.206.173','Mozilla/5.0 (Windows NT 10.0; Win64; x64) AppleWebKit/537.36 (KHTML, like Gecko) Chrome/145.0.0.0 Safari/537.36','/login/','POST',NULL,'2026-03-03 14:48:01.608214',1),(456,'romina','CREATE','INFO','','','','POST /comercial/reportes/','152.168.206.173','Mozilla/5.0 (Windows NT 10.0; Win64; x64) AppleWebKit/537.36 (KHTML, like Gecko) Chrome/145.0.0.0 Safari/537.36','/comercial/reportes/','POST',NULL,'2026-03-03 14:48:22.860241',1),(457,'admin','CREATE','INFO','','','','POST /login/','152.168.206.173','Mozilla/5.0 (Windows NT 10.0; Win64; x64) AppleWebKit/537.36 (KHTML, like Gecko) Chrome/145.0.0.0 Safari/537.36','/login/','POST',NULL,'2026-03-03 15:01:24.609515',2),(458,'romina','CREATE','INFO','','','','POST /comercial/reportes/gastos/','152.168.206.173','Mozilla/5.0 (Windows NT 10.0; Win64; x64) AppleWebKit/537.36 (KHTML, like Gecko) Chrome/145.0.0.0 Safari/537.36','/comercial/reportes/gastos/','POST',NULL,'2026-03-03 15:45:48.073778',1),(459,'romina','CREATE','INFO','','','','POST /login/','190.48.208.70','Mozilla/5.0 (Windows NT 10.0; Win64; x64) AppleWebKit/537.36 (KHTML, like Gecko) Chrome/145.0.0.0 Safari/537.36','/login/','POST',NULL,'2026-03-03 18:36:44.407149',1),(460,'admin','CREATE','INFO','','','','POST /login/','190.48.208.70','Mozilla/5.0 (Windows NT 10.0; Win64; x64) AppleWebKit/537.36 (KHTML, like Gecko) Chrome/145.0.0.0 Safari/537.36','/login/','POST',NULL,'2026-03-03 18:45:16.656307',2),(461,'romina','CREATE','INFO','','','','POST /comercial/reportes/gastos/','190.48.208.70','Mozilla/5.0 (Windows NT 10.0; Win64; x64) AppleWebKit/537.36 (KHTML, like Gecko) Chrome/145.0.0.0 Safari/537.36','/comercial/reportes/gastos/','POST',NULL,'2026-03-03 19:26:17.427106',1),(462,'romina','CREATE','INFO','','','','POST /comercial/reportes/gastos/','190.48.208.70','Mozilla/5.0 (Windows NT 10.0; Win64; x64) AppleWebKit/537.36 (KHTML, like Gecko) Chrome/145.0.0.0 Safari/537.36','/comercial/reportes/gastos/','POST',NULL,'2026-03-03 19:38:27.169727',1),(463,'romina','CREATE','INFO','','','','POST /comercial/compras/81/editar/','190.48.208.70','Mozilla/5.0 (Windows NT 10.0; Win64; x64) AppleWebKit/537.36 (KHTML, like Gecko) Chrome/145.0.0.0 Safari/537.36','/comercial/compras/81/editar/','POST',NULL,'2026-03-03 19:56:58.735022',1),(464,'romina','CREATE','INFO','','','','POST /comercial/reportes/gastos/','190.48.208.70','Mozilla/5.0 (Windows NT 10.0; Win64; x64) AppleWebKit/537.36 (KHTML, like Gecko) Chrome/145.0.0.0 Safari/537.36','/comercial/reportes/gastos/','POST',NULL,'2026-03-03 19:58:14.428945',1),(465,'romina','CREATE','INFO','','','','POST /comercial/tipos-gasto/nuevo/','190.48.208.70','Mozilla/5.0 (Windows NT 10.0; Win64; x64) AppleWebKit/537.36 (KHTML, like Gecko) Chrome/145.0.0.0 Safari/537.36','/comercial/tipos-gasto/nuevo/','POST',NULL,'2026-03-03 20:10:09.804726',1),(466,'romina','CREATE','INFO','','','','POST /comercial/compras/nueva/','190.48.208.70','Mozilla/5.0 (Windows NT 10.0; Win64; x64) AppleWebKit/537.36 (KHTML, like Gecko) Chrome/145.0.0.0 Safari/537.36','/comercial/compras/nueva/','POST',NULL,'2026-03-03 20:11:31.038415',1),(467,'romina','CREATE','INFO','','','','POST /comercial/tipos-cuenta/nuevo/','190.48.208.70','Mozilla/5.0 (Windows NT 10.0; Win64; x64) AppleWebKit/537.36 (KHTML, like Gecko) Chrome/145.0.0.0 Safari/537.36','/comercial/tipos-cuenta/nuevo/','POST',NULL,'2026-03-03 20:13:56.090396',1),(468,'romina','CREATE','INFO','','','','POST /comercial/tipos-cuenta/19/editar/','190.48.208.70','Mozilla/5.0 (Windows NT 10.0; Win64; x64) AppleWebKit/537.36 (KHTML, like Gecko) Chrome/145.0.0.0 Safari/537.36','/comercial/tipos-cuenta/19/editar/','POST',NULL,'2026-03-03 20:14:26.506283',1),(469,'romina','CREATE','INFO','','','','POST /comercial/tipos-gasto/nuevo/','190.48.208.70','Mozilla/5.0 (Windows NT 10.0; Win64; x64) AppleWebKit/537.36 (KHTML, like Gecko) Chrome/145.0.0.0 Safari/537.36','/comercial/tipos-gasto/nuevo/','POST',NULL,'2026-03-03 20:15:01.687505',1),(470,'romina','CREATE','INFO','','','','POST /comercial/cuentas/nueva/','190.48.208.70','Mozilla/5.0 (Windows NT 10.0; Win64; x64) AppleWebKit/537.36 (KHTML, like Gecko) Chrome/145.0.0.0 Safari/537.36','/comercial/cuentas/nueva/','POST',NULL,'2026-03-03 20:15:17.436595',1),(471,'romina','CREATE','INFO','','','','POST /comercial/compras/nueva/','190.48.208.70','Mozilla/5.0 (Windows NT 10.0; Win64; x64) AppleWebKit/537.36 (KHTML, like Gecko) Chrome/145.0.0.0 Safari/537.36','/comercial/compras/nueva/','POST',NULL,'2026-03-03 20:16:04.898975',1),(472,'romina','CREATE','INFO','','','','POST /comercial/compras/nueva/','190.48.208.70','Mozilla/5.0 (Windows NT 10.0; Win64; x64) AppleWebKit/537.36 (KHTML, like Gecko) Chrome/145.0.0.0 Safari/537.36','/comercial/compras/nueva/','POST',NULL,'2026-03-03 20:17:03.291590',1),(473,'romina','CREATE','INFO','','','','POST /comercial/compras/nueva/','190.48.208.70','Mozilla/5.0 (Windows NT 10.0; Win64; x64) AppleWebKit/537.36 (KHTML, like Gecko) Chrome/145.0.0.0 Safari/537.36','/comercial/compras/nueva/','POST',NULL,'2026-03-03 20:17:03.411737',1),(474,'romina','CREATE','INFO','','','','POST /comercial/compras/nueva/','190.48.208.70','Mozilla/5.0 (Windows NT 10.0; Win64; x64) AppleWebKit/537.36 (KHTML, like Gecko) Chrome/145.0.0.0 Safari/537.36','/comercial/compras/nueva/','POST',NULL,'2026-03-03 20:17:50.297739',1),(475,'Anonymous','CREATE','INFO','','','','POST /login/','181.238.71.50','Mozilla/5.0 (Linux; Android 10; K) AppleWebKit/537.36 (KHTML, like Gecko) Chrome/145.0.0.0 Mobile Safari/537.36','/login/','POST',NULL,'2026-03-04 00:30:23.090615',NULL),(476,'Anonymous','CREATE','INFO','','','','POST /login/','181.238.71.50','Mozilla/5.0 (Linux; Android 10; K) AppleWebKit/537.36 (KHTML, like Gecko) Chrome/145.0.0.0 Mobile Safari/537.36','/login/','POST',NULL,'2026-03-04 00:30:38.367707',NULL),(477,'Anonymous','CREATE','INFO','','','','POST /login/','181.238.71.50','Mozilla/5.0 (Linux; Android 10; K) AppleWebKit/537.36 (KHTML, like Gecko) Chrome/145.0.0.0 Mobile Safari/537.36','/login/','POST',NULL,'2026-03-04 00:30:39.200982',NULL),(478,'admin','CREATE','INFO','','','','POST /login/','181.238.71.50','Mozilla/5.0 (Linux; Android 10; K) AppleWebKit/537.36 (KHTML, like Gecko) Chrome/145.0.0.0 Mobile Safari/537.36','/login/','POST',NULL,'2026-03-04 00:30:47.386270',2),(479,'admin','CREATE','INFO','','','','POST /login/','190.48.208.70','Mozilla/5.0 (Windows NT 10.0; Win64; x64) AppleWebKit/537.36 (KHTML, like Gecko) Chrome/145.0.0.0 Safari/537.36','/login/','POST',NULL,'2026-03-04 14:03:30.650458',2),(480,'admin','CREATE','INFO','','','','POST /login/','190.48.208.70','Mozilla/5.0 (Windows NT 10.0; Win64; x64) AppleWebKit/537.36 (KHTML, like Gecko) Chrome/145.0.0.0 Safari/537.36','/login/','POST',NULL,'2026-03-04 17:46:04.015644',2),(481,'Anonymous','CREATE','INFO','','','','POST /login/','152.168.206.173','Mozilla/5.0 (iPhone; CPU iPhone OS 18_7 like Mac OS X) AppleWebKit/605.1.15 (KHTML, like Gecko) Version/26.3 Mobile/15E148 Safari/604.1','/login/','POST',NULL,'2026-03-05 00:43:05.195374',NULL),(482,'Anonymous','CREATE','INFO','','','','POST /login/','152.168.206.173','Mozilla/5.0 (iPhone; CPU iPhone OS 18_7 like Mac OS X) AppleWebKit/605.1.15 (KHTML, like Gecko) Version/26.3 Mobile/15E148 Safari/604.1','/login/','POST',NULL,'2026-03-05 00:43:32.939388',NULL),(483,'admin','CREATE','INFO','','','','POST /login/','152.168.206.173','Mozilla/5.0 (iPhone; CPU iPhone OS 18_7 like Mac OS X) AppleWebKit/605.1.15 (KHTML, like Gecko) Version/26.3 Mobile/15E148 Safari/604.1','/login/','POST',NULL,'2026-03-05 00:43:46.625947',2),(484,'admin','CREATE','INFO','','','','POST /login/','152.168.206.173','Mozilla/5.0 (iPhone; CPU iPhone OS 18_7 like Mac OS X) AppleWebKit/605.1.15 (KHTML, like Gecko) Version/26.3 Mobile/15E148 Safari/604.1','/login/','POST',NULL,'2026-03-05 00:46:11.559184',2),(485,'admin','CREATE','INFO','','','','POST /login/','152.168.206.173','Mozilla/5.0 (Linux; Android 10; K) AppleWebKit/537.36 (KHTML, like Gecko) Chrome/145.0.0.0 Mobile Safari/537.36','/login/','POST',NULL,'2026-03-05 01:05:45.797097',2),(486,'admin','CREATE','INFO','','','','POST /login/','152.168.206.173','Mozilla/5.0 (iPhone; CPU iPhone OS 18_7 like Mac OS X) AppleWebKit/605.1.15 (KHTML, like Gecko) Version/26.3 Mobile/15E148 Safari/604.1','/login/','POST',NULL,'2026-03-05 01:09:43.096176',2),(487,'admin','CREATE','INFO','','','','POST /login/','190.48.208.70','Mozilla/5.0 (Windows NT 10.0; Win64; x64) AppleWebKit/537.36 (KHTML, like Gecko) Chrome/145.0.0.0 Safari/537.36','/login/','POST',NULL,'2026-03-05 13:56:57.294627',2),(488,'admin','CREATE','INFO','','','','POST /login/','152.168.206.173','Mozilla/5.0 (Windows NT 10.0; Win64; x64) AppleWebKit/537.36 (KHTML, like Gecko) Chrome/145.0.0.0 Safari/537.36','/login/','POST',NULL,'2026-03-05 14:29:30.205270',2),(489,'admin','CREATE','INFO','','','','POST /login/','152.168.206.173','Mozilla/5.0 (Linux; Android 10; K) AppleWebKit/537.36 (KHTML, like Gecko) Chrome/145.0.0.0 Mobile Safari/537.36','/login/','POST',NULL,'2026-03-05 14:55:15.119355',2),(490,'admin','CREATE','INFO','','','','POST /login/','190.48.208.70','Mozilla/5.0 (Windows NT 10.0; Win64; x64) AppleWebKit/537.36 (KHTML, like Gecko) Chrome/145.0.0.0 Safari/537.36','/login/','POST',NULL,'2026-03-05 15:26:25.099943',2),(491,'admin','CREATE','INFO','','','','POST /login/','152.168.206.173','Mozilla/5.0 (Windows NT 10.0; Win64; x64) AppleWebKit/537.36 (KHTML, like Gecko) Chrome/145.0.0.0 Safari/537.36','/login/','POST',NULL,'2026-03-05 16:54:30.154963',2),(492,'admin','CREATE','INFO','','','','POST /login/','152.168.206.173','Mozilla/5.0 (Windows NT 10.0; Win64; x64) AppleWebKit/537.36 (KHTML, like Gecko) Chrome/145.0.0.0 Safari/537.36','/login/','POST',NULL,'2026-03-05 16:55:16.966813',2),(493,'admin','CREATE','INFO','','','','POST /login/','152.168.206.173','Mozilla/5.0 (Linux; Android 10; K) AppleWebKit/537.36 (KHTML, like Gecko) Chrome/145.0.0.0 Mobile Safari/537.36','/login/','POST',NULL,'2026-03-05 17:09:39.159933',2),(494,'admin','CREATE','INFO','','','','POST /login/','152.168.206.173','Mozilla/5.0 (Linux; Android 10; K) AppleWebKit/537.36 (KHTML, like Gecko) Chrome/145.0.0.0 Mobile Safari/537.36','/login/','POST',NULL,'2026-03-05 17:58:38.552406',2),(495,'romina','CREATE','INFO','','','','POST /login/','152.168.206.173','Mozilla/5.0 (Windows NT 10.0; Win64; x64) AppleWebKit/537.36 (KHTML, like Gecko) Chrome/145.0.0.0 Safari/537.36','/login/','POST',NULL,'2026-03-05 18:33:14.074621',1),(496,'romina','CREATE','INFO','','','','POST /comercial/reportes/','152.168.206.173','Mozilla/5.0 (Windows NT 10.0; Win64; x64) AppleWebKit/537.36 (KHTML, like Gecko) Chrome/145.0.0.0 Safari/537.36','/comercial/reportes/','POST',NULL,'2026-03-05 19:07:47.989652',1),(497,'Anonymous','CREATE','INFO','','','','POST /login/','181.239.22.10','Mozilla/5.0 (Linux; Android 10; K) AppleWebKit/537.36 (KHTML, like Gecko) Chrome/145.0.0.0 Mobile Safari/537.36','/login/','POST',NULL,'2026-03-05 23:15:14.592549',NULL),(498,'admin','CREATE','INFO','','','','POST /login/','181.239.22.10','Mozilla/5.0 (Linux; Android 10; K) AppleWebKit/537.36 (KHTML, like Gecko) Chrome/145.0.0.0 Mobile Safari/537.36','/login/','POST',NULL,'2026-03-05 23:15:23.515325',2),(499,'romina','CREATE','INFO','','','','POST /login/','190.48.208.70','Mozilla/5.0 (Windows NT 10.0; Win64; x64) AppleWebKit/537.36 (KHTML, like Gecko) Chrome/145.0.0.0 Safari/537.36','/login/','POST',NULL,'2026-03-06 14:38:49.068556',1),(500,'romina','CREATE','INFO','','','','POST /comercial/compras/nueva/','190.48.208.70','Mozilla/5.0 (Windows NT 10.0; Win64; x64) AppleWebKit/537.36 (KHTML, like Gecko) Chrome/145.0.0.0 Safari/537.36','/comercial/compras/nueva/','POST',NULL,'2026-03-06 14:39:50.510947',1),(501,'romina','CREATE','INFO','','','','POST /comercial/compras/nueva/','190.48.208.70','Mozilla/5.0 (Windows NT 10.0; Win64; x64) AppleWebKit/537.36 (KHTML, like Gecko) Chrome/145.0.0.0 Safari/537.36','/comercial/compras/nueva/','POST',NULL,'2026-03-06 14:48:39.263076',1),(502,'romina','CREATE','INFO','','','','POST /comercial/compras/nueva/','190.48.208.70','Mozilla/5.0 (Windows NT 10.0; Win64; x64) AppleWebKit/537.36 (KHTML, like Gecko) Chrome/145.0.0.0 Safari/537.36','/comercial/compras/nueva/','POST',NULL,'2026-03-06 14:51:38.621672',1),(503,'admin','CREATE','INFO','','','','POST /login/','190.48.208.70','Mozilla/5.0 (Windows NT 10.0; Win64; x64) AppleWebKit/537.36 (KHTML, like Gecko) Chrome/145.0.0.0 Safari/537.36','/login/','POST',NULL,'2026-03-06 14:55:26.964463',2),(504,'romina','CREATE','INFO','','','','POST /security/backups/','190.48.208.70','Mozilla/5.0 (Windows NT 10.0; Win64; x64) AppleWebKit/537.36 (KHTML, like Gecko) Chrome/145.0.0.0 Safari/537.36','/security/backups/','POST',NULL,'2026-03-06 14:56:09.018790',1),(505,'romina','CREATE','INFO','','','','POST /security/backups/','190.48.208.70','Mozilla/5.0 (Windows NT 10.0; Win64; x64) AppleWebKit/537.36 (KHTML, like Gecko) Chrome/145.0.0.0 Safari/537.36','/security/backups/','POST',NULL,'2026-03-06 14:56:36.221118',1),(506,'romina','CREATE','INFO','','','','POST /security/backups/create/','190.48.208.70','Mozilla/5.0 (Windows NT 10.0; Win64; x64) AppleWebKit/537.36 (KHTML, like Gecko) Chrome/145.0.0.0 Safari/537.36','/security/backups/create/','POST',NULL,'2026-03-06 14:57:03.664744',1),(507,'Anonymous','CREATE','INFO','','','','POST /login/','190.48.208.70','Mozilla/5.0 (Windows NT 10.0; Win64; x64) AppleWebKit/537.36 (KHTML, like Gecko) Chrome/145.0.0.0 Safari/537.36','/login/','POST',NULL,'2026-03-06 14:58:22.215328',NULL),(508,'admin','CREATE','INFO','','','','POST /login/','190.48.208.70','Mozilla/5.0 (Windows NT 10.0; Win64; x64) AppleWebKit/537.36 (KHTML, like Gecko) Chrome/145.0.0.0 Safari/537.36','/login/','POST',NULL,'2026-03-06 14:58:31.839284',2),(509,'admin','CREATE','INFO','','','','POST /comercial/ventas/73/eliminar/','190.48.208.70','Mozilla/5.0 (Windows NT 10.0; Win64; x64) AppleWebKit/537.36 (KHTML, like Gecko) Chrome/145.0.0.0 Safari/537.36','/comercial/ventas/73/eliminar/','POST',NULL,'2026-03-06 14:58:51.882909',2),(510,'admin','CREATE','INFO','','','','POST /comercial/ventas/44/editar/','190.48.208.70','Mozilla/5.0 (Windows NT 10.0; Win64; x64) AppleWebKit/537.36 (KHTML, like Gecko) Chrome/145.0.0.0 Safari/537.36','/comercial/ventas/44/editar/','POST',NULL,'2026-03-06 14:59:59.469361',2),(511,'admin','CREATE','INFO','','','','POST /comercial/ventas/44/pago/','190.48.208.70','Mozilla/5.0 (Windows NT 10.0; Win64; x64) AppleWebKit/537.36 (KHTML, like Gecko) Chrome/145.0.0.0 Safari/537.36','/comercial/ventas/44/pago/','POST',NULL,'2026-03-06 15:00:24.817939',2),(512,'admin','CREATE','INFO','','','','POST /comercial/ventas/36/pago/','190.48.208.70','Mozilla/5.0 (Windows NT 10.0; Win64; x64) AppleWebKit/537.36 (KHTML, like Gecko) Chrome/145.0.0.0 Safari/537.36','/comercial/ventas/36/pago/','POST',NULL,'2026-03-06 15:02:21.323868',2),(513,'admin','CREATE','INFO','','','','POST /comercial/clientes/16/editar/','190.48.208.70','Mozilla/5.0 (Windows NT 10.0; Win64; x64) AppleWebKit/537.36 (KHTML, like Gecko) Chrome/145.0.0.0 Safari/537.36','/comercial/clientes/16/editar/','POST',NULL,'2026-03-06 15:04:20.317207',2),(514,'admin','CREATE','INFO','','','','POST /comercial/ventas/15/pago/','190.48.208.70','Mozilla/5.0 (Windows NT 10.0; Win64; x64) AppleWebKit/537.36 (KHTML, like Gecko) Chrome/145.0.0.0 Safari/537.36','/comercial/ventas/15/pago/','POST',NULL,'2026-03-06 15:05:22.639098',2),(515,'admin','CREATE','INFO','','','','POST /comercial/ventas/15/pago/','190.48.208.70','Mozilla/5.0 (Windows NT 10.0; Win64; x64) AppleWebKit/537.36 (KHTML, like Gecko) Chrome/145.0.0.0 Safari/537.36','/comercial/ventas/15/pago/','POST',NULL,'2026-03-06 15:05:23.030276',2),(516,'admin','CREATE','INFO','','','','POST /comercial/ventas/15/editar/','190.48.208.70','Mozilla/5.0 (Windows NT 10.0; Win64; x64) AppleWebKit/537.36 (KHTML, like Gecko) Chrome/145.0.0.0 Safari/537.36','/comercial/ventas/15/editar/','POST',NULL,'2026-03-06 15:06:15.688849',2),(517,'admin','CREATE','INFO','','','','POST /comercial/ventas/36/editar/','190.48.208.70','Mozilla/5.0 (Windows NT 10.0; Win64; x64) AppleWebKit/537.36 (KHTML, like Gecko) Chrome/145.0.0.0 Safari/537.36','/comercial/ventas/36/editar/','POST',NULL,'2026-03-06 15:06:49.028124',2),(518,'admin','CREATE','INFO','','','','POST /comercial/ventas/44/editar/','190.48.208.70','Mozilla/5.0 (Windows NT 10.0; Win64; x64) AppleWebKit/537.36 (KHTML, like Gecko) Chrome/145.0.0.0 Safari/537.36','/comercial/ventas/44/editar/','POST',NULL,'2026-03-06 15:07:22.591254',2),(519,'admin','CREATE','INFO','','','','POST /comercial/reportes/','190.48.208.70','Mozilla/5.0 (Windows NT 10.0; Win64; x64) AppleWebKit/537.36 (KHTML, like Gecko) Chrome/145.0.0.0 Safari/537.36','/comercial/reportes/','POST',NULL,'2026-03-06 15:08:01.137843',2),(520,'admin','CREATE','INFO','','','','POST /login/','190.48.208.70','Mozilla/5.0 (Windows NT 10.0; Win64; x64) AppleWebKit/537.36 (KHTML, like Gecko) Chrome/145.0.0.0 Safari/537.36','/login/','POST',NULL,'2026-03-06 15:30:15.366637',2),(521,'admin','CREATE','INFO','','','','POST /comercial/ventas/58/pago/','190.48.208.70','Mozilla/5.0 (Windows NT 10.0; Win64; x64) AppleWebKit/537.36 (KHTML, like Gecko) Chrome/145.0.0.0 Safari/537.36','/comercial/ventas/58/pago/','POST',NULL,'2026-03-06 16:02:49.937888',2),(522,'admin','CREATE','INFO','','','','POST /comercial/api/pago/41/eliminar/','190.48.208.70','Mozilla/5.0 (Windows NT 10.0; Win64; x64) AppleWebKit/537.36 (KHTML, like Gecko) Chrome/145.0.0.0 Safari/537.36','/comercial/api/pago/41/eliminar/','POST',NULL,'2026-03-06 16:03:16.561467',2),(523,'admin','CREATE','INFO','','','','POST /login/','190.48.208.70','Mozilla/5.0 (Windows NT 10.0; Win64; x64) AppleWebKit/537.36 (KHTML, like Gecko) Chrome/145.0.0.0 Safari/537.36','/login/','POST',NULL,'2026-03-06 16:03:25.916927',2),(524,'admin','CREATE','INFO','','','','POST /comercial/ventas/nueva/','190.48.208.70','Mozilla/5.0 (Windows NT 10.0; Win64; x64) AppleWebKit/537.36 (KHTML, like Gecko) Chrome/145.0.0.0 Safari/537.36','/comercial/ventas/nueva/','POST',NULL,'2026-03-06 16:03:58.169874',2),(525,'admin','CREATE','INFO','','','','POST /comercial/ventas/85/pago/','190.48.208.70','Mozilla/5.0 (Windows NT 10.0; Win64; x64) AppleWebKit/537.36 (KHTML, like Gecko) Chrome/145.0.0.0 Safari/537.36','/comercial/ventas/85/pago/','POST',NULL,'2026-03-06 16:04:09.844637',2),(526,'admin','CREATE','INFO','','','','POST /comercial/api/venta/85/cambiar-estado/','190.48.208.70','Mozilla/5.0 (Windows NT 10.0; Win64; x64) AppleWebKit/537.36 (KHTML, like Gecko) Chrome/145.0.0.0 Safari/537.36','/comercial/api/venta/85/cambiar-estado/','POST',NULL,'2026-03-06 16:04:18.414934',2),(527,'admin','CREATE','INFO','','','','POST /comercial/ventas/85/eliminar/','190.48.208.70','Mozilla/5.0 (Windows NT 10.0; Win64; x64) AppleWebKit/537.36 (KHTML, like Gecko) Chrome/145.0.0.0 Safari/537.36','/comercial/ventas/85/eliminar/','POST',NULL,'2026-03-06 16:04:35.118353',2),(528,'admin','CREATE','INFO','','','','POST /comercial/ventas/56/eliminar/','190.48.208.70','Mozilla/5.0 (Windows NT 10.0; Win64; x64) AppleWebKit/537.36 (KHTML, like Gecko) Chrome/145.0.0.0 Safari/537.36','/comercial/ventas/56/eliminar/','POST',NULL,'2026-03-06 16:35:40.647787',2),(529,'admin','CREATE','INFO','','','','POST /login/','190.48.208.70','Mozilla/5.0 (Windows NT 10.0; Win64; x64) AppleWebKit/537.36 (KHTML, like Gecko) Chrome/145.0.0.0 Safari/537.36','/login/','POST',NULL,'2026-03-06 16:35:43.432802',2),(530,'admin','CREATE','INFO','','','','POST /admin-usuarios/usuarios/nuevo/','190.48.208.70','Mozilla/5.0 (Windows NT 10.0; Win64; x64) AppleWebKit/537.36 (KHTML, like Gecko) Chrome/145.0.0.0 Safari/537.36','/admin-usuarios/usuarios/nuevo/','POST',NULL,'2026-03-06 16:36:17.475631',2),(531,'admin','CREATE','INFO','','','','POST /comercial/ventas/9/editar/','190.48.208.70','Mozilla/5.0 (Windows NT 10.0; Win64; x64) AppleWebKit/537.36 (KHTML, like Gecko) Chrome/145.0.0.0 Safari/537.36','/comercial/ventas/9/editar/','POST',NULL,'2026-03-06 16:36:51.724192',2),(532,'admin','CREATE','INFO','','','','POST /comercial/ventas/9/pago/','190.48.208.70','Mozilla/5.0 (Windows NT 10.0; Win64; x64) AppleWebKit/537.36 (KHTML, like Gecko) Chrome/145.0.0.0 Safari/537.36','/comercial/ventas/9/pago/','POST',NULL,'2026-03-06 16:37:25.109564',2),(533,'Dario','CREATE','INFO','','','','POST /login/','190.48.208.70','Mozilla/5.0 (Windows NT 10.0; Win64; x64) AppleWebKit/537.36 (KHTML, like Gecko) Chrome/145.0.0.0 Safari/537.36','/login/','POST',NULL,'2026-03-06 16:38:23.116980',5),(534,'admin','CREATE','INFO','','','','POST /admin-usuarios/usuarios/5/editar/','190.48.208.70','Mozilla/5.0 (Windows NT 10.0; Win64; x64) AppleWebKit/537.36 (KHTML, like Gecko) Chrome/145.0.0.0 Safari/537.36','/admin-usuarios/usuarios/5/editar/','POST',NULL,'2026-03-06 16:39:21.078019',2),(535,'Dario','CREATE','INFO','','','','POST /pricing/config/extrusoras/nueva/','190.48.208.70','Mozilla/5.0 (Windows NT 10.0; Win64; x64) AppleWebKit/537.36 (KHTML, like Gecko) Chrome/145.0.0.0 Safari/537.36','/pricing/config/extrusoras/nueva/','POST',NULL,'2026-03-06 16:40:26.382653',5),(536,'Dario','CREATE','INFO','','','','POST /pricing/config/lineas/nueva/','190.48.208.70','Mozilla/5.0 (Windows NT 10.0; Win64; x64) AppleWebKit/537.36 (KHTML, like Gecko) Chrome/145.0.0.0 Safari/537.36','/pricing/config/lineas/nueva/','POST',NULL,'2026-03-06 16:41:01.283372',5),(537,'admin','CREATE','INFO','','','','POST /login/','190.48.208.70','Mozilla/5.0 (Windows NT 10.0; Win64; x64) AppleWebKit/537.36 (KHTML, like Gecko) Chrome/145.0.0.0 Safari/537.36','/login/','POST',NULL,'2026-03-06 16:41:16.930477',2),(538,'admin','CREATE','INFO','','','','POST /pricing/config/productos/nuevo/','190.48.208.70','Mozilla/5.0 (Windows NT 10.0; Win64; x64) AppleWebKit/537.36 (KHTML, like Gecko) Chrome/145.0.0.0 Safari/537.36','/pricing/config/productos/nuevo/','POST',NULL,'2026-03-06 16:43:41.326899',2),(539,'admin','CREATE','INFO','','','','POST /login/','190.48.208.70','Mozilla/5.0 (Windows NT 10.0; Win64; x64) AppleWebKit/537.36 (KHTML, like Gecko) Chrome/145.0.0.0 Safari/537.36','/login/','POST',NULL,'2026-03-06 17:13:56.021038',2),(540,'admin','CREATE','INFO','','','','POST /comercial/ventas/79/editar/','190.48.208.70','Mozilla/5.0 (Windows NT 10.0; Win64; x64) AppleWebKit/537.36 (KHTML, like Gecko) Chrome/145.0.0.0 Safari/537.36','/comercial/ventas/79/editar/','POST',NULL,'2026-03-06 17:32:10.530404',2),(541,'admin','CREATE','INFO','','','','POST /comercial/ventas/79/editar/','190.48.208.70','Mozilla/5.0 (Windows NT 10.0; Win64; x64) AppleWebKit/537.36 (KHTML, like Gecko) Chrome/145.0.0.0 Safari/537.36','/comercial/ventas/79/editar/','POST',NULL,'2026-03-06 17:33:11.722149',2),(542,'admin','CREATE','INFO','','','','POST /pricing/config/perfiles/nuevo/','190.48.208.70','Mozilla/5.0 (Windows NT 10.0; Win64; x64) AppleWebKit/537.36 (KHTML, like Gecko) Chrome/145.0.0.0 Safari/537.36','/pricing/config/perfiles/nuevo/','POST',NULL,'2026-03-06 17:34:11.715985',2),(543,'admin','CREATE','INFO','','','','POST /pricing/config/perfiles/nuevo/','190.48.208.70','Mozilla/5.0 (Windows NT 10.0; Win64; x64) AppleWebKit/537.36 (KHTML, like Gecko) Chrome/145.0.0.0 Safari/537.36','/pricing/config/perfiles/nuevo/','POST',NULL,'2026-03-06 17:34:30.882022',2),(544,'admin','CREATE','INFO','','','','POST /pricing/config/perfiles/nuevo/','190.48.208.70','Mozilla/5.0 (Windows NT 10.0; Win64; x64) AppleWebKit/537.36 (KHTML, like Gecko) Chrome/145.0.0.0 Safari/537.36','/pricing/config/perfiles/nuevo/','POST',NULL,'2026-03-06 17:35:10.462171',2),(545,'admin','CREATE','INFO','','','','POST /pricing/config/perfiles/nuevo/','190.48.208.70','Mozilla/5.0 (Windows NT 10.0; Win64; x64) AppleWebKit/537.36 (KHTML, like Gecko) Chrome/145.0.0.0 Safari/537.36','/pricing/config/perfiles/nuevo/','POST',NULL,'2026-03-06 17:35:13.292308',2),(546,'admin','CREATE','INFO','','','','POST /pricing/config/perfiles/nuevo/','190.48.208.70','Mozilla/5.0 (Windows NT 10.0; Win64; x64) AppleWebKit/537.36 (KHTML, like Gecko) Chrome/145.0.0.0 Safari/537.36','/pricing/config/perfiles/nuevo/','POST',NULL,'2026-03-06 17:35:16.217027',2),(547,'admin','CREATE','INFO','','','','POST /pricing/config/perfiles/nuevo/','190.48.208.70','Mozilla/5.0 (Windows NT 10.0; Win64; x64) AppleWebKit/537.36 (KHTML, like Gecko) Chrome/145.0.0.0 Safari/537.36','/pricing/config/perfiles/nuevo/','POST',NULL,'2026-03-06 17:35:21.415080',2),(548,'admin','CREATE','INFO','','','','POST /pricing/config/perfiles/nuevo/','190.48.208.70','Mozilla/5.0 (Windows NT 10.0; Win64; x64) AppleWebKit/537.36 (KHTML, like Gecko) Chrome/145.0.0.0 Safari/537.36','/pricing/config/perfiles/nuevo/','POST',NULL,'2026-03-06 17:37:12.861309',2),(549,'admin','CREATE','INFO','','','','POST /comercial/ventas/nueva/','190.48.208.70','Mozilla/5.0 (Windows NT 10.0; Win64; x64) AppleWebKit/537.36 (KHTML, like Gecko) Chrome/145.0.0.0 Safari/537.36','/comercial/ventas/nueva/','POST',NULL,'2026-03-06 17:37:19.958656',2),(550,'admin','CREATE','INFO','','','','POST /comercial/api/venta/86/editar-fecha-sena/','190.48.208.70','Mozilla/5.0 (Windows NT 10.0; Win64; x64) AppleWebKit/537.36 (KHTML, like Gecko) Chrome/145.0.0.0 Safari/537.36','/comercial/api/venta/86/editar-fecha-sena/','POST',NULL,'2026-03-06 17:37:47.353735',2),(551,'admin','CREATE','INFO','','','','POST /comercial/ventas/86/editar/','190.48.208.70','Mozilla/5.0 (Windows NT 10.0; Win64; x64) AppleWebKit/537.36 (KHTML, like Gecko) Chrome/145.0.0.0 Safari/537.36','/comercial/ventas/86/editar/','POST',NULL,'2026-03-06 17:38:10.485855',2),(552,'admin','CREATE','INFO','','','','POST /comercial/ventas/nueva/','190.48.208.70','Mozilla/5.0 (Windows NT 10.0; Win64; x64) AppleWebKit/537.36 (KHTML, like Gecko) Chrome/145.0.0.0 Safari/537.36','/comercial/ventas/nueva/','POST',NULL,'2026-03-06 17:39:14.093340',2),(553,'admin','CREATE','INFO','','','','POST /comercial/ventas/nueva/','190.48.208.70','Mozilla/5.0 (Windows NT 10.0; Win64; x64) AppleWebKit/537.36 (KHTML, like Gecko) Chrome/145.0.0.0 Safari/537.36','/comercial/ventas/nueva/','POST',NULL,'2026-03-06 17:40:07.636497',2),(554,'admin','CREATE','INFO','','','','POST /comercial/ventas/nueva/','190.48.208.70','Mozilla/5.0 (Windows NT 10.0; Win64; x64) AppleWebKit/537.36 (KHTML, like Gecko) Chrome/145.0.0.0 Safari/537.36','/comercial/ventas/nueva/','POST',NULL,'2026-03-06 17:41:05.984268',2),(555,'admin','CREATE','INFO','','','','POST /comercial/clientes/44/editar/','190.48.208.70','Mozilla/5.0 (Windows NT 10.0; Win64; x64) AppleWebKit/537.36 (KHTML, like Gecko) Chrome/145.0.0.0 Safari/537.36','/comercial/clientes/44/editar/','POST',NULL,'2026-03-06 17:42:35.654318',2),(556,'admin','CREATE','INFO','','','','POST /comercial/ventas/49/editar/','190.48.208.70','Mozilla/5.0 (Windows NT 10.0; Win64; x64) AppleWebKit/537.36 (KHTML, like Gecko) Chrome/145.0.0.0 Safari/537.36','/comercial/ventas/49/editar/','POST',NULL,'2026-03-06 17:44:24.120801',2),(557,'admin','CREATE','INFO','','','','POST /comercial/ventas/42/pago/','190.48.208.70','Mozilla/5.0 (Windows NT 10.0; Win64; x64) AppleWebKit/537.36 (KHTML, like Gecko) Chrome/145.0.0.0 Safari/537.36','/comercial/ventas/42/pago/','POST',NULL,'2026-03-06 17:46:33.415827',2),(558,'admin','CREATE','INFO','','','','POST /login/','190.48.208.70','Mozilla/5.0 (Windows NT 10.0; Win64; x64) AppleWebKit/537.36 (KHTML, like Gecko) Chrome/145.0.0.0 Safari/537.36','/login/','POST',NULL,'2026-03-06 17:46:37.178905',2),(559,'admin','CREATE','INFO','','','','POST /pricing/config/marcos/nuevo/','190.48.208.70','Mozilla/5.0 (Windows NT 10.0; Win64; x64) AppleWebKit/537.36 (KHTML, like Gecko) Chrome/145.0.0.0 Safari/537.36','/pricing/config/marcos/nuevo/','POST',NULL,'2026-03-06 17:53:23.202355',2),(560,'admin','CREATE','INFO','','','','POST /pricing/config/perfiles/6200/editar/','190.48.208.70','Mozilla/5.0 (Windows NT 10.0; Win64; x64) AppleWebKit/537.36 (KHTML, like Gecko) Chrome/145.0.0.0 Safari/537.36','/pricing/config/perfiles/6200/editar/','POST',NULL,'2026-03-06 17:55:11.051968',2),(561,'admin','CREATE','INFO','','','','POST /pricing/config/marcos/nuevo/','190.48.208.70','Mozilla/5.0 (Windows NT 10.0; Win64; x64) AppleWebKit/537.36 (KHTML, like Gecko) Chrome/145.0.0.0 Safari/537.36','/pricing/config/marcos/nuevo/','POST',NULL,'2026-03-06 17:56:19.276248',2),(562,'admin','CREATE','INFO','','','','POST /pricing/config/perfiles/nuevo/','190.48.208.70','Mozilla/5.0 (Windows NT 10.0; Win64; x64) AppleWebKit/537.36 (KHTML, like Gecko) Chrome/145.0.0.0 Safari/537.36','/pricing/config/perfiles/nuevo/','POST',NULL,'2026-03-06 17:58:53.365008',2),(563,'admin','CREATE','INFO','','','','POST /pricing/config/marcos/2/eliminar/','190.48.208.70','Mozilla/5.0 (Windows NT 10.0; Win64; x64) AppleWebKit/537.36 (KHTML, like Gecko) Chrome/145.0.0.0 Safari/537.36','/pricing/config/marcos/2/eliminar/','POST',NULL,'2026-03-06 17:59:23.528617',2),(564,'admin','CREATE','INFO','','','','POST /pricing/config/marcos/1/eliminar/','190.48.208.70','Mozilla/5.0 (Windows NT 10.0; Win64; x64) AppleWebKit/537.36 (KHTML, like Gecko) Chrome/145.0.0.0 Safari/537.36','/pricing/config/marcos/1/eliminar/','POST',NULL,'2026-03-06 17:59:28.413914',2),(565,'admin','CREATE','INFO','','','','POST /pricing/config/marcos/nuevo/','190.48.208.70','Mozilla/5.0 (Windows NT 10.0; Win64; x64) AppleWebKit/537.36 (KHTML, like Gecko) Chrome/145.0.0.0 Safari/537.36','/pricing/config/marcos/nuevo/','POST',NULL,'2026-03-06 18:00:09.226392',2),(566,'admin','CREATE','INFO','','','','POST /comercial/ventas/26/editar/','190.48.208.70','Mozilla/5.0 (Windows NT 10.0; Win64; x64) AppleWebKit/537.36 (KHTML, like Gecko) Chrome/145.0.0.0 Safari/537.36','/comercial/ventas/26/editar/','POST',NULL,'2026-03-06 18:07:27.941610',2),(567,'admin','CREATE','INFO','','','','POST /comercial/ventas/26/pago/','190.48.208.70','Mozilla/5.0 (Windows NT 10.0; Win64; x64) AppleWebKit/537.36 (KHTML, like Gecko) Chrome/145.0.0.0 Safari/537.36','/comercial/ventas/26/pago/','POST',NULL,'2026-03-06 18:08:21.042518',2),(568,'admin','CREATE','INFO','','','','POST /comercial/ventas/26/pago/','190.48.208.70','Mozilla/5.0 (Windows NT 10.0; Win64; x64) AppleWebKit/537.36 (KHTML, like Gecko) Chrome/145.0.0.0 Safari/537.36','/comercial/ventas/26/pago/','POST',NULL,'2026-03-06 18:08:42.009580',2),(569,'admin','CREATE','INFO','','','','POST /comercial/api/pago/45/editar/','190.48.208.70','Mozilla/5.0 (Windows NT 10.0; Win64; x64) AppleWebKit/537.36 (KHTML, like Gecko) Chrome/145.0.0.0 Safari/537.36','/comercial/api/pago/45/editar/','POST',NULL,'2026-03-06 18:09:29.869064',2),(570,'admin','CREATE','INFO','','','','POST /comercial/ventas/26/pago/','190.48.208.70','Mozilla/5.0 (Windows NT 10.0; Win64; x64) AppleWebKit/537.36 (KHTML, like Gecko) Chrome/145.0.0.0 Safari/537.36','/comercial/ventas/26/pago/','POST',NULL,'2026-03-06 18:09:49.105408',2),(571,'admin','CREATE','INFO','','','','POST /pricing/config/marcos/3/editar/','190.48.208.70','Mozilla/5.0 (Windows NT 10.0; Win64; x64) AppleWebKit/537.36 (KHTML, like Gecko) Chrome/145.0.0.0 Safari/537.36','/pricing/config/marcos/3/editar/','POST',NULL,'2026-03-06 18:16:33.917156',2),(572,'admin','CREATE','INFO','','','','POST /pricing/config/marcos/nuevo/','190.48.208.70','Mozilla/5.0 (Windows NT 10.0; Win64; x64) AppleWebKit/537.36 (KHTML, like Gecko) Chrome/145.0.0.0 Safari/537.36','/pricing/config/marcos/nuevo/','POST',NULL,'2026-03-06 18:18:02.725259',2),(573,'admin','CREATE','INFO','','','','POST /pricing/config/marcos/nuevo/','190.48.208.70','Mozilla/5.0 (Windows NT 10.0; Win64; x64) AppleWebKit/537.36 (KHTML, like Gecko) Chrome/145.0.0.0 Safari/537.36','/pricing/config/marcos/nuevo/','POST',NULL,'2026-03-06 18:20:02.788898',2),(574,'admin','CREATE','INFO','','','','POST /comercial/ventas/12/pago/','190.48.208.70','Mozilla/5.0 (Windows NT 10.0; Win64; x64) AppleWebKit/537.36 (KHTML, like Gecko) Chrome/145.0.0.0 Safari/537.36','/comercial/ventas/12/pago/','POST',NULL,'2026-03-06 18:20:52.546486',2),(575,'admin','CREATE','INFO','','','','POST /pricing/config/marcos/5/editar/','190.48.208.70','Mozilla/5.0 (Windows NT 10.0; Win64; x64) AppleWebKit/537.36 (KHTML, like Gecko) Chrome/145.0.0.0 Safari/537.36','/pricing/config/marcos/5/editar/','POST',NULL,'2026-03-06 18:21:51.961932',2),(576,'admin','CREATE','INFO','','','','POST /pricing/config/marcos/5/formulas/guardar/','190.48.208.70','Mozilla/5.0 (Windows NT 10.0; Win64; x64) AppleWebKit/537.36 (KHTML, like Gecko) Chrome/145.0.0.0 Safari/537.36','/pricing/config/marcos/5/formulas/guardar/','POST',NULL,'2026-03-06 18:26:17.531109',2),(577,'admin','CREATE','INFO','','','','POST /comercial/ventas/11/editar/','190.48.208.70','Mozilla/5.0 (Windows NT 10.0; Win64; x64) AppleWebKit/537.36 (KHTML, like Gecko) Chrome/145.0.0.0 Safari/537.36','/comercial/ventas/11/editar/','POST',NULL,'2026-03-06 18:35:34.869116',2),(578,'admin','CREATE','INFO','','','','POST /comercial/ventas/10/editar/','190.48.208.70','Mozilla/5.0 (Windows NT 10.0; Win64; x64) AppleWebKit/537.36 (KHTML, like Gecko) Chrome/145.0.0.0 Safari/537.36','/comercial/ventas/10/editar/','POST',NULL,'2026-03-06 18:41:08.464971',2),(579,'admin','CREATE','INFO','','','','POST /pricing/config/marcos/5/formulas/guardar/','190.48.208.70','Mozilla/5.0 (Windows NT 10.0; Win64; x64) AppleWebKit/537.36 (KHTML, like Gecko) Chrome/145.0.0.0 Safari/537.36','/pricing/config/marcos/5/formulas/guardar/','POST',NULL,'2026-03-06 18:41:52.907264',2),(580,'admin','CREATE','INFO','','','','POST /pricing/config/marcos/5/editar/','190.48.208.70','Mozilla/5.0 (Windows NT 10.0; Win64; x64) AppleWebKit/537.36 (KHTML, like Gecko) Chrome/145.0.0.0 Safari/537.36','/pricing/config/marcos/5/editar/','POST',NULL,'2026-03-06 18:41:56.777328',2),(581,'admin','CREATE','INFO','','','','POST /comercial/api/venta/10/editar-fecha-sena/','190.48.208.70','Mozilla/5.0 (Windows NT 10.0; Win64; x64) AppleWebKit/537.36 (KHTML, like Gecko) Chrome/145.0.0.0 Safari/537.36','/comercial/api/venta/10/editar-fecha-sena/','POST',NULL,'2026-03-06 18:41:59.540785',2),(582,'admin','CREATE','INFO','','','','POST /pricing/config/marcos/5/editar/','190.48.208.70','Mozilla/5.0 (Windows NT 10.0; Win64; x64) AppleWebKit/537.36 (KHTML, like Gecko) Chrome/145.0.0.0 Safari/537.36','/pricing/config/marcos/5/editar/','POST',NULL,'2026-03-06 18:42:11.802390',2),(583,'admin','CREATE','INFO','','','','POST /comercial/ventas/10/pago/','190.48.208.70','Mozilla/5.0 (Windows NT 10.0; Win64; x64) AppleWebKit/537.36 (KHTML, like Gecko) Chrome/145.0.0.0 Safari/537.36','/comercial/ventas/10/pago/','POST',NULL,'2026-03-06 18:42:30.011244',2),(584,'admin','CREATE','INFO','','','','POST /pricing/config/marcos/3/eliminar/','190.48.208.70','Mozilla/5.0 (Windows NT 10.0; Win64; x64) AppleWebKit/537.36 (KHTML, like Gecko) Chrome/145.0.0.0 Safari/537.36','/pricing/config/marcos/3/eliminar/','POST',NULL,'2026-03-06 18:44:18.312836',2),(585,'admin','CREATE','INFO','','','','POST /pricing/config/marcos/4/eliminar/','190.48.208.70','Mozilla/5.0 (Windows NT 10.0; Win64; x64) AppleWebKit/537.36 (KHTML, like Gecko) Chrome/145.0.0.0 Safari/537.36','/pricing/config/marcos/4/eliminar/','POST',NULL,'2026-03-06 18:44:21.848410',2),(586,'admin','CREATE','INFO','','','','POST /pricing/config/marcos/5/eliminar/','190.48.208.70','Mozilla/5.0 (Windows NT 10.0; Win64; x64) AppleWebKit/537.36 (KHTML, like Gecko) Chrome/145.0.0.0 Safari/537.36','/pricing/config/marcos/5/eliminar/','POST',NULL,'2026-03-06 18:44:24.813133',2),(587,'admin','CREATE','INFO','','','','POST /pricing/config/marcos/nuevo/','190.48.208.70','Mozilla/5.0 (Windows NT 10.0; Win64; x64) AppleWebKit/537.36 (KHTML, like Gecko) Chrome/145.0.0.0 Safari/537.36','/pricing/config/marcos/nuevo/','POST',NULL,'2026-03-06 18:46:00.083667',2),(588,'admin','CREATE','INFO','','','','POST /login/','190.48.208.70','Mozilla/5.0 (Windows NT 10.0; Win64; x64) AppleWebKit/537.36 (KHTML, like Gecko) Chrome/145.0.0.0 Safari/537.36','/login/','POST',NULL,'2026-03-06 18:50:40.307657',2),(589,'admin','CREATE','INFO','','','','POST /login/','190.48.208.70','Mozilla/5.0 (Windows NT 10.0; Win64; x64) AppleWebKit/537.36 (KHTML, like Gecko) Chrome/145.0.0.0 Safari/537.36','/login/','POST',NULL,'2026-03-06 18:50:41.150813',2),(590,'admin','CREATE','INFO','','','','POST /comercial/ventas/8/editar/','190.48.208.70','Mozilla/5.0 (Windows NT 10.0; Win64; x64) AppleWebKit/537.36 (KHTML, like Gecko) Chrome/145.0.0.0 Safari/537.36','/comercial/ventas/8/editar/','POST',NULL,'2026-03-06 18:52:38.842940',2),(591,'admin','CREATE','INFO','','','','POST /comercial/ventas/8/pago/','190.48.208.70','Mozilla/5.0 (Windows NT 10.0; Win64; x64) AppleWebKit/537.36 (KHTML, like Gecko) Chrome/145.0.0.0 Safari/537.36','/comercial/ventas/8/pago/','POST',NULL,'2026-03-06 18:53:23.042957',2),(592,'admin','CREATE','INFO','','','','POST /comercial/ventas/7/editar/','190.48.208.70','Mozilla/5.0 (Windows NT 10.0; Win64; x64) AppleWebKit/537.36 (KHTML, like Gecko) Chrome/145.0.0.0 Safari/537.36','/comercial/ventas/7/editar/','POST',NULL,'2026-03-06 18:56:25.648641',2),(593,'admin','CREATE','INFO','','','','POST /comercial/ventas/7/pago/','190.48.208.70','Mozilla/5.0 (Windows NT 10.0; Win64; x64) AppleWebKit/537.36 (KHTML, like Gecko) Chrome/145.0.0.0 Safari/537.36','/comercial/ventas/7/pago/','POST',NULL,'2026-03-06 18:56:52.335080',2),(594,'Anonymous','CREATE','INFO','','','','POST /pricing/api/pricing/calculate/','190.48.208.70','Mozilla/5.0 (Windows NT 10.0; Win64; x64) AppleWebKit/537.36 (KHTML, like Gecko) Chrome/145.0.0.0 Safari/537.36','/pricing/api/pricing/calculate/','POST',NULL,'2026-03-06 19:00:55.636758',NULL),(595,'admin','CREATE','INFO','','','','POST /pricing/api/pricing/calculate/','190.48.208.70','Mozilla/5.0 (Windows NT 10.0; Win64; x64) AppleWebKit/537.36 (KHTML, like Gecko) Chrome/145.0.0.0 Safari/537.36','/pricing/api/pricing/calculate/','POST',NULL,'2026-03-06 19:01:59.444027',2),(596,'admin','CREATE','INFO','','','','POST /pricing/api/pricing/calculate/','190.48.208.70','Mozilla/5.0 (Windows NT 10.0; Win64; x64) AppleWebKit/537.36 (KHTML, like Gecko) Chrome/145.0.0.0 Safari/537.36','/pricing/api/pricing/calculate/','POST',NULL,'2026-03-06 19:02:53.384098',2),(597,'admin','CREATE','INFO','','','','POST /pricing/api/pricing/calculate/','190.48.208.70','Mozilla/5.0 (Windows NT 10.0; Win64; x64) AppleWebKit/537.36 (KHTML, like Gecko) Chrome/145.0.0.0 Safari/537.36','/pricing/api/pricing/calculate/','POST',NULL,'2026-03-06 19:04:08.393276',2),(598,'admin','CREATE','INFO','','','','POST /pricing/api/pricing/calculate/','190.48.208.70','Mozilla/5.0 (Windows NT 10.0; Win64; x64) AppleWebKit/537.36 (KHTML, like Gecko) Chrome/145.0.0.0 Safari/537.36','/pricing/api/pricing/calculate/','POST',NULL,'2026-03-06 19:07:52.835968',2),(599,'admin','CREATE','INFO','','','','POST /pricing/api/pricing/calculate/','190.48.208.70','Mozilla/5.0 (Windows NT 10.0; Win64; x64) AppleWebKit/537.36 (KHTML, like Gecko) Chrome/145.0.0.0 Safari/537.36','/pricing/api/pricing/calculate/','POST',NULL,'2026-03-06 19:13:16.090973',2),(600,'admin','CREATE','INFO','','','','POST /pricing/api/pricing/calculate/','190.48.208.70','Mozilla/5.0 (Windows NT 10.0; Win64; x64) AppleWebKit/537.36 (KHTML, like Gecko) Chrome/145.0.0.0 Safari/537.36','/pricing/api/pricing/calculate/','POST',NULL,'2026-03-06 19:14:42.871191',2),(601,'admin','CREATE','INFO','','','','POST /comercial/ventas/24/editar/','190.48.208.70','Mozilla/5.0 (Windows NT 10.0; Win64; x64) AppleWebKit/537.36 (KHTML, like Gecko) Chrome/145.0.0.0 Safari/537.36','/comercial/ventas/24/editar/','POST',NULL,'2026-03-06 19:14:53.823096',2),(602,'admin','CREATE','INFO','','','','POST /comercial/ventas/24/pago/','190.48.208.70','Mozilla/5.0 (Windows NT 10.0; Win64; x64) AppleWebKit/537.36 (KHTML, like Gecko) Chrome/145.0.0.0 Safari/537.36','/comercial/ventas/24/pago/','POST',NULL,'2026-03-06 19:15:21.771636',2),(603,'admin','CREATE','INFO','','','','POST /comercial/ventas/24/pago/','190.48.208.70','Mozilla/5.0 (Windows NT 10.0; Win64; x64) AppleWebKit/537.36 (KHTML, like Gecko) Chrome/145.0.0.0 Safari/537.36','/comercial/ventas/24/pago/','POST',NULL,'2026-03-06 19:15:45.176025',2),(604,'admin','CREATE','INFO','','','','POST /comercial/api/venta/24/cambiar-estado/','190.48.208.70','Mozilla/5.0 (Windows NT 10.0; Win64; x64) AppleWebKit/537.36 (KHTML, like Gecko) Chrome/145.0.0.0 Safari/537.36','/comercial/api/venta/24/cambiar-estado/','POST',NULL,'2026-03-06 19:15:47.467378',2),(605,'admin','CREATE','INFO','','','','POST /pricing/api/pricing/calculate/','190.48.208.70','Mozilla/5.0 (Windows NT 10.0; Win64; x64) AppleWebKit/537.36 (KHTML, like Gecko) Chrome/145.0.0.0 Safari/537.36','/pricing/api/pricing/calculate/','POST',NULL,'2026-03-06 19:17:24.942812',2),(606,'admin','CREATE','INFO','','','','POST /comercial/ventas/23/editar/','190.48.208.70','Mozilla/5.0 (Windows NT 10.0; Win64; x64) AppleWebKit/537.36 (KHTML, like Gecko) Chrome/145.0.0.0 Safari/537.36','/comercial/ventas/23/editar/','POST',NULL,'2026-03-06 19:18:19.029824',2),(607,'admin','CREATE','INFO','','','','POST /comercial/ventas/23/editar/','190.48.208.70','Mozilla/5.0 (Windows NT 10.0; Win64; x64) AppleWebKit/537.36 (KHTML, like Gecko) Chrome/145.0.0.0 Safari/537.36','/comercial/ventas/23/editar/','POST',NULL,'2026-03-06 19:18:19.411097',2),(608,'admin','CREATE','INFO','','','','POST /comercial/ventas/23/pago/','190.48.208.70','Mozilla/5.0 (Windows NT 10.0; Win64; x64) AppleWebKit/537.36 (KHTML, like Gecko) Chrome/145.0.0.0 Safari/537.36','/comercial/ventas/23/pago/','POST',NULL,'2026-03-06 19:18:35.403937',2),(609,'admin','CREATE','INFO','','','','POST /comercial/api/venta/23/cambiar-estado/','190.48.208.70','Mozilla/5.0 (Windows NT 10.0; Win64; x64) AppleWebKit/537.36 (KHTML, like Gecko) Chrome/145.0.0.0 Safari/537.36','/comercial/api/venta/23/cambiar-estado/','POST',NULL,'2026-03-06 19:18:37.230707',2),(610,'admin','CREATE','INFO','','','','POST /pricing/api/pricing/calculate/','190.48.208.70','Mozilla/5.0 (Windows NT 10.0; Win64; x64) AppleWebKit/537.36 (KHTML, like Gecko) Chrome/145.0.0.0 Safari/537.36','/pricing/api/pricing/calculate/','POST',NULL,'2026-03-06 19:20:00.483912',2),(611,'admin','CREATE','INFO','','','','POST /login/','190.48.208.70','Mozilla/5.0 (Windows NT 10.0; Win64; x64) AppleWebKit/537.36 (KHTML, like Gecko) Chrome/145.0.0.0 Safari/537.36','/login/','POST',NULL,'2026-03-06 19:22:06.832992',2),(612,'admin','CREATE','INFO','','','','POST /pricing/api/pricing/calculate/','190.48.208.70','Mozilla/5.0 (Windows NT 10.0; Win64; x64) AppleWebKit/537.36 (KHTML, like Gecko) Chrome/145.0.0.0 Safari/537.36','/pricing/api/pricing/calculate/','POST',NULL,'2026-03-06 19:27:00.459072',2),(613,'admin','CREATE','INFO','','','','POST /login/','190.48.208.70','Mozilla/5.0 (Windows NT 10.0; Win64; x64) AppleWebKit/537.36 (KHTML, like Gecko) Chrome/145.0.0.0 Safari/537.36','/login/','POST',NULL,'2026-03-06 19:40:55.844885',2),(614,'admin','CREATE','INFO','','','','POST /comercial/clientes/nuevo/','190.48.208.70','Mozilla/5.0 (Windows NT 10.0; Win64; x64) AppleWebKit/537.36 (KHTML, like Gecko) Chrome/145.0.0.0 Safari/537.36','/comercial/clientes/nuevo/','POST',NULL,'2026-03-06 19:41:36.475367',2),(615,'admin','CREATE','INFO','','','','POST /comercial/ventas/nueva/','190.48.208.70','Mozilla/5.0 (Windows NT 10.0; Win64; x64) AppleWebKit/537.36 (KHTML, like Gecko) Chrome/145.0.0.0 Safari/537.36','/comercial/ventas/nueva/','POST',NULL,'2026-03-06 19:43:45.490400',2),(616,'admin','CREATE','INFO','','','','POST /comercial/ventas/nueva/','190.48.208.70','Mozilla/5.0 (Windows NT 10.0; Win64; x64) AppleWebKit/537.36 (KHTML, like Gecko) Chrome/145.0.0.0 Safari/537.36','/comercial/ventas/nueva/','POST',NULL,'2026-03-06 19:43:56.630326',2),(617,'admin','CREATE','INFO','','','','POST /comercial/clientes/nuevo/','190.48.208.70','Mozilla/5.0 (Windows NT 10.0; Win64; x64) AppleWebKit/537.36 (KHTML, like Gecko) Chrome/145.0.0.0 Safari/537.36','/comercial/clientes/nuevo/','POST',NULL,'2026-03-06 19:48:11.890222',2),(618,'admin','CREATE','INFO','','','','POST /comercial/ventas/nueva/','190.48.208.70','Mozilla/5.0 (Windows NT 10.0; Win64; x64) AppleWebKit/537.36 (KHTML, like Gecko) Chrome/145.0.0.0 Safari/537.36','/comercial/ventas/nueva/','POST',NULL,'2026-03-06 19:51:12.183744',2),(619,'admin','CREATE','INFO','','','','POST /comercial/clientes/nuevo/','190.48.208.70','Mozilla/5.0 (Windows NT 10.0; Win64; x64) AppleWebKit/537.36 (KHTML, like Gecko) Chrome/145.0.0.0 Safari/537.36','/comercial/clientes/nuevo/','POST',NULL,'2026-03-06 19:52:50.453005',2),(620,'admin','CREATE','INFO','','','','POST /comercial/ventas/nueva/','190.48.208.70','Mozilla/5.0 (Windows NT 10.0; Win64; x64) AppleWebKit/537.36 (KHTML, like Gecko) Chrome/145.0.0.0 Safari/537.36','/comercial/ventas/nueva/','POST',NULL,'2026-03-06 19:56:21.295043',2),(621,'admin','CREATE','INFO','','','','POST /comercial/ventas/91/editar/','190.48.208.70','Mozilla/5.0 (Windows NT 10.0; Win64; x64) AppleWebKit/537.36 (KHTML, like Gecko) Chrome/145.0.0.0 Safari/537.36','/comercial/ventas/91/editar/','POST',NULL,'2026-03-06 19:57:38.202151',2),(622,'admin','CREATE','INFO','','','','POST /comercial/ventas/72/editar/','190.48.208.70','Mozilla/5.0 (Windows NT 10.0; Win64; x64) AppleWebKit/537.36 (KHTML, like Gecko) Chrome/145.0.0.0 Safari/537.36','/comercial/ventas/72/editar/','POST',NULL,'2026-03-06 19:59:04.608876',2),(623,'admin','CREATE','INFO','','','','POST /comercial/clientes/nuevo/','190.48.208.70','Mozilla/5.0 (Windows NT 10.0; Win64; x64) AppleWebKit/537.36 (KHTML, like Gecko) Chrome/145.0.0.0 Safari/537.36','/comercial/clientes/nuevo/','POST',NULL,'2026-03-06 19:59:56.030742',2),(624,'admin','CREATE','INFO','','','','POST /comercial/ventas/nueva/','190.48.208.70','Mozilla/5.0 (Windows NT 10.0; Win64; x64) AppleWebKit/537.36 (KHTML, like Gecko) Chrome/145.0.0.0 Safari/537.36','/comercial/ventas/nueva/','POST',NULL,'2026-03-06 20:00:55.052076',2),(625,'admin','CREATE','INFO','','','','POST /comercial/clientes/nuevo/','190.48.208.70','Mozilla/5.0 (Windows NT 10.0; Win64; x64) AppleWebKit/537.36 (KHTML, like Gecko) Chrome/145.0.0.0 Safari/537.36','/comercial/clientes/nuevo/','POST',NULL,'2026-03-06 20:02:03.038962',2),(626,'admin','CREATE','INFO','','','','POST /comercial/ventas/nueva/','190.48.208.70','Mozilla/5.0 (Windows NT 10.0; Win64; x64) AppleWebKit/537.36 (KHTML, like Gecko) Chrome/145.0.0.0 Safari/537.36','/comercial/ventas/nueva/','POST',NULL,'2026-03-06 20:02:53.939181',2),(627,'admin','CREATE','INFO','','','','POST /comercial/clientes/nuevo/','190.48.208.70','Mozilla/5.0 (Windows NT 10.0; Win64; x64) AppleWebKit/537.36 (KHTML, like Gecko) Chrome/145.0.0.0 Safari/537.36','/comercial/clientes/nuevo/','POST',NULL,'2026-03-06 20:04:45.105155',2),(628,'admin','CREATE','INFO','','','','POST /comercial/ventas/nueva/','190.48.208.70','Mozilla/5.0 (Windows NT 10.0; Win64; x64) AppleWebKit/537.36 (KHTML, like Gecko) Chrome/145.0.0.0 Safari/537.36','/comercial/ventas/nueva/','POST',NULL,'2026-03-06 20:07:06.375974',2),(629,'admin','CREATE','INFO','','','','POST /comercial/ventas/80/editar/','190.48.208.70','Mozilla/5.0 (Windows NT 10.0; Win64; x64) AppleWebKit/537.36 (KHTML, like Gecko) Chrome/145.0.0.0 Safari/537.36','/comercial/ventas/80/editar/','POST',NULL,'2026-03-06 20:08:01.559472',2),(630,'admin','CREATE','INFO','','','','POST /comercial/clientes/nuevo/','190.48.208.70','Mozilla/5.0 (Windows NT 10.0; Win64; x64) AppleWebKit/537.36 (KHTML, like Gecko) Chrome/145.0.0.0 Safari/537.36','/comercial/clientes/nuevo/','POST',NULL,'2026-03-06 20:08:47.438372',2),(631,'admin','CREATE','INFO','','','','POST /comercial/ventas/nueva/','190.48.208.70','Mozilla/5.0 (Windows NT 10.0; Win64; x64) AppleWebKit/537.36 (KHTML, like Gecko) Chrome/145.0.0.0 Safari/537.36','/comercial/ventas/nueva/','POST',NULL,'2026-03-06 20:09:42.088873',2),(632,'admin','CREATE','INFO','','','','POST /comercial/clientes/nuevo/','190.48.208.70','Mozilla/5.0 (Windows NT 10.0; Win64; x64) AppleWebKit/537.36 (KHTML, like Gecko) Chrome/145.0.0.0 Safari/537.36','/comercial/clientes/nuevo/','POST',NULL,'2026-03-06 20:11:33.066563',2),(633,'admin','CREATE','INFO','','','','POST /comercial/ventas/nueva/','190.48.208.70','Mozilla/5.0 (Windows NT 10.0; Win64; x64) AppleWebKit/537.36 (KHTML, like Gecko) Chrome/145.0.0.0 Safari/537.36','/comercial/ventas/nueva/','POST',NULL,'2026-03-06 20:12:27.275401',2),(634,'admin','CREATE','INFO','','','','POST /comercial/clientes/nuevo/','190.48.208.70','Mozilla/5.0 (Windows NT 10.0; Win64; x64) AppleWebKit/537.36 (KHTML, like Gecko) Chrome/145.0.0.0 Safari/537.36','/comercial/clientes/nuevo/','POST',NULL,'2026-03-06 20:14:34.527061',2),(635,'admin','CREATE','INFO','','','','POST /comercial/ventas/nueva/','190.48.208.70','Mozilla/5.0 (Windows NT 10.0; Win64; x64) AppleWebKit/537.36 (KHTML, like Gecko) Chrome/145.0.0.0 Safari/537.36','/comercial/ventas/nueva/','POST',NULL,'2026-03-06 20:15:04.691417',2),(636,'admin','CREATE','INFO','','','','POST /comercial/clientes/nuevo/','190.48.208.70','Mozilla/5.0 (Windows NT 10.0; Win64; x64) AppleWebKit/537.36 (KHTML, like Gecko) Chrome/145.0.0.0 Safari/537.36','/comercial/clientes/nuevo/','POST',NULL,'2026-03-06 20:16:05.483759',2),(637,'admin','CREATE','INFO','','','','POST /comercial/ventas/nueva/','190.48.208.70','Mozilla/5.0 (Windows NT 10.0; Win64; x64) AppleWebKit/537.36 (KHTML, like Gecko) Chrome/145.0.0.0 Safari/537.36','/comercial/ventas/nueva/','POST',NULL,'2026-03-06 20:16:25.575006',2),(638,'admin','CREATE','INFO','','','','POST /comercial/clientes/nuevo/','190.48.208.70','Mozilla/5.0 (Windows NT 10.0; Win64; x64) AppleWebKit/537.36 (KHTML, like Gecko) Chrome/145.0.0.0 Safari/537.36','/comercial/clientes/nuevo/','POST',NULL,'2026-03-06 20:17:04.828393',2),(639,'admin','CREATE','INFO','','','','POST /comercial/ventas/nueva/','190.48.208.70','Mozilla/5.0 (Windows NT 10.0; Win64; x64) AppleWebKit/537.36 (KHTML, like Gecko) Chrome/145.0.0.0 Safari/537.36','/comercial/ventas/nueva/','POST',NULL,'2026-03-06 20:18:09.354542',2),(640,'admin','CREATE','INFO','','','','POST /comercial/ventas/98/editar/','190.48.208.70','Mozilla/5.0 (Windows NT 10.0; Win64; x64) AppleWebKit/537.36 (KHTML, like Gecko) Chrome/145.0.0.0 Safari/537.36','/comercial/ventas/98/editar/','POST',NULL,'2026-03-06 20:18:33.323045',2),(641,'admin','CREATE','INFO','','','','POST /comercial/clientes/nuevo/','190.48.208.70','Mozilla/5.0 (Windows NT 10.0; Win64; x64) AppleWebKit/537.36 (KHTML, like Gecko) Chrome/145.0.0.0 Safari/537.36','/comercial/clientes/nuevo/','POST',NULL,'2026-03-06 20:20:54.687145',2),(642,'admin','CREATE','INFO','','','','POST /comercial/ventas/nueva/','190.48.208.70','Mozilla/5.0 (Windows NT 10.0; Win64; x64) AppleWebKit/537.36 (KHTML, like Gecko) Chrome/145.0.0.0 Safari/537.36','/comercial/ventas/nueva/','POST',NULL,'2026-03-06 20:21:43.338203',2),(643,'admin','CREATE','INFO','','','','POST /comercial/clientes/nuevo/','190.48.208.70','Mozilla/5.0 (Windows NT 10.0; Win64; x64) AppleWebKit/537.36 (KHTML, like Gecko) Chrome/145.0.0.0 Safari/537.36','/comercial/clientes/nuevo/','POST',NULL,'2026-03-06 20:23:09.506195',2),(644,'admin','CREATE','INFO','','','','POST /comercial/ventas/nueva/','190.48.208.70','Mozilla/5.0 (Windows NT 10.0; Win64; x64) AppleWebKit/537.36 (KHTML, like Gecko) Chrome/145.0.0.0 Safari/537.36','/comercial/ventas/nueva/','POST',NULL,'2026-03-06 20:24:42.534379',2),(645,'admin','CREATE','INFO','','','','POST /comercial/ventas/100/editar/','190.48.208.70','Mozilla/5.0 (Windows NT 10.0; Win64; x64) AppleWebKit/537.36 (KHTML, like Gecko) Chrome/145.0.0.0 Safari/537.36','/comercial/ventas/100/editar/','POST',NULL,'2026-03-06 20:25:11.820080',2),(646,'admin','CREATE','INFO','','','','POST /comercial/clientes/nuevo/','190.48.208.70','Mozilla/5.0 (Windows NT 10.0; Win64; x64) AppleWebKit/537.36 (KHTML, like Gecko) Chrome/145.0.0.0 Safari/537.36','/comercial/clientes/nuevo/','POST',NULL,'2026-03-06 20:26:11.437831',2),(647,'admin','CREATE','INFO','','','','POST /comercial/ventas/nueva/','190.48.208.70','Mozilla/5.0 (Windows NT 10.0; Win64; x64) AppleWebKit/537.36 (KHTML, like Gecko) Chrome/145.0.0.0 Safari/537.36','/comercial/ventas/nueva/','POST',NULL,'2026-03-06 20:26:54.312975',2),(648,'admin','CREATE','INFO','','','','POST /comercial/ventas/101/editar/','190.48.208.70','Mozilla/5.0 (Windows NT 10.0; Win64; x64) AppleWebKit/537.36 (KHTML, like Gecko) Chrome/145.0.0.0 Safari/537.36','/comercial/ventas/101/editar/','POST',NULL,'2026-03-06 20:27:28.165969',2),(649,'admin','CREATE','INFO','','','','POST /comercial/clientes/nuevo/','190.48.208.70','Mozilla/5.0 (Windows NT 10.0; Win64; x64) AppleWebKit/537.36 (KHTML, like Gecko) Chrome/145.0.0.0 Safari/537.36','/comercial/clientes/nuevo/','POST',NULL,'2026-03-06 20:29:18.604842',2),(650,'admin','CREATE','INFO','','','','POST /comercial/ventas/nueva/','190.48.208.70','Mozilla/5.0 (Windows NT 10.0; Win64; x64) AppleWebKit/537.36 (KHTML, like Gecko) Chrome/145.0.0.0 Safari/537.36','/comercial/ventas/nueva/','POST',NULL,'2026-03-06 20:31:22.395782',2),(651,'admin','CREATE','INFO','','','','POST /comercial/ventas/75/editar/','190.48.208.70','Mozilla/5.0 (Windows NT 10.0; Win64; x64) AppleWebKit/537.36 (KHTML, like Gecko) Chrome/145.0.0.0 Safari/537.36','/comercial/ventas/75/editar/','POST',NULL,'2026-03-06 20:32:20.758790',2),(652,'admin','CREATE','INFO','','','','POST /login/','190.48.211.203','Mozilla/5.0 (Windows NT 10.0; Win64; x64) AppleWebKit/537.36 (KHTML, like Gecko) Chrome/145.0.0.0 Safari/537.36','/login/','POST',NULL,'2026-03-07 12:33:38.485256',2),(653,'admin','CREATE','INFO','','','','POST /login/','190.48.211.203','Mozilla/5.0 (Windows NT 10.0; Win64; x64) AppleWebKit/537.36 (KHTML, like Gecko) Chrome/145.0.0.0 Safari/537.36','/login/','POST',NULL,'2026-03-07 12:40:22.688467',2),(654,'admin','CREATE','INFO','','','','POST /pricing/config/marcos/6/editar/','190.48.211.203','Mozilla/5.0 (Windows NT 10.0; Win64; x64) AppleWebKit/537.36 (KHTML, like Gecko) Chrome/145.0.0.0 Safari/537.36','/pricing/config/marcos/6/editar/','POST',NULL,'2026-03-07 12:49:04.979050',2),(655,'admin','CREATE','INFO','','','','POST /pricing/config/hojas/nueva/','190.48.211.203','Mozilla/5.0 (Windows NT 10.0; Win64; x64) AppleWebKit/537.36 (KHTML, like Gecko) Chrome/145.0.0.0 Safari/537.36','/pricing/config/hojas/nueva/','POST',NULL,'2026-03-07 12:49:19.111037',2),(656,'admin','CREATE','INFO','','','','POST /pricing/config/hojas/nueva/','190.48.211.203','Mozilla/5.0 (Windows NT 10.0; Win64; x64) AppleWebKit/537.36 (KHTML, like Gecko) Chrome/145.0.0.0 Safari/537.36','/pricing/config/hojas/nueva/','POST',NULL,'2026-03-07 12:56:55.418144',2),(657,'admin','CREATE','INFO','','','','POST /pricing/config/perfiles/nuevo/','190.48.211.203','Mozilla/5.0 (Windows NT 10.0; Win64; x64) AppleWebKit/537.36 (KHTML, like Gecko) Chrome/145.0.0.0 Safari/537.36','/pricing/config/perfiles/nuevo/','POST',NULL,'2026-03-07 12:59:36.705835',2),(658,'admin','CREATE','INFO','','','','POST /pricing/config/perfiles/6034/editar/','190.48.211.203','Mozilla/5.0 (Windows NT 10.0; Win64; x64) AppleWebKit/537.36 (KHTML, like Gecko) Chrome/145.0.0.0 Safari/537.36','/pricing/config/perfiles/6034/editar/','POST',NULL,'2026-03-07 13:06:28.225299',2),(659,'admin','CREATE','INFO','','','','POST /pricing/config/perfiles/6200/editar/','190.48.211.203','Mozilla/5.0 (Windows NT 10.0; Win64; x64) AppleWebKit/537.36 (KHTML, like Gecko) Chrome/145.0.0.0 Safari/537.36','/pricing/config/perfiles/6200/editar/','POST',NULL,'2026-03-07 13:06:37.759097',2),(660,'admin','CREATE','INFO','','','','POST /pricing/config/perfiles/6201/editar/','190.48.211.203','Mozilla/5.0 (Windows NT 10.0; Win64; x64) AppleWebKit/537.36 (KHTML, like Gecko) Chrome/145.0.0.0 Safari/537.36','/pricing/config/perfiles/6201/editar/','POST',NULL,'2026-03-07 13:06:46.074691',2),(661,'admin','CREATE','INFO','','','','POST /pricing/config/hojas/2/editar/','190.48.211.203','Mozilla/5.0 (Windows NT 10.0; Win64; x64) AppleWebKit/537.36 (KHTML, like Gecko) Chrome/145.0.0.0 Safari/537.36','/pricing/config/hojas/2/editar/','POST',NULL,'2026-03-07 13:11:28.427889',2),(662,'admin','CREATE','INFO','','','','POST /pricing/config/hojas/2/editar/','190.48.211.203','Mozilla/5.0 (Windows NT 10.0; Win64; x64) AppleWebKit/537.36 (KHTML, like Gecko) Chrome/145.0.0.0 Safari/537.36','/pricing/config/hojas/2/editar/','POST',NULL,'2026-03-07 13:11:50.206362',2),(663,'admin','CREATE','INFO','','','','POST /pricing/config/perfiles/nuevo/','190.48.211.203','Mozilla/5.0 (Windows NT 10.0; Win64; x64) AppleWebKit/537.36 (KHTML, like Gecko) Chrome/145.0.0.0 Safari/537.36','/pricing/config/perfiles/nuevo/','POST',NULL,'2026-03-07 13:12:32.187459',2),(664,'admin','CREATE','INFO','','','','POST /pricing/config/hojas/1/eliminar/','190.48.211.203','Mozilla/5.0 (Windows NT 10.0; Win64; x64) AppleWebKit/537.36 (KHTML, like Gecko) Chrome/145.0.0.0 Safari/537.36','/pricing/config/hojas/1/eliminar/','POST',NULL,'2026-03-07 13:14:46.406032',2),(665,'admin','CREATE','INFO','','','','POST /pricing/config/hojas/2/editar/','190.48.211.203','Mozilla/5.0 (Windows NT 10.0; Win64; x64) AppleWebKit/537.36 (KHTML, like Gecko) Chrome/145.0.0.0 Safari/537.36','/pricing/config/hojas/2/editar/','POST',NULL,'2026-03-07 13:14:57.596862',2),(666,'admin','CREATE','INFO','','','','POST /pricing/config/hojas/2/editar/','190.48.211.203','Mozilla/5.0 (Windows NT 10.0; Win64; x64) AppleWebKit/537.36 (KHTML, like Gecko) Chrome/145.0.0.0 Safari/537.36','/pricing/config/hojas/2/editar/','POST',NULL,'2026-03-07 13:21:13.006283',2),(667,'admin','CREATE','INFO','','','','POST /pricing/config/hojas/2/editar/','190.48.211.203','Mozilla/5.0 (Windows NT 10.0; Win64; x64) AppleWebKit/537.36 (KHTML, like Gecko) Chrome/145.0.0.0 Safari/537.36','/pricing/config/hojas/2/editar/','POST',NULL,'2026-03-07 13:21:21.731705',2),(668,'admin','CREATE','INFO','','','','POST /pricing/config/perfiles/nuevo/','190.48.211.203','Mozilla/5.0 (Windows NT 10.0; Win64; x64) AppleWebKit/537.36 (KHTML, like Gecko) Chrome/145.0.0.0 Safari/537.36','/pricing/config/perfiles/nuevo/','POST',NULL,'2026-03-07 13:30:26.533795',2),(669,'admin','CREATE','INFO','','','','POST /pricing/config/hojas/2/editar/','190.48.211.203','Mozilla/5.0 (Windows NT 10.0; Win64; x64) AppleWebKit/537.36 (KHTML, like Gecko) Chrome/145.0.0.0 Safari/537.36','/pricing/config/hojas/2/editar/','POST',NULL,'2026-03-07 13:32:32.735873',2),(670,'admin','CREATE','INFO','','','','POST /pricing/config/hojas/2/editar/','190.48.211.203','Mozilla/5.0 (Windows NT 10.0; Win64; x64) AppleWebKit/537.36 (KHTML, like Gecko) Chrome/145.0.0.0 Safari/537.36','/pricing/config/hojas/2/editar/','POST',NULL,'2026-03-07 13:37:36.038021',2),(671,'admin','CREATE','INFO','','','','POST /pricing/api/pricing/calculate/','190.48.211.203','Mozilla/5.0 (Windows NT 10.0; Win64; x64) AppleWebKit/537.36 (KHTML, like Gecko) Chrome/145.0.0.0 Safari/537.36','/pricing/api/pricing/calculate/','POST',NULL,'2026-03-07 13:52:47.977558',2),(672,'admin','CREATE','INFO','','','','POST /pricing/api/pricing/calculate/','190.48.211.203','Mozilla/5.0 (Windows NT 10.0; Win64; x64) AppleWebKit/537.36 (KHTML, like Gecko) Chrome/145.0.0.0 Safari/537.36','/pricing/api/pricing/calculate/','POST',NULL,'2026-03-07 14:03:55.534753',2),(673,'admin','CREATE','INFO','','','','POST /pricing/config/hojas/2/editar/','190.48.211.203','Mozilla/5.0 (Windows NT 10.0; Win64; x64) AppleWebKit/537.36 (KHTML, like Gecko) Chrome/145.0.0.0 Safari/537.36','/pricing/config/hojas/2/editar/','POST',NULL,'2026-03-07 14:05:12.232358',2),(674,'admin','CREATE','INFO','','','','POST /pricing/api/pricing/calculate/','190.48.211.203','Mozilla/5.0 (Windows NT 10.0; Win64; x64) AppleWebKit/537.36 (KHTML, like Gecko) Chrome/145.0.0.0 Safari/537.36','/pricing/api/pricing/calculate/','POST',NULL,'2026-03-07 14:07:04.187405',2),(675,'admin','CREATE','INFO','','','','POST /pricing/config/vidrios/nuevo/','190.48.211.203','Mozilla/5.0 (Windows NT 10.0; Win64; x64) AppleWebKit/537.36 (KHTML, like Gecko) Chrome/145.0.0.0 Safari/537.36','/pricing/config/vidrios/nuevo/','POST',NULL,'2026-03-07 14:46:55.498088',2),(676,'admin','CREATE','INFO','','','','POST /pricing/config/vidrios/dvh 1/editar/','190.48.211.203','Mozilla/5.0 (Windows NT 10.0; Win64; x64) AppleWebKit/537.36 (KHTML, like Gecko) Chrome/145.0.0.0 Safari/537.36','/pricing/config/vidrios/dvh 1/editar/','POST',NULL,'2026-03-07 15:05:50.775058',2),(677,'admin','CREATE','INFO','','','','POST /pricing/config/vidrios/dvh 1/editar/','190.48.211.203','Mozilla/5.0 (Windows NT 10.0; Win64; x64) AppleWebKit/537.36 (KHTML, like Gecko) Chrome/145.0.0.0 Safari/537.36','/pricing/config/vidrios/dvh 1/editar/','POST',NULL,'2026-03-07 15:06:20.684758',2),(678,'admin','CREATE','INFO','','','','POST /pricing/config/vidrios/dvh 1/editar/','190.48.211.203','Mozilla/5.0 (Windows NT 10.0; Win64; x64) AppleWebKit/537.36 (KHTML, like Gecko) Chrome/145.0.0.0 Safari/537.36','/pricing/config/vidrios/dvh 1/editar/','POST',NULL,'2026-03-07 15:08:19.168173',2),(679,'admin','CREATE','INFO','','','','POST /pricing/config/vidrios/dvh 1/editar/','190.48.211.203','Mozilla/5.0 (Windows NT 10.0; Win64; x64) AppleWebKit/537.36 (KHTML, like Gecko) Chrome/145.0.0.0 Safari/537.36','/pricing/config/vidrios/dvh 1/editar/','POST',NULL,'2026-03-07 15:10:17.971235',2),(680,'admin','CREATE','INFO','','','','POST /pricing/api/pricing/calculate/','190.48.211.203','Mozilla/5.0 (Windows NT 10.0; Win64; x64) AppleWebKit/537.36 (KHTML, like Gecko) Chrome/145.0.0.0 Safari/537.36','/pricing/api/pricing/calculate/','POST',NULL,'2026-03-07 15:19:10.841493',2),(681,'admin','CREATE','INFO','','','','POST /pricing/api/pricing/calculate/','190.48.211.203','Mozilla/5.0 (Windows NT 10.0; Win64; x64) AppleWebKit/537.36 (KHTML, like Gecko) Chrome/145.0.0.0 Safari/537.36','/pricing/api/pricing/calculate/','POST',NULL,'2026-03-07 15:21:26.916333',2),(682,'admin','CREATE','INFO','','','','POST /security/backups/','190.48.211.203','Mozilla/5.0 (Windows NT 10.0; Win64; x64) AppleWebKit/537.36 (KHTML, like Gecko) Chrome/145.0.0.0 Safari/537.36','/security/backups/','POST',NULL,'2026-03-07 15:25:12.803857',2),(683,'admin','CREATE','INFO','','','','POST /pricing/api/pricing/calculate/','190.48.211.203','Mozilla/5.0 (Windows NT 10.0; Win64; x64) AppleWebKit/537.36 (KHTML, like Gecko) Chrome/145.0.0.0 Safari/537.36','/pricing/api/pricing/calculate/','POST',NULL,'2026-03-07 15:32:06.051806',2),(684,'admin','CREATE','INFO','','','','POST /pricing/api/pricing/calculate/','190.48.211.203','Mozilla/5.0 (Windows NT 10.0; Win64; x64) AppleWebKit/537.36 (KHTML, like Gecko) Chrome/145.0.0.0 Safari/537.36','/pricing/api/pricing/calculate/','POST',NULL,'2026-03-07 15:33:40.125332',2),(685,'admin','CREATE','INFO','','','','POST /pricing/api/pricing/calculate/','190.48.211.203','Mozilla/5.0 (Windows NT 10.0; Win64; x64) AppleWebKit/537.36 (KHTML, like Gecko) Chrome/145.0.0.0 Safari/537.36','/pricing/api/pricing/calculate/','POST',NULL,'2026-03-07 15:36:44.437084',2),(686,'admin','CREATE','INFO','','','','POST /pricing/api/pricing/calculate/','190.48.211.203','Mozilla/5.0 (Windows NT 10.0; Win64; x64) AppleWebKit/537.36 (KHTML, like Gecko) Chrome/145.0.0.0 Safari/537.36','/pricing/api/pricing/calculate/','POST',NULL,'2026-03-07 15:45:14.996984',2),(687,'admin','CREATE','INFO','','','','POST /pricing/api/pricing/calculate/','190.48.211.203','Mozilla/5.0 (Windows NT 10.0; Win64; x64) AppleWebKit/537.36 (KHTML, like Gecko) Chrome/145.0.0.0 Safari/537.36','/pricing/api/pricing/calculate/','POST',NULL,'2026-03-07 15:47:44.448913',2),(688,'admin','CREATE','INFO','','','','POST /pricing/api/pricing/calculate/','190.48.211.203','Mozilla/5.0 (Windows NT 10.0; Win64; x64) AppleWebKit/537.36 (KHTML, like Gecko) Chrome/145.0.0.0 Safari/537.36','/pricing/api/pricing/calculate/','POST',NULL,'2026-03-07 15:50:28.749657',2),(689,'admin','CREATE','INFO','','','','POST /pricing/api/pricing/calculate/','190.48.211.203','Mozilla/5.0 (Windows NT 10.0; Win64; x64) AppleWebKit/537.36 (KHTML, like Gecko) Chrome/145.0.0.0 Safari/537.36','/pricing/api/pricing/calculate/','POST',NULL,'2026-03-07 15:50:41.395810',2),(690,'admin','CREATE','INFO','','','','POST /pricing/api/pricing/calculate/','190.48.211.203','Mozilla/5.0 (Windows NT 10.0; Win64; x64) AppleWebKit/537.36 (KHTML, like Gecko) Chrome/145.0.0.0 Safari/537.36','/pricing/api/pricing/calculate/','POST',NULL,'2026-03-07 15:51:04.042964',2),(691,'admin','CREATE','INFO','','','','POST /pricing/api/pricing/calculate/','190.48.211.203','Mozilla/5.0 (Windows NT 10.0; Win64; x64) AppleWebKit/537.36 (KHTML, like Gecko) Chrome/145.0.0.0 Safari/537.36','/pricing/api/pricing/calculate/','POST',NULL,'2026-03-07 15:51:16.423467',2),(692,'admin','CREATE','INFO','','','','POST /pricing/api/pricing/calculate/','190.48.211.203','Mozilla/5.0 (Windows NT 10.0; Win64; x64) AppleWebKit/537.36 (KHTML, like Gecko) Chrome/145.0.0.0 Safari/537.36','/pricing/api/pricing/calculate/','POST',NULL,'2026-03-07 15:53:18.740478',2),(693,'admin','CREATE','INFO','','','','POST /pricing/api/pricing/calculate/','190.48.211.203','Mozilla/5.0 (Windows NT 10.0; Win64; x64) AppleWebKit/537.36 (KHTML, like Gecko) Chrome/145.0.0.0 Safari/537.36','/pricing/api/pricing/calculate/','POST',NULL,'2026-03-07 15:55:20.681214',2),(694,'admin','CREATE','INFO','','','','POST /pricing/api/pricing/calculate/','190.48.211.203','Mozilla/5.0 (Windows NT 10.0; Win64; x64) AppleWebKit/537.36 (KHTML, like Gecko) Chrome/145.0.0.0 Safari/537.36','/pricing/api/pricing/calculate/','POST',NULL,'2026-03-07 15:55:35.186391',2),(695,'admin','CREATE','INFO','','','','POST /pricing/api/pricing/calculate/','190.48.211.203','Mozilla/5.0 (Windows NT 10.0; Win64; x64) AppleWebKit/537.36 (KHTML, like Gecko) Chrome/145.0.0.0 Safari/537.36','/pricing/api/pricing/calculate/','POST',NULL,'2026-03-07 15:57:56.042306',2),(696,'admin','CREATE','INFO','','','','POST /pricing/api/pricing/calculate/','190.48.211.203','Mozilla/5.0 (Windows NT 10.0; Win64; x64) AppleWebKit/537.36 (KHTML, like Gecko) Chrome/145.0.0.0 Safari/537.36','/pricing/api/pricing/calculate/','POST',NULL,'2026-03-07 15:58:31.118797',2),(697,'admin','CREATE','INFO','','','','POST /pricing/config/vidrios/dvh 1/editar/','190.48.211.203','Mozilla/5.0 (Windows NT 10.0; Win64; x64) AppleWebKit/537.36 (KHTML, like Gecko) Chrome/145.0.0.0 Safari/537.36','/pricing/config/vidrios/dvh 1/editar/','POST',NULL,'2026-03-07 16:06:00.578703',2),(698,'admin','CREATE','INFO','','','','POST /pricing/api/pricing/calculate/','190.48.211.203','Mozilla/5.0 (Windows NT 10.0; Win64; x64) AppleWebKit/537.36 (KHTML, like Gecko) Chrome/145.0.0.0 Safari/537.36','/pricing/api/pricing/calculate/','POST',NULL,'2026-03-07 16:06:36.527903',2),(699,'admin','CREATE','INFO','','','','POST /login/','152.168.206.173','Mozilla/5.0 (Windows NT 10.0; Win64; x64) AppleWebKit/537.36 (KHTML, like Gecko) Chrome/145.0.0.0 Safari/537.36','/login/','POST',NULL,'2026-03-07 21:48:16.457032',2),(700,'admin','CREATE','INFO','','','','POST /comercial/api/venta/102/cambiar-estado/','152.168.206.173','Mozilla/5.0 (Windows NT 10.0; Win64; x64) AppleWebKit/537.36 (KHTML, like Gecko) Chrome/145.0.0.0 Safari/537.36','/comercial/api/venta/102/cambiar-estado/','POST',NULL,'2026-03-07 22:01:23.902646',2),(701,'admin','CREATE','INFO','','','','POST /comercial/api/venta/102/cambiar-estado/','152.168.206.173','Mozilla/5.0 (Windows NT 10.0; Win64; x64) AppleWebKit/537.36 (KHTML, like Gecko) Chrome/145.0.0.0 Safari/537.36','/comercial/api/venta/102/cambiar-estado/','POST',NULL,'2026-03-07 22:01:25.644668',2),(702,'admin','CREATE','INFO','','','','POST /comercial/api/venta/102/cambiar-estado/','152.168.206.173','Mozilla/5.0 (Windows NT 10.0; Win64; x64) AppleWebKit/537.36 (KHTML, like Gecko) Chrome/145.0.0.0 Safari/537.36','/comercial/api/venta/102/cambiar-estado/','POST',NULL,'2026-03-07 22:01:27.717761',2),(703,'admin','CREATE','INFO','','','','POST /comercial/api/venta/102/cambiar-estado/','152.168.206.173','Mozilla/5.0 (Windows NT 10.0; Win64; x64) AppleWebKit/537.36 (KHTML, like Gecko) Chrome/145.0.0.0 Safari/537.36','/comercial/api/venta/102/cambiar-estado/','POST',NULL,'2026-03-07 22:07:38.485837',2),(704,'admin','CREATE','INFO','','','','POST /comercial/api/venta/102/cambiar-estado/','152.168.206.173','Mozilla/5.0 (Windows NT 10.0; Win64; x64) AppleWebKit/537.36 (KHTML, like Gecko) Chrome/145.0.0.0 Safari/537.36','/comercial/api/venta/102/cambiar-estado/','POST',NULL,'2026-03-07 22:07:39.614959',2),(705,'admin','CREATE','INFO','','','','POST /pricing/api/pricing/calculate/','152.168.206.173','Mozilla/5.0 (Windows NT 10.0; Win64; x64) AppleWebKit/537.36 (KHTML, like Gecko) Chrome/145.0.0.0 Safari/537.36','/pricing/api/pricing/calculate/','POST',NULL,'2026-03-07 22:10:38.516228',2),(706,'admin','CREATE','INFO','','','','POST /productos/productos/2/editar/','152.168.206.173','Mozilla/5.0 (Windows NT 10.0; Win64; x64) AppleWebKit/537.36 (KHTML, like Gecko) Chrome/145.0.0.0 Safari/537.36','/productos/productos/2/editar/','POST',NULL,'2026-03-07 22:13:32.647095',2),(707,'admin','CREATE','INFO','','','','POST /pricing/api/pricing/calculate/','152.168.206.173','Mozilla/5.0 (Windows NT 10.0; Win64; x64) AppleWebKit/537.36 (KHTML, like Gecko) Chrome/145.0.0.0 Safari/537.36','/pricing/api/pricing/calculate/','POST',NULL,'2026-03-07 22:15:06.538511',2),(708,'admin','CREATE','INFO','','','','POST /productos/productos/2/editar/','152.168.206.173','Mozilla/5.0 (Windows NT 10.0; Win64; x64) AppleWebKit/537.36 (KHTML, like Gecko) Chrome/145.0.0.0 Safari/537.36','/productos/productos/2/editar/','POST',NULL,'2026-03-07 22:15:44.067349',2),(709,'admin','CREATE','INFO','','','','POST /login/','152.168.206.173','Mozilla/5.0 (Windows NT 10.0; Win64; x64) AppleWebKit/537.36 (KHTML, like Gecko) Chrome/145.0.0.0 Safari/537.36','/login/','POST',NULL,'2026-03-08 00:01:35.843939',2),(710,'admin','CREATE','INFO','','','','POST /login/','152.168.206.173','Mozilla/5.0 (Windows NT 10.0; Win64; x64) AppleWebKit/537.36 (KHTML, like Gecko) Chrome/145.0.0.0 Safari/537.36','/login/','POST',NULL,'2026-03-08 11:59:11.260359',2),(711,'admin','CREATE','INFO','','','','POST /pricing/config/accesorios/nuevo/','152.168.206.173','Mozilla/5.0 (Windows NT 10.0; Win64; x64) AppleWebKit/537.36 (KHTML, like Gecko) Chrome/145.0.0.0 Safari/537.36','/pricing/config/accesorios/nuevo/','POST',NULL,'2026-03-08 11:59:49.571391',2),(712,'admin','CREATE','INFO','','','','POST /pricing/config/accesorios/nuevo/','152.168.206.173','Mozilla/5.0 (Windows NT 10.0; Win64; x64) AppleWebKit/537.36 (KHTML, like Gecko) Chrome/145.0.0.0 Safari/537.36','/pricing/config/accesorios/nuevo/','POST',NULL,'2026-03-08 12:00:21.472686',2),(713,'admin','CREATE','INFO','','','','POST /pricing/config/hojas/2/editar/','152.168.206.173','Mozilla/5.0 (Windows NT 10.0; Win64; x64) AppleWebKit/537.36 (KHTML, like Gecko) Chrome/145.0.0.0 Safari/537.36','/pricing/config/hojas/2/editar/','POST',NULL,'2026-03-08 12:09:56.662609',2),(714,'admin','CREATE','INFO','','','','POST /pricing/config/hojas/2/editar/','152.168.206.173','Mozilla/5.0 (Windows NT 10.0; Win64; x64) AppleWebKit/537.36 (KHTML, like Gecko) Chrome/145.0.0.0 Safari/537.36','/pricing/config/hojas/2/editar/','POST',NULL,'2026-03-08 12:12:59.214987',2),(715,'admin','CREATE','INFO','','','','POST /pricing/config/hojas/2/editar/','152.168.206.173','Mozilla/5.0 (Windows NT 10.0; Win64; x64) AppleWebKit/537.36 (KHTML, like Gecko) Chrome/145.0.0.0 Safari/537.36','/pricing/config/hojas/2/editar/','POST',NULL,'2026-03-08 12:16:53.681252',2),(716,'admin','CREATE','INFO','','','','POST /pricing/config/hojas/2/editar/','152.168.206.173','Mozilla/5.0 (Windows NT 10.0; Win64; x64) AppleWebKit/537.36 (KHTML, like Gecko) Chrome/145.0.0.0 Safari/537.36','/pricing/config/hojas/2/editar/','POST',NULL,'2026-03-08 12:18:41.527045',2),(717,'admin','CREATE','INFO','','','','POST /pricing/config/hojas/2/editar/','152.168.206.173','Mozilla/5.0 (Windows NT 10.0; Win64; x64) AppleWebKit/537.36 (KHTML, like Gecko) Chrome/145.0.0.0 Safari/537.36','/pricing/config/hojas/2/editar/','POST',NULL,'2026-03-08 12:22:46.501274',2),(718,'admin','CREATE','INFO','','','','POST /pricing/config/hojas/2/editar/','152.168.206.173','Mozilla/5.0 (Windows NT 10.0; Win64; x64) AppleWebKit/537.36 (KHTML, like Gecko) Chrome/145.0.0.0 Safari/537.36','/pricing/config/hojas/2/editar/','POST',NULL,'2026-03-08 12:29:09.692201',2),(719,'admin','CREATE','INFO','','','','POST /pricing/config/hojas/2/editar/','152.168.206.173','Mozilla/5.0 (Windows NT 10.0; Win64; x64) AppleWebKit/537.36 (KHTML, like Gecko) Chrome/145.0.0.0 Safari/537.36','/pricing/config/hojas/2/editar/','POST',NULL,'2026-03-08 12:29:15.807048',2),(720,'admin','CREATE','INFO','','','','POST /pricing/config/hojas/2/editar/','152.168.206.173','Mozilla/5.0 (Windows NT 10.0; Win64; x64) AppleWebKit/537.36 (KHTML, like Gecko) Chrome/145.0.0.0 Safari/537.36','/pricing/config/hojas/2/editar/','POST',NULL,'2026-03-08 12:49:07.560518',2),(721,'admin','CREATE','INFO','','','','POST /pricing/config/hojas/2/editar/','152.168.206.173','Mozilla/5.0 (Windows NT 10.0; Win64; x64) AppleWebKit/537.36 (KHTML, like Gecko) Chrome/145.0.0.0 Safari/537.36','/pricing/config/hojas/2/editar/','POST',NULL,'2026-03-08 12:49:17.096642',2),(722,'admin','CREATE','INFO','','','','POST /pricing/config/hojas/2/editar/','152.168.206.173','Mozilla/5.0 (Windows NT 10.0; Win64; x64) AppleWebKit/537.36 (KHTML, like Gecko) Chrome/145.0.0.0 Safari/537.36','/pricing/config/hojas/2/editar/','POST',NULL,'2026-03-08 12:56:21.983815',2),(723,'admin','CREATE','INFO','','','','POST /pricing/config/marcos/6/editar/','152.168.206.173','Mozilla/5.0 (Windows NT 10.0; Win64; x64) AppleWebKit/537.36 (KHTML, like Gecko) Chrome/145.0.0.0 Safari/537.36','/pricing/config/marcos/6/editar/','POST',NULL,'2026-03-08 12:56:48.702749',2),(724,'admin','CREATE','INFO','','','','POST /pricing/api/pricing/calculate/','152.168.206.173','Mozilla/5.0 (Windows NT 10.0; Win64; x64) AppleWebKit/537.36 (KHTML, like Gecko) Chrome/145.0.0.0 Safari/537.36','/pricing/api/pricing/calculate/','POST',NULL,'2026-03-08 12:59:16.325466',2),(725,'admin','CREATE','INFO','','','','POST /pricing/config/marcos/6/editar/','152.168.206.173','Mozilla/5.0 (Windows NT 10.0; Win64; x64) AppleWebKit/537.36 (KHTML, like Gecko) Chrome/145.0.0.0 Safari/537.36','/pricing/config/marcos/6/editar/','POST',NULL,'2026-03-08 13:00:27.124527',2),(726,'admin','CREATE','INFO','','','','POST /pricing/api/pricing/calculate/','152.168.206.173','Mozilla/5.0 (Windows NT 10.0; Win64; x64) AppleWebKit/537.36 (KHTML, like Gecko) Chrome/145.0.0.0 Safari/537.36','/pricing/api/pricing/calculate/','POST',NULL,'2026-03-08 13:00:34.480652',2),(727,'admin','CREATE','INFO','','','','POST /pricing/config/accesorios/nuevo/','152.168.206.173','Mozilla/5.0 (Windows NT 10.0; Win64; x64) AppleWebKit/537.36 (KHTML, like Gecko) Chrome/145.0.0.0 Safari/537.36','/pricing/config/accesorios/nuevo/','POST',NULL,'2026-03-08 13:03:02.373804',2),(728,'admin','CREATE','INFO','','','','POST /pricing/config/marcos/6/editar/','152.168.206.173','Mozilla/5.0 (Windows NT 10.0; Win64; x64) AppleWebKit/537.36 (KHTML, like Gecko) Chrome/145.0.0.0 Safari/537.36','/pricing/config/marcos/6/editar/','POST',NULL,'2026-03-08 13:04:08.474832',2),(729,'admin','CREATE','INFO','','','','POST /pricing/config/marcos/6/editar/','152.168.206.173','Mozilla/5.0 (Windows NT 10.0; Win64; x64) AppleWebKit/537.36 (KHTML, like Gecko) Chrome/145.0.0.0 Safari/537.36','/pricing/config/marcos/6/editar/','POST',NULL,'2026-03-08 13:04:21.302310',2),(730,'admin','CREATE','INFO','','','','POST /pricing/config/marcos/6/editar/','152.168.206.173','Mozilla/5.0 (Windows NT 10.0; Win64; x64) AppleWebKit/537.36 (KHTML, like Gecko) Chrome/145.0.0.0 Safari/537.36','/pricing/config/marcos/6/editar/','POST',NULL,'2026-03-08 13:04:24.382868',2),(731,'admin','CREATE','INFO','','','','POST /pricing/api/pricing/calculate/','152.168.206.173','Mozilla/5.0 (Windows NT 10.0; Win64; x64) AppleWebKit/537.36 (KHTML, like Gecko) Chrome/145.0.0.0 Safari/537.36','/pricing/api/pricing/calculate/','POST',NULL,'2026-03-08 13:04:57.083135',2),(732,'admin','CREATE','INFO','','','','POST /pricing/api/pricing/calculate/','152.168.206.173','Mozilla/5.0 (Windows NT 10.0; Win64; x64) AppleWebKit/537.36 (KHTML, like Gecko) Chrome/145.0.0.0 Safari/537.36','/pricing/api/pricing/calculate/','POST',NULL,'2026-03-08 13:08:18.889212',2),(733,'admin','CREATE','INFO','','','','POST /pricing/api/pricing/calculate/','152.168.206.173','Mozilla/5.0 (Windows NT 10.0; Win64; x64) AppleWebKit/537.36 (KHTML, like Gecko) Chrome/145.0.0.0 Safari/537.36','/pricing/api/pricing/calculate/','POST',NULL,'2026-03-08 13:08:55.994907',2),(734,'admin','CREATE','INFO','','','','POST /pricing/config/accesorios/parker/editar/','152.168.206.173','Mozilla/5.0 (Windows NT 10.0; Win64; x64) AppleWebKit/537.36 (KHTML, like Gecko) Chrome/145.0.0.0 Safari/537.36','/pricing/config/accesorios/parker/editar/','POST',NULL,'2026-03-08 13:09:12.035632',2),(735,'admin','CREATE','INFO','','','','POST /pricing/api/pricing/calculate/','152.168.206.173','Mozilla/5.0 (Windows NT 10.0; Win64; x64) AppleWebKit/537.36 (KHTML, like Gecko) Chrome/145.0.0.0 Safari/537.36','/pricing/api/pricing/calculate/','POST',NULL,'2026-03-08 13:09:16.146111',2),(736,'admin','CREATE','INFO','','','','POST /pricing/config/accesorios/parker/editar/','152.168.206.173','Mozilla/5.0 (Windows NT 10.0; Win64; x64) AppleWebKit/537.36 (KHTML, like Gecko) Chrome/145.0.0.0 Safari/537.36','/pricing/config/accesorios/parker/editar/','POST',NULL,'2026-03-08 13:09:25.692147',2),(737,'admin','CREATE','INFO','','','','POST /pricing/api/pricing/calculate/','152.168.206.173','Mozilla/5.0 (Windows NT 10.0; Win64; x64) AppleWebKit/537.36 (KHTML, like Gecko) Chrome/145.0.0.0 Safari/537.36','/pricing/api/pricing/calculate/','POST',NULL,'2026-03-08 13:09:29.674047',2),(738,'admin','CREATE','INFO','','','','POST /pricing/config/accesorios/nuevo/','152.168.206.173','Mozilla/5.0 (Windows NT 10.0; Win64; x64) AppleWebKit/537.36 (KHTML, like Gecko) Chrome/145.0.0.0 Safari/537.36','/pricing/config/accesorios/nuevo/','POST',NULL,'2026-03-08 13:24:35.464532',2),(739,'admin','CREATE','INFO','','','','POST /pricing/config/hojas/2/editar/','152.168.206.173','Mozilla/5.0 (Windows NT 10.0; Win64; x64) AppleWebKit/537.36 (KHTML, like Gecko) Chrome/145.0.0.0 Safari/537.36','/pricing/config/hojas/2/editar/','POST',NULL,'2026-03-08 13:24:56.057146',2),(740,'admin','CREATE','INFO','','','','POST /pricing/config/hojas/2/editar/','152.168.206.173','Mozilla/5.0 (Windows NT 10.0; Win64; x64) AppleWebKit/537.36 (KHTML, like Gecko) Chrome/145.0.0.0 Safari/537.36','/pricing/config/hojas/2/editar/','POST',NULL,'2026-03-08 13:24:58.855313',2),(741,'admin','CREATE','INFO','','','','POST /pricing/api/pricing/calculate/','152.168.206.173','Mozilla/5.0 (Windows NT 10.0; Win64; x64) AppleWebKit/537.36 (KHTML, like Gecko) Chrome/145.0.0.0 Safari/537.36','/pricing/api/pricing/calculate/','POST',NULL,'2026-03-08 13:25:23.333397',2),(742,'admin','CREATE','INFO','','','','POST /pricing/config/accesorios/cuña mediana/editar/','152.168.206.173','Mozilla/5.0 (Windows NT 10.0; Win64; x64) AppleWebKit/537.36 (KHTML, like Gecko) Chrome/145.0.0.0 Safari/537.36','/pricing/config/accesorios/cuña mediana/editar/','POST',NULL,'2026-03-08 13:27:28.159643',2),(743,'admin','CREATE','INFO','','','','POST /pricing/api/pricing/calculate/','152.168.206.173','Mozilla/5.0 (Windows NT 10.0; Win64; x64) AppleWebKit/537.36 (KHTML, like Gecko) Chrome/145.0.0.0 Safari/537.36','/pricing/api/pricing/calculate/','POST',NULL,'2026-03-08 13:27:32.902133',2),(744,'admin','CREATE','INFO','','','','POST /pricing/config/accesorios/cuña mediana/editar/','152.168.206.173','Mozilla/5.0 (Windows NT 10.0; Win64; x64) AppleWebKit/537.36 (KHTML, like Gecko) Chrome/145.0.0.0 Safari/537.36','/pricing/config/accesorios/cuña mediana/editar/','POST',NULL,'2026-03-08 13:28:45.169642',2),(745,'admin','CREATE','INFO','','','','POST /pricing/api/pricing/calculate/','152.168.206.173','Mozilla/5.0 (Windows NT 10.0; Win64; x64) AppleWebKit/537.36 (KHTML, like Gecko) Chrome/145.0.0.0 Safari/537.36','/pricing/api/pricing/calculate/','POST',NULL,'2026-03-08 13:28:49.937562',2),(746,'admin','CREATE','INFO','','','','POST /pricing/api/pricing/calculate/','152.168.206.173','Mozilla/5.0 (Windows NT 10.0; Win64; x64) AppleWebKit/537.36 (KHTML, like Gecko) Chrome/145.0.0.0 Safari/537.36','/pricing/api/pricing/calculate/','POST',NULL,'2026-03-08 13:39:35.752995',2),(747,'admin','CREATE','INFO','','','','POST /pricing/api/pricing/calculate/','152.168.206.173','Mozilla/5.0 (Windows NT 10.0; Win64; x64) AppleWebKit/537.36 (KHTML, like Gecko) Chrome/145.0.0.0 Safari/537.36','/pricing/api/pricing/calculate/','POST',NULL,'2026-03-08 13:39:44.069596',2),(748,'admin','CREATE','INFO','','','','POST /pricing/api/pricing/calculate/','152.168.206.173','Mozilla/5.0 (Windows NT 10.0; Win64; x64) AppleWebKit/537.36 (KHTML, like Gecko) Chrome/145.0.0.0 Safari/537.36','/pricing/api/pricing/calculate/','POST',NULL,'2026-03-08 13:41:27.859601',2),(749,'admin','CREATE','INFO','','','','POST /pricing/api/pricing/calculate/','152.168.206.173','Mozilla/5.0 (Windows NT 10.0; Win64; x64) AppleWebKit/537.36 (KHTML, like Gecko) Chrome/145.0.0.0 Safari/537.36','/pricing/api/pricing/calculate/','POST',NULL,'2026-03-08 13:43:40.741177',2),(750,'admin','CREATE','INFO','','','','POST /login/','152.168.206.173','Mozilla/5.0 (Windows NT 10.0; Win64; x64) AppleWebKit/537.36 (KHTML, like Gecko) Chrome/145.0.0.0 Safari/537.36','/login/','POST',NULL,'2026-03-08 13:50:48.892915',2),(751,'admin','CREATE','INFO','','','','POST /login/','152.168.206.173','Mozilla/5.0 (Windows NT 10.0; Win64; x64) AppleWebKit/537.36 (KHTML, like Gecko) Chrome/145.0.0.0 Safari/537.36','/login/','POST',NULL,'2026-03-08 19:06:18.858746',2),(752,'admin','CREATE','INFO','','','','POST /pricing/config/accesorios/nuevo/','152.168.206.173','Mozilla/5.0 (Windows NT 10.0; Win64; x64) AppleWebKit/537.36 (KHTML, like Gecko) Chrome/145.0.0.0 Safari/537.36','/pricing/config/accesorios/nuevo/','POST',NULL,'2026-03-08 19:26:00.634204',2),(753,'admin','CREATE','INFO','','','','POST /pricing/config/accesorios/nuevo/','152.168.206.173','Mozilla/5.0 (Windows NT 10.0; Win64; x64) AppleWebKit/537.36 (KHTML, like Gecko) Chrome/145.0.0.0 Safari/537.36','/pricing/config/accesorios/nuevo/','POST',NULL,'2026-03-08 19:26:04.968459',2),(754,'admin','CREATE','INFO','','','','POST /login/','152.168.206.173','Mozilla/5.0 (Windows NT 10.0; Win64; x64) AppleWebKit/537.36 (KHTML, like Gecko) Chrome/145.0.0.0 Safari/537.36','/login/','POST',NULL,'2026-03-08 19:26:17.303674',2),(755,'admin','CREATE','INFO','','','','POST /pricing/config/accesorios/nuevo/','152.168.206.173','Mozilla/5.0 (Windows NT 10.0; Win64; x64) AppleWebKit/537.36 (KHTML, like Gecko) Chrome/145.0.0.0 Safari/537.36','/pricing/config/accesorios/nuevo/','POST',NULL,'2026-03-08 19:28:30.937756',2),(756,'admin','CREATE','INFO','','','','POST /pricing/config/accesorios/nuevo/','152.168.206.173','Mozilla/5.0 (Windows NT 10.0; Win64; x64) AppleWebKit/537.36 (KHTML, like Gecko) Chrome/145.0.0.0 Safari/537.36','/pricing/config/accesorios/nuevo/','POST',NULL,'2026-03-08 19:31:11.405864',2),(757,'admin','CREATE','INFO','','','','POST /pricing/config/accesorios/nuevo/','152.168.206.173','Mozilla/5.0 (Windows NT 10.0; Win64; x64) AppleWebKit/537.36 (KHTML, like Gecko) Chrome/145.0.0.0 Safari/537.36','/pricing/config/accesorios/nuevo/','POST',NULL,'2026-03-08 19:32:52.516214',2),(758,'admin','CREATE','INFO','','','','POST /pricing/config/accesorios/nuevo/','152.168.206.173','Mozilla/5.0 (Windows NT 10.0; Win64; x64) AppleWebKit/537.36 (KHTML, like Gecko) Chrome/145.0.0.0 Safari/537.36','/pricing/config/accesorios/nuevo/','POST',NULL,'2026-03-08 19:36:02.719697',2),(759,'admin','CREATE','INFO','','','','POST /pricing/config/accesorios/nuevo/','152.168.206.173','Mozilla/5.0 (Windows NT 10.0; Win64; x64) AppleWebKit/537.36 (KHTML, like Gecko) Chrome/145.0.0.0 Safari/537.36','/pricing/config/accesorios/nuevo/','POST',NULL,'2026-03-08 19:53:43.255530',2),(760,'admin','CREATE','INFO','','','','POST /pricing/config/accesorios/nuevo/','152.168.206.173','Mozilla/5.0 (Windows NT 10.0; Win64; x64) AppleWebKit/537.36 (KHTML, like Gecko) Chrome/145.0.0.0 Safari/537.36','/pricing/config/accesorios/nuevo/','POST',NULL,'2026-03-08 19:59:42.136836',2),(761,'admin','CREATE','INFO','','','','POST /pricing/config/accesorios/nuevo/','152.168.206.173','Mozilla/5.0 (Windows NT 10.0; Win64; x64) AppleWebKit/537.36 (KHTML, like Gecko) Chrome/145.0.0.0 Safari/537.36','/pricing/config/accesorios/nuevo/','POST',NULL,'2026-03-08 20:00:47.400638',2),(762,'admin','CREATE','INFO','','','','POST /pricing/config/accesorios/nuevo/','152.168.206.173','Mozilla/5.0 (Windows NT 10.0; Win64; x64) AppleWebKit/537.36 (KHTML, like Gecko) Chrome/145.0.0.0 Safari/537.36','/pricing/config/accesorios/nuevo/','POST',NULL,'2026-03-08 20:07:26.591398',2),(763,'admin','CREATE','INFO','','','','POST /pricing/config/accesorios/cuña mediana/editar/','152.168.206.173','Mozilla/5.0 (Windows NT 10.0; Win64; x64) AppleWebKit/537.36 (KHTML, like Gecko) Chrome/145.0.0.0 Safari/537.36','/pricing/config/accesorios/cuña mediana/editar/','POST',NULL,'2026-03-08 20:07:56.302867',2),(764,'admin','CREATE','INFO','','','','POST /pricing/config/accesorios/FELPA CON FEAL SEAL/editar/','152.168.206.173','Mozilla/5.0 (Windows NT 10.0; Win64; x64) AppleWebKit/537.36 (KHTML, like Gecko) Chrome/145.0.0.0 Safari/537.36','/pricing/config/accesorios/FELPA CON FEAL SEAL/editar/','POST',NULL,'2026-03-08 20:08:23.533567',2),(765,'admin','CREATE','INFO','','','','POST /pricing/config/accesorios/nuevo/','152.168.206.173','Mozilla/5.0 (Windows NT 10.0; Win64; x64) AppleWebKit/537.36 (KHTML, like Gecko) Chrome/145.0.0.0 Safari/537.36','/pricing/config/accesorios/nuevo/','POST',NULL,'2026-03-08 20:37:41.993352',2),(766,'admin','CREATE','INFO','','','','POST /pricing/config/accesorios/nuevo/','152.168.206.173','Mozilla/5.0 (Windows NT 10.0; Win64; x64) AppleWebKit/537.36 (KHTML, like Gecko) Chrome/145.0.0.0 Safari/537.36','/pricing/config/accesorios/nuevo/','POST',NULL,'2026-03-08 20:37:50.523783',2),(767,'admin','CREATE','INFO','','','','POST /pricing/config/accesorios/nuevo/','152.168.206.173','Mozilla/5.0 (Windows NT 10.0; Win64; x64) AppleWebKit/537.36 (KHTML, like Gecko) Chrome/145.0.0.0 Safari/537.36','/pricing/config/accesorios/nuevo/','POST',NULL,'2026-03-08 20:38:30.803337',2),(768,'admin','CREATE','INFO','','','','POST /pricing/config/accesorios/nuevo/','152.168.206.173','Mozilla/5.0 (Windows NT 10.0; Win64; x64) AppleWebKit/537.36 (KHTML, like Gecko) Chrome/145.0.0.0 Safari/537.36','/pricing/config/accesorios/nuevo/','POST',NULL,'2026-03-08 20:39:35.822487',2),(769,'admin','CREATE','INFO','','','','POST /pricing/config/accesorios/nuevo/','152.168.206.173','Mozilla/5.0 (Windows NT 10.0; Win64; x64) AppleWebKit/537.36 (KHTML, like Gecko) Chrome/145.0.0.0 Safari/537.36','/pricing/config/accesorios/nuevo/','POST',NULL,'2026-03-08 20:40:32.330727',2),(770,'admin','CREATE','INFO','','','','POST /pricing/config/accesorios/CALSOS/editar/','152.168.206.173','Mozilla/5.0 (Windows NT 10.0; Win64; x64) AppleWebKit/537.36 (KHTML, like Gecko) Chrome/145.0.0.0 Safari/537.36','/pricing/config/accesorios/CALSOS/editar/','POST',NULL,'2026-03-08 20:46:20.483147',2),(771,'admin','CREATE','INFO','','','','POST /pricing/config/accesorios/CIERRE MILANO/editar/','152.168.206.173','Mozilla/5.0 (Windows NT 10.0; Win64; x64) AppleWebKit/537.36 (KHTML, like Gecko) Chrome/145.0.0.0 Safari/537.36','/pricing/config/accesorios/CIERRE MILANO/editar/','POST',NULL,'2026-03-08 20:48:54.142366',2),(772,'admin','CREATE','INFO','','','','POST /pricing/config/accesorios/cuña mediana/editar/','152.168.206.173','Mozilla/5.0 (Windows NT 10.0; Win64; x64) AppleWebKit/537.36 (KHTML, like Gecko) Chrome/145.0.0.0 Safari/537.36','/pricing/config/accesorios/cuña mediana/editar/','POST',NULL,'2026-03-08 20:51:08.450791',2),(773,'admin','CREATE','INFO','','','','POST /pricing/config/accesorios/E66/editar/','152.168.206.173','Mozilla/5.0 (Windows NT 10.0; Win64; x64) AppleWebKit/537.36 (KHTML, like Gecko) Chrome/145.0.0.0 Safari/537.36','/pricing/config/accesorios/E66/editar/','POST',NULL,'2026-03-08 20:52:21.776958',2),(774,'admin','CREATE','INFO','','','','POST /pricing/config/accesorios/FELPA CON FEAL SEAL/editar/','152.168.206.173','Mozilla/5.0 (Windows NT 10.0; Win64; x64) AppleWebKit/537.36 (KHTML, like Gecko) Chrome/145.0.0.0 Safari/537.36','/pricing/config/accesorios/FELPA CON FEAL SEAL/editar/','POST',NULL,'2026-03-08 20:53:29.826301',2),(775,'admin','CREATE','INFO','','','','POST /pricing/config/accesorios/KIT DE ENGANCHE/editar/','152.168.206.173','Mozilla/5.0 (Windows NT 10.0; Win64; x64) AppleWebKit/537.36 (KHTML, like Gecko) Chrome/145.0.0.0 Safari/537.36','/pricing/config/accesorios/KIT DE ENGANCHE/editar/','POST',NULL,'2026-03-08 20:56:34.251006',2),(776,'admin','CREATE','INFO','','','','POST /pricing/config/accesorios/parker/editar/','152.168.206.173','Mozilla/5.0 (Windows NT 10.0; Win64; x64) AppleWebKit/537.36 (KHTML, like Gecko) Chrome/145.0.0.0 Safari/537.36','/pricing/config/accesorios/parker/editar/','POST',NULL,'2026-03-08 20:58:27.722572',2),(777,'admin','CREATE','INFO','','','','POST /pricing/config/accesorios/PARKER 2/editar/','152.168.206.173','Mozilla/5.0 (Windows NT 10.0; Win64; x64) AppleWebKit/537.36 (KHTML, like Gecko) Chrome/145.0.0.0 Safari/537.36','/pricing/config/accesorios/PARKER 2/editar/','POST',NULL,'2026-03-08 20:58:42.776710',2),(778,'admin','CREATE','INFO','','','','POST /pricing/config/accesorios/r -42/editar/','152.168.206.173','Mozilla/5.0 (Windows NT 10.0; Win64; x64) AppleWebKit/537.36 (KHTML, like Gecko) Chrome/145.0.0.0 Safari/537.36','/pricing/config/accesorios/r -42/editar/','POST',NULL,'2026-03-08 20:59:31.289956',2),(779,'admin','CREATE','INFO','','','','POST /pricing/config/accesorios/T-131/editar/','152.168.206.173','Mozilla/5.0 (Windows NT 10.0; Win64; x64) AppleWebKit/537.36 (KHTML, like Gecko) Chrome/145.0.0.0 Safari/537.36','/pricing/config/accesorios/T-131/editar/','POST',NULL,'2026-03-08 21:00:03.966071',2),(780,'admin','CREATE','INFO','','','','POST /pricing/config/accesorios/T-91/editar/','152.168.206.173','Mozilla/5.0 (Windows NT 10.0; Win64; x64) AppleWebKit/537.36 (KHTML, like Gecko) Chrome/145.0.0.0 Safari/537.36','/pricing/config/accesorios/T-91/editar/','POST',NULL,'2026-03-08 21:00:51.219761',2),(781,'admin','CREATE','INFO','','','','POST /pricing/config/accesorios/T-94/editar/','152.168.206.173','Mozilla/5.0 (Windows NT 10.0; Win64; x64) AppleWebKit/537.36 (KHTML, like Gecko) Chrome/145.0.0.0 Safari/537.36','/pricing/config/accesorios/T-94/editar/','POST',NULL,'2026-03-08 21:01:15.340835',2),(782,'admin','CREATE','INFO','','','','POST /pricing/config/accesorios/T87/editar/','152.168.206.173','Mozilla/5.0 (Windows NT 10.0; Win64; x64) AppleWebKit/537.36 (KHTML, like Gecko) Chrome/145.0.0.0 Safari/537.36','/pricing/config/accesorios/T87/editar/','POST',NULL,'2026-03-08 21:01:37.803003',2),(783,'admin','CREATE','INFO','','','','POST /pricing/config/accesorios/T89/editar/','152.168.206.173','Mozilla/5.0 (Windows NT 10.0; Win64; x64) AppleWebKit/537.36 (KHTML, like Gecko) Chrome/145.0.0.0 Safari/537.36','/pricing/config/accesorios/T89/editar/','POST',NULL,'2026-03-08 21:01:55.452633',2),(784,'admin','CREATE','INFO','','','','POST /pricing/config/accesorios/T89/editar/','152.168.206.173','Mozilla/5.0 (Windows NT 10.0; Win64; x64) AppleWebKit/537.36 (KHTML, like Gecko) Chrome/145.0.0.0 Safari/537.36','/pricing/config/accesorios/T89/editar/','POST',NULL,'2026-03-08 21:01:55.680191',2),(785,'admin','CREATE','INFO','','','','POST /pricing/config/accesorios/T90/editar/','152.168.206.173','Mozilla/5.0 (Windows NT 10.0; Win64; x64) AppleWebKit/537.36 (KHTML, like Gecko) Chrome/145.0.0.0 Safari/537.36','/pricing/config/accesorios/T90/editar/','POST',NULL,'2026-03-08 21:02:15.774923',2),(786,'admin','CREATE','INFO','','','','POST /pricing/config/accesorios/t93/editar/','152.168.206.173','Mozilla/5.0 (Windows NT 10.0; Win64; x64) AppleWebKit/537.36 (KHTML, like Gecko) Chrome/145.0.0.0 Safari/537.36','/pricing/config/accesorios/t93/editar/','POST',NULL,'2026-03-08 21:03:12.376622',2),(787,'admin','CREATE','INFO','','','','POST /login/','152.168.206.173','Mozilla/5.0 (Windows NT 10.0; Win64; x64) AppleWebKit/537.36 (KHTML, like Gecko) Chrome/145.0.0.0 Safari/537.36','/login/','POST',NULL,'2026-03-08 21:06:33.238590',2),(788,'admin','CREATE','INFO','','','','POST /productos/productos/2/editar/','152.168.206.173','Mozilla/5.0 (Windows NT 10.0; Win64; x64) AppleWebKit/537.36 (KHTML, like Gecko) Chrome/145.0.0.0 Safari/537.36','/productos/productos/2/editar/','POST',NULL,'2026-03-08 21:09:58.424756',2),(789,'admin','CREATE','INFO','','','','POST /pricing/api/pricing/calculate/','152.168.206.173','Mozilla/5.0 (Windows NT 10.0; Win64; x64) AppleWebKit/537.36 (KHTML, like Gecko) Chrome/145.0.0.0 Safari/537.36','/pricing/api/pricing/calculate/','POST',NULL,'2026-03-08 21:13:48.522837',2),(790,'admin','CREATE','INFO','','','','POST /pricing/api/pricing/calculate/','152.168.206.173','Mozilla/5.0 (Windows NT 10.0; Win64; x64) AppleWebKit/537.36 (KHTML, like Gecko) Chrome/145.0.0.0 Safari/537.36','/pricing/api/pricing/calculate/','POST',NULL,'2026-03-08 21:13:57.985006',2),(791,'admin','CREATE','INFO','','','','POST /pricing/api/pricing/calculate/','152.168.206.173','Mozilla/5.0 (Windows NT 10.0; Win64; x64) AppleWebKit/537.36 (KHTML, like Gecko) Chrome/145.0.0.0 Safari/537.36','/pricing/api/pricing/calculate/','POST',NULL,'2026-03-08 21:27:37.057163',2),(792,'admin','CREATE','INFO','','','','POST /login/','152.168.206.173','Mozilla/5.0 (Windows NT 10.0; Win64; x64) AppleWebKit/537.36 (KHTML, like Gecko) Chrome/145.0.0.0 Safari/537.36','/login/','POST',NULL,'2026-03-08 21:54:16.366480',2),(793,'admin','CREATE','INFO','','','','POST /pricing/config/productos/nuevo/','152.168.206.173','Mozilla/5.0 (Windows NT 10.0; Win64; x64) AppleWebKit/537.36 (KHTML, like Gecko) Chrome/145.0.0.0 Safari/537.36','/pricing/config/productos/nuevo/','POST',NULL,'2026-03-08 21:54:56.096027',2),(794,'admin','CREATE','INFO','','','','POST /pricing/config/productos/nuevo/','152.168.206.173','Mozilla/5.0 (Windows NT 10.0; Win64; x64) AppleWebKit/537.36 (KHTML, like Gecko) Chrome/145.0.0.0 Safari/537.36','/pricing/config/productos/nuevo/','POST',NULL,'2026-03-08 21:55:22.731677',2),(795,'admin','CREATE','INFO','','','','POST /pricing/config/productos/nuevo/','152.168.206.173','Mozilla/5.0 (Windows NT 10.0; Win64; x64) AppleWebKit/537.36 (KHTML, like Gecko) Chrome/145.0.0.0 Safari/537.36','/pricing/config/productos/nuevo/','POST',NULL,'2026-03-08 21:55:58.563394',2),(796,'admin','CREATE','INFO','','','','POST /pricing/config/productos/nuevo/','152.168.206.173','Mozilla/5.0 (Windows NT 10.0; Win64; x64) AppleWebKit/537.36 (KHTML, like Gecko) Chrome/145.0.0.0 Safari/537.36','/pricing/config/productos/nuevo/','POST',NULL,'2026-03-08 21:56:27.498711',2),(797,'admin','CREATE','INFO','','','','POST /pricing/config/productos/nuevo/','152.168.206.173','Mozilla/5.0 (Windows NT 10.0; Win64; x64) AppleWebKit/537.36 (KHTML, like Gecko) Chrome/145.0.0.0 Safari/537.36','/pricing/config/productos/nuevo/','POST',NULL,'2026-03-08 21:56:55.332126',2),(798,'admin','CREATE','INFO','','','','POST /pricing/config/productos/nuevo/','152.168.206.173','Mozilla/5.0 (Windows NT 10.0; Win64; x64) AppleWebKit/537.36 (KHTML, like Gecko) Chrome/145.0.0.0 Safari/537.36','/pricing/config/productos/nuevo/','POST',NULL,'2026-03-08 21:57:24.888056',2),(799,'admin','CREATE','INFO','','','','POST /pricing/config/productos/nuevo/','152.168.206.173','Mozilla/5.0 (Windows NT 10.0; Win64; x64) AppleWebKit/537.36 (KHTML, like Gecko) Chrome/145.0.0.0 Safari/537.36','/pricing/config/productos/nuevo/','POST',NULL,'2026-03-08 21:57:56.961695',2),(800,'admin','CREATE','INFO','','','','POST /pricing/config/productos/nuevo/','152.168.206.173','Mozilla/5.0 (Windows NT 10.0; Win64; x64) AppleWebKit/537.36 (KHTML, like Gecko) Chrome/145.0.0.0 Safari/537.36','/pricing/config/productos/nuevo/','POST',NULL,'2026-03-08 21:59:41.336843',2),(801,'admin','CREATE','INFO','','','','POST /pricing/config/productos/nuevo/','152.168.206.173','Mozilla/5.0 (Windows NT 10.0; Win64; x64) AppleWebKit/537.36 (KHTML, like Gecko) Chrome/145.0.0.0 Safari/537.36','/pricing/config/productos/nuevo/','POST',NULL,'2026-03-08 22:00:29.887755',2),(802,'admin','CREATE','INFO','','','','POST /pricing/config/productos/nuevo/','152.168.206.173','Mozilla/5.0 (Windows NT 10.0; Win64; x64) AppleWebKit/537.36 (KHTML, like Gecko) Chrome/145.0.0.0 Safari/537.36','/pricing/config/productos/nuevo/','POST',NULL,'2026-03-08 22:01:22.826115',2),(803,'admin','CREATE','INFO','','','','POST /pricing/config/productos/nuevo/','152.168.206.173','Mozilla/5.0 (Windows NT 10.0; Win64; x64) AppleWebKit/537.36 (KHTML, like Gecko) Chrome/145.0.0.0 Safari/537.36','/pricing/config/productos/nuevo/','POST',NULL,'2026-03-08 22:02:04.480917',2),(804,'admin','CREATE','INFO','','','','POST /pricing/config/productos/nuevo/','152.168.206.173','Mozilla/5.0 (Windows NT 10.0; Win64; x64) AppleWebKit/537.36 (KHTML, like Gecko) Chrome/145.0.0.0 Safari/537.36','/pricing/config/productos/nuevo/','POST',NULL,'2026-03-08 22:03:44.627569',2),(805,'admin','CREATE','INFO','','','','POST /login/','152.168.206.173','Mozilla/5.0 (Windows NT 10.0; Win64; x64) AppleWebKit/537.36 (KHTML, like Gecko) Chrome/145.0.0.0 Safari/537.36','/login/','POST',NULL,'2026-03-08 22:06:30.800833',2),(806,'admin','CREATE','INFO','','','','POST /pricing/config/lineas/nueva/','152.168.206.173','Mozilla/5.0 (Windows NT 10.0; Win64; x64) AppleWebKit/537.36 (KHTML, like Gecko) Chrome/145.0.0.0 Safari/537.36','/pricing/config/lineas/nueva/','POST',NULL,'2026-03-08 22:07:56.915368',2),(807,'admin','CREATE','INFO','','','','POST /pricing/config/extrusoras/nueva/','152.168.206.173','Mozilla/5.0 (Windows NT 10.0; Win64; x64) AppleWebKit/537.36 (KHTML, like Gecko) Chrome/145.0.0.0 Safari/537.36','/pricing/config/extrusoras/nueva/','POST',NULL,'2026-03-08 22:08:28.507866',2),(808,'admin','CREATE','INFO','','','','POST /pricing/config/lineas/nueva/','152.168.206.173','Mozilla/5.0 (Windows NT 10.0; Win64; x64) AppleWebKit/537.36 (KHTML, like Gecko) Chrome/145.0.0.0 Safari/537.36','/pricing/config/lineas/nueva/','POST',NULL,'2026-03-08 22:09:03.572066',2),(809,'admin','CREATE','INFO','','','','POST /pricing/config/productos/nuevo/','152.168.206.173','Mozilla/5.0 (Windows NT 10.0; Win64; x64) AppleWebKit/537.36 (KHTML, like Gecko) Chrome/145.0.0.0 Safari/537.36','/pricing/config/productos/nuevo/','POST',NULL,'2026-03-08 22:10:20.283485',2),(810,'admin','CREATE','INFO','','','','POST /pricing/config/productos/nuevo/','152.168.206.173','Mozilla/5.0 (Windows NT 10.0; Win64; x64) AppleWebKit/537.36 (KHTML, like Gecko) Chrome/145.0.0.0 Safari/537.36','/pricing/config/productos/nuevo/','POST',NULL,'2026-03-08 22:10:48.530681',2),(811,'admin','CREATE','INFO','','','','POST /login/','152.168.206.173','Mozilla/5.0 (Windows NT 10.0; Win64; x64) AppleWebKit/537.36 (KHTML, like Gecko) Chrome/145.0.0.0 Safari/537.36','/login/','POST',NULL,'2026-03-08 22:11:06.646684',2),(812,'admin','CREATE','INFO','','','','POST /pricing/config/productos/1/editar/','152.168.206.173','Mozilla/5.0 (Windows NT 10.0; Win64; x64) AppleWebKit/537.36 (KHTML, like Gecko) Chrome/145.0.0.0 Safari/537.36','/pricing/config/productos/1/editar/','POST',NULL,'2026-03-08 22:13:02.937953',2),(813,'admin','CREATE','INFO','','','','POST /pricing/config/productos/nuevo/','152.168.206.173','Mozilla/5.0 (Windows NT 10.0; Win64; x64) AppleWebKit/537.36 (KHTML, like Gecko) Chrome/145.0.0.0 Safari/537.36','/pricing/config/productos/nuevo/','POST',NULL,'2026-03-08 22:14:06.121553',2),(814,'admin','CREATE','INFO','','','','POST /pricing/config/productos/nuevo/','152.168.206.173','Mozilla/5.0 (Windows NT 10.0; Win64; x64) AppleWebKit/537.36 (KHTML, like Gecko) Chrome/145.0.0.0 Safari/537.36','/pricing/config/productos/nuevo/','POST',NULL,'2026-03-08 22:14:51.598630',2),(815,'admin','CREATE','INFO','','','','POST /pricing/config/productos/nuevo/','152.168.206.173','Mozilla/5.0 (Windows NT 10.0; Win64; x64) AppleWebKit/537.36 (KHTML, like Gecko) Chrome/145.0.0.0 Safari/537.36','/pricing/config/productos/nuevo/','POST',NULL,'2026-03-08 22:16:00.517907',2),(816,'admin','CREATE','INFO','','','','POST /pricing/config/productos/nuevo/','152.168.206.173','Mozilla/5.0 (Windows NT 10.0; Win64; x64) AppleWebKit/537.36 (KHTML, like Gecko) Chrome/145.0.0.0 Safari/537.36','/pricing/config/productos/nuevo/','POST',NULL,'2026-03-08 22:16:21.281175',2),(817,'admin','CREATE','INFO','','','','POST /pricing/config/productos/nuevo/','152.168.206.173','Mozilla/5.0 (Windows NT 10.0; Win64; x64) AppleWebKit/537.36 (KHTML, like Gecko) Chrome/145.0.0.0 Safari/537.36','/pricing/config/productos/nuevo/','POST',NULL,'2026-03-08 22:16:48.929623',2),(818,'admin','CREATE','INFO','','','','POST /pricing/config/productos/nuevo/','152.168.206.173','Mozilla/5.0 (Windows NT 10.0; Win64; x64) AppleWebKit/537.36 (KHTML, like Gecko) Chrome/145.0.0.0 Safari/537.36','/pricing/config/productos/nuevo/','POST',NULL,'2026-03-08 22:17:09.710027',2),(819,'admin','CREATE','INFO','','','','POST /pricing/config/productos/nuevo/','152.168.206.173','Mozilla/5.0 (Windows NT 10.0; Win64; x64) AppleWebKit/537.36 (KHTML, like Gecko) Chrome/145.0.0.0 Safari/537.36','/pricing/config/productos/nuevo/','POST',NULL,'2026-03-08 22:17:39.831025',2),(820,'admin','CREATE','INFO','','','','POST /pricing/config/productos/nuevo/','152.168.206.173','Mozilla/5.0 (Windows NT 10.0; Win64; x64) AppleWebKit/537.36 (KHTML, like Gecko) Chrome/145.0.0.0 Safari/537.36','/pricing/config/productos/nuevo/','POST',NULL,'2026-03-08 22:18:02.745948',2),(821,'admin','CREATE','INFO','','','','POST /pricing/config/productos/nuevo/','152.168.206.173','Mozilla/5.0 (Windows NT 10.0; Win64; x64) AppleWebKit/537.36 (KHTML, like Gecko) Chrome/145.0.0.0 Safari/537.36','/pricing/config/productos/nuevo/','POST',NULL,'2026-03-08 22:19:23.986833',2),(822,'admin','CREATE','INFO','','','','POST /pricing/config/productos/nuevo/','152.168.206.173','Mozilla/5.0 (Windows NT 10.0; Win64; x64) AppleWebKit/537.36 (KHTML, like Gecko) Chrome/145.0.0.0 Safari/537.36','/pricing/config/productos/nuevo/','POST',NULL,'2026-03-08 22:20:15.817135',2),(823,'admin','CREATE','INFO','','','','POST /pricing/config/productos/nuevo/','152.168.206.173','Mozilla/5.0 (Windows NT 10.0; Win64; x64) AppleWebKit/537.36 (KHTML, like Gecko) Chrome/145.0.0.0 Safari/537.36','/pricing/config/productos/nuevo/','POST',NULL,'2026-03-08 22:20:42.490251',2),(824,'admin','CREATE','INFO','','','','POST /pricing/config/productos/nuevo/','152.168.206.173','Mozilla/5.0 (Windows NT 10.0; Win64; x64) AppleWebKit/537.36 (KHTML, like Gecko) Chrome/145.0.0.0 Safari/537.36','/pricing/config/productos/nuevo/','POST',NULL,'2026-03-08 22:21:30.096443',2),(825,'admin','CREATE','INFO','','','','POST /pricing/config/productos/nuevo/','152.168.206.173','Mozilla/5.0 (Windows NT 10.0; Win64; x64) AppleWebKit/537.36 (KHTML, like Gecko) Chrome/145.0.0.0 Safari/537.36','/pricing/config/productos/nuevo/','POST',NULL,'2026-03-08 22:21:54.365886',2),(826,'admin','CREATE','INFO','','','','POST /pricing/config/productos/nuevo/','152.168.206.173','Mozilla/5.0 (Windows NT 10.0; Win64; x64) AppleWebKit/537.36 (KHTML, like Gecko) Chrome/145.0.0.0 Safari/537.36','/pricing/config/productos/nuevo/','POST',NULL,'2026-03-08 22:22:20.962818',2),(827,'admin','CREATE','INFO','','','','POST /pricing/config/productos/29/editar/','152.168.206.173','Mozilla/5.0 (Windows NT 10.0; Win64; x64) AppleWebKit/537.36 (KHTML, like Gecko) Chrome/145.0.0.0 Safari/537.36','/pricing/config/productos/29/editar/','POST',NULL,'2026-03-08 22:23:18.327800',2),(828,'admin','CREATE','INFO','','','','POST /pricing/config/productos/nuevo/','152.168.206.173','Mozilla/5.0 (Windows NT 10.0; Win64; x64) AppleWebKit/537.36 (KHTML, like Gecko) Chrome/145.0.0.0 Safari/537.36','/pricing/config/productos/nuevo/','POST',NULL,'2026-03-08 22:23:54.991919',2),(829,'admin','CREATE','INFO','','','','POST /pricing/config/productos/nuevo/','152.168.206.173','Mozilla/5.0 (Windows NT 10.0; Win64; x64) AppleWebKit/537.36 (KHTML, like Gecko) Chrome/145.0.0.0 Safari/537.36','/pricing/config/productos/nuevo/','POST',NULL,'2026-03-08 22:24:17.257203',2),(830,'admin','CREATE','INFO','','','','POST /pricing/api/pricing/calculate/','152.168.206.173','Mozilla/5.0 (Windows NT 10.0; Win64; x64) AppleWebKit/537.36 (KHTML, like Gecko) Chrome/145.0.0.0 Safari/537.36','/pricing/api/pricing/calculate/','POST',NULL,'2026-03-08 22:26:28.487937',2),(831,'admin','CREATE','INFO','','','','POST /login/','152.168.206.173','Mozilla/5.0 (Windows NT 10.0; Win64; x64) AppleWebKit/537.36 (KHTML, like Gecko) Chrome/145.0.0.0 Safari/537.36','/login/','POST',NULL,'2026-03-08 22:31:53.366774',2),(832,'admin','CREATE','INFO','','','','POST /pricing/api/pricing/calculate/','152.168.206.173','Mozilla/5.0 (Windows NT 10.0; Win64; x64) AppleWebKit/537.36 (KHTML, like Gecko) Chrome/145.0.0.0 Safari/537.36','/pricing/api/pricing/calculate/','POST',NULL,'2026-03-08 22:35:41.223187',2),(833,'admin','CREATE','INFO','','','','POST /pricing/config/productos/1/editar/','152.168.206.173','Mozilla/5.0 (Windows NT 10.0; Win64; x64) AppleWebKit/537.36 (KHTML, like Gecko) Chrome/145.0.0.0 Safari/537.36','/pricing/config/productos/1/editar/','POST',NULL,'2026-03-08 22:40:06.560234',2),(834,'admin','CREATE','INFO','','','','POST /pricing/api/pricing/calculate/','152.168.206.173','Mozilla/5.0 (Windows NT 10.0; Win64; x64) AppleWebKit/537.36 (KHTML, like Gecko) Chrome/145.0.0.0 Safari/537.36','/pricing/api/pricing/calculate/','POST',NULL,'2026-03-08 22:40:37.388003',2),(835,'admin','CREATE','INFO','','','','POST /pricing/config/productos/1/editar/','152.168.206.173','Mozilla/5.0 (Windows NT 10.0; Win64; x64) AppleWebKit/537.36 (KHTML, like Gecko) Chrome/145.0.0.0 Safari/537.36','/pricing/config/productos/1/editar/','POST',NULL,'2026-03-08 22:40:51.337271',2),(836,'admin','CREATE','INFO','','','','POST /pricing/api/pricing/calculate/','152.168.206.173','Mozilla/5.0 (Windows NT 10.0; Win64; x64) AppleWebKit/537.36 (KHTML, like Gecko) Chrome/145.0.0.0 Safari/537.36','/pricing/api/pricing/calculate/','POST',NULL,'2026-03-08 22:40:55.005836',2),(837,'admin','CREATE','INFO','','','','POST /pricing/api/pricing/calculate/','152.168.206.173','Mozilla/5.0 (Windows NT 10.0; Win64; x64) AppleWebKit/537.36 (KHTML, like Gecko) Chrome/145.0.0.0 Safari/537.36','/pricing/api/pricing/calculate/','POST',NULL,'2026-03-08 22:40:56.604558',2),(838,'admin','CREATE','INFO','','','','POST /pricing/api/pricing/calculate/','152.168.206.173','Mozilla/5.0 (Windows NT 10.0; Win64; x64) AppleWebKit/537.36 (KHTML, like Gecko) Chrome/145.0.0.0 Safari/537.36','/pricing/api/pricing/calculate/','POST',NULL,'2026-03-08 22:40:58.743792',2),(839,'admin','CREATE','INFO','','','','POST /pricing/api/pricing/calculate/','152.168.206.173','Mozilla/5.0 (Windows NT 10.0; Win64; x64) AppleWebKit/537.36 (KHTML, like Gecko) Chrome/145.0.0.0 Safari/537.36','/pricing/api/pricing/calculate/','POST',NULL,'2026-03-08 22:40:59.120123',2),(840,'admin','CREATE','INFO','','','','POST /pricing/api/pricing/calculate/','152.168.206.173','Mozilla/5.0 (Windows NT 10.0; Win64; x64) AppleWebKit/537.36 (KHTML, like Gecko) Chrome/145.0.0.0 Safari/537.36','/pricing/api/pricing/calculate/','POST',NULL,'2026-03-08 22:41:14.395324',2),(841,'admin','CREATE','INFO','','','','POST /pricing/api/pricing/calculate/','152.168.206.173','Mozilla/5.0 (Windows NT 10.0; Win64; x64) AppleWebKit/537.36 (KHTML, like Gecko) Chrome/145.0.0.0 Safari/537.36','/pricing/api/pricing/calculate/','POST',NULL,'2026-03-08 22:41:15.873383',2),(842,'admin','CREATE','INFO','','','','POST /pricing/api/pricing/calculate/','152.168.206.173','Mozilla/5.0 (Windows NT 10.0; Win64; x64) AppleWebKit/537.36 (KHTML, like Gecko) Chrome/145.0.0.0 Safari/537.36','/pricing/api/pricing/calculate/','POST',NULL,'2026-03-08 22:41:58.548938',2),(843,'admin','CREATE','INFO','','','','POST /pricing/api/pricing/calculate/','152.168.206.173','Mozilla/5.0 (Windows NT 10.0; Win64; x64) AppleWebKit/537.36 (KHTML, like Gecko) Chrome/145.0.0.0 Safari/537.36','/pricing/api/pricing/calculate/','POST',NULL,'2026-03-08 22:42:11.002210',2),(844,'admin','CREATE','INFO','','','','POST /pricing/config/productos/1/editar/','152.168.206.173','Mozilla/5.0 (Windows NT 10.0; Win64; x64) AppleWebKit/537.36 (KHTML, like Gecko) Chrome/145.0.0.0 Safari/537.36','/pricing/config/productos/1/editar/','POST',NULL,'2026-03-08 22:42:45.769005',2),(845,'admin','CREATE','INFO','','','','POST /pricing/api/pricing/calculate/','152.168.206.173','Mozilla/5.0 (Windows NT 10.0; Win64; x64) AppleWebKit/537.36 (KHTML, like Gecko) Chrome/145.0.0.0 Safari/537.36','/pricing/api/pricing/calculate/','POST',NULL,'2026-03-08 22:42:55.948177',2),(846,'admin','CREATE','INFO','','','','POST /pricing/api/pricing/calculate/','152.168.206.173','Mozilla/5.0 (Windows NT 10.0; Win64; x64) AppleWebKit/537.36 (KHTML, like Gecko) Chrome/145.0.0.0 Safari/537.36','/pricing/api/pricing/calculate/','POST',NULL,'2026-03-08 22:42:57.301960',2),(847,'admin','CREATE','INFO','','','','POST /pricing/api/pricing/calculate/','152.168.206.173','Mozilla/5.0 (Windows NT 10.0; Win64; x64) AppleWebKit/537.36 (KHTML, like Gecko) Chrome/145.0.0.0 Safari/537.36','/pricing/api/pricing/calculate/','POST',NULL,'2026-03-08 22:43:08.405949',2),(848,'admin','CREATE','INFO','','','','POST /pricing/api/pricing/calculate/','152.168.206.173','Mozilla/5.0 (Windows NT 10.0; Win64; x64) AppleWebKit/537.36 (KHTML, like Gecko) Chrome/145.0.0.0 Safari/537.36','/pricing/api/pricing/calculate/','POST',NULL,'2026-03-08 22:43:14.981240',2),(849,'admin','CREATE','INFO','','','','POST /pricing/config/productos/2/editar/','152.168.206.173','Mozilla/5.0 (Windows NT 10.0; Win64; x64) AppleWebKit/537.36 (KHTML, like Gecko) Chrome/145.0.0.0 Safari/537.36','/pricing/config/productos/2/editar/','POST',NULL,'2026-03-08 22:43:39.729389',2),(850,'admin','CREATE','INFO','','','','POST /pricing/config/productos/7/editar/','152.168.206.173','Mozilla/5.0 (Windows NT 10.0; Win64; x64) AppleWebKit/537.36 (KHTML, like Gecko) Chrome/145.0.0.0 Safari/537.36','/pricing/config/productos/7/editar/','POST',NULL,'2026-03-08 22:43:54.589718',2),(851,'admin','CREATE','INFO','','','','POST /pricing/config/productos/13/editar/','152.168.206.173','Mozilla/5.0 (Windows NT 10.0; Win64; x64) AppleWebKit/537.36 (KHTML, like Gecko) Chrome/145.0.0.0 Safari/537.36','/pricing/config/productos/13/editar/','POST',NULL,'2026-03-08 22:44:30.508544',2),(852,'admin','CREATE','INFO','','','','POST /pricing/config/productos/14/editar/','152.168.206.173','Mozilla/5.0 (Windows NT 10.0; Win64; x64) AppleWebKit/537.36 (KHTML, like Gecko) Chrome/145.0.0.0 Safari/537.36','/pricing/config/productos/14/editar/','POST',NULL,'2026-03-08 22:44:54.260258',2),(853,'admin','CREATE','INFO','','','','POST /pricing/api/pricing/calculate/','152.168.206.173','Mozilla/5.0 (Windows NT 10.0; Win64; x64) AppleWebKit/537.36 (KHTML, like Gecko) Chrome/145.0.0.0 Safari/537.36','/pricing/api/pricing/calculate/','POST',NULL,'2026-03-08 22:44:56.235388',2),(854,'admin','CREATE','INFO','','','','POST /pricing/config/productos/31/editar/','152.168.206.173','Mozilla/5.0 (Windows NT 10.0; Win64; x64) AppleWebKit/537.36 (KHTML, like Gecko) Chrome/145.0.0.0 Safari/537.36','/pricing/config/productos/31/editar/','POST',NULL,'2026-03-08 22:45:19.274778',2),(855,'admin','CREATE','INFO','','','','POST /pricing/config/productos/26/editar/','152.168.206.173','Mozilla/5.0 (Windows NT 10.0; Win64; x64) AppleWebKit/537.36 (KHTML, like Gecko) Chrome/145.0.0.0 Safari/537.36','/pricing/config/productos/26/editar/','POST',NULL,'2026-03-08 22:45:38.612511',2),(856,'admin','CREATE','INFO','','','','POST /pricing/config/productos/25/editar/','152.168.206.173','Mozilla/5.0 (Windows NT 10.0; Win64; x64) AppleWebKit/537.36 (KHTML, like Gecko) Chrome/145.0.0.0 Safari/537.36','/pricing/config/productos/25/editar/','POST',NULL,'2026-03-08 22:46:01.373475',2),(857,'admin','CREATE','INFO','','','','POST /pricing/config/productos/24/editar/','152.168.206.173','Mozilla/5.0 (Windows NT 10.0; Win64; x64) AppleWebKit/537.36 (KHTML, like Gecko) Chrome/145.0.0.0 Safari/537.36','/pricing/config/productos/24/editar/','POST',NULL,'2026-03-08 22:46:42.258197',2),(858,'admin','CREATE','INFO','','','','POST /pricing/config/productos/15/editar/','152.168.206.173','Mozilla/5.0 (Windows NT 10.0; Win64; x64) AppleWebKit/537.36 (KHTML, like Gecko) Chrome/145.0.0.0 Safari/537.36','/pricing/config/productos/15/editar/','POST',NULL,'2026-03-08 22:47:08.105306',2),(859,'admin','CREATE','INFO','','','','POST /pricing/api/pricing/calculate/','152.168.206.173','Mozilla/5.0 (Windows NT 10.0; Win64; x64) AppleWebKit/537.36 (KHTML, like Gecko) Chrome/145.0.0.0 Safari/537.36','/pricing/api/pricing/calculate/','POST',NULL,'2026-03-08 22:47:09.064789',2),(860,'admin','CREATE','INFO','','','','POST /pricing/api/pricing/calculate/','152.168.206.173','Mozilla/5.0 (Windows NT 10.0; Win64; x64) AppleWebKit/537.36 (KHTML, like Gecko) Chrome/145.0.0.0 Safari/537.36','/pricing/api/pricing/calculate/','POST',NULL,'2026-03-08 22:47:39.485232',2),(861,'admin','CREATE','INFO','','','','POST /pricing/config/productos/1/editar/','152.168.206.173','Mozilla/5.0 (Windows NT 10.0; Win64; x64) AppleWebKit/537.36 (KHTML, like Gecko) Chrome/145.0.0.0 Safari/537.36','/pricing/config/productos/1/editar/','POST',NULL,'2026-03-08 22:47:54.807503',2),(862,'admin','CREATE','INFO','','','','POST /pricing/api/pricing/calculate/','152.168.206.173','Mozilla/5.0 (Windows NT 10.0; Win64; x64) AppleWebKit/537.36 (KHTML, like Gecko) Chrome/145.0.0.0 Safari/537.36','/pricing/api/pricing/calculate/','POST',NULL,'2026-03-08 22:48:00.653583',2),(863,'admin','CREATE','INFO','','','','POST /pricing/config/productos/1/editar/','152.168.206.173','Mozilla/5.0 (Windows NT 10.0; Win64; x64) AppleWebKit/537.36 (KHTML, like Gecko) Chrome/145.0.0.0 Safari/537.36','/pricing/config/productos/1/editar/','POST',NULL,'2026-03-08 22:48:08.984115',2),(864,'admin','CREATE','INFO','','','','POST /pricing/api/pricing/calculate/','152.168.206.173','Mozilla/5.0 (Windows NT 10.0; Win64; x64) AppleWebKit/537.36 (KHTML, like Gecko) Chrome/145.0.0.0 Safari/537.36','/pricing/api/pricing/calculate/','POST',NULL,'2026-03-08 22:48:11.749831',2),(865,'admin','CREATE','INFO','','','','POST /pricing/api/pricing/calculate/','152.168.206.173','Mozilla/5.0 (Windows NT 10.0; Win64; x64) AppleWebKit/537.36 (KHTML, like Gecko) Chrome/145.0.0.0 Safari/537.36','/pricing/api/pricing/calculate/','POST',NULL,'2026-03-08 23:18:14.003641',2),(866,'admin','CREATE','INFO','','','','POST /pricing/api/pricing/calculate/','152.168.206.173','Mozilla/5.0 (Windows NT 10.0; Win64; x64) AppleWebKit/537.36 (KHTML, like Gecko) Chrome/145.0.0.0 Safari/537.36','/pricing/api/pricing/calculate/','POST',NULL,'2026-03-08 23:18:52.159605',2),(867,'admin','CREATE','INFO','','','','POST /pricing/config/tratamientos/nuevo/','152.168.206.173','Mozilla/5.0 (Windows NT 10.0; Win64; x64) AppleWebKit/537.36 (KHTML, like Gecko) Chrome/145.0.0.0 Safari/537.36','/pricing/config/tratamientos/nuevo/','POST',NULL,'2026-03-08 23:19:48.773486',2),(868,'admin','CREATE','INFO','','','','POST /pricing/config/tratamientos/nuevo/','152.168.206.173','Mozilla/5.0 (Windows NT 10.0; Win64; x64) AppleWebKit/537.36 (KHTML, like Gecko) Chrome/145.0.0.0 Safari/537.36','/pricing/config/tratamientos/nuevo/','POST',NULL,'2026-03-08 23:20:17.734567',2),(869,'admin','CREATE','INFO','','','','POST /pricing/config/tratamientos/nuevo/','152.168.206.173','Mozilla/5.0 (Windows NT 10.0; Win64; x64) AppleWebKit/537.36 (KHTML, like Gecko) Chrome/145.0.0.0 Safari/537.36','/pricing/config/tratamientos/nuevo/','POST',NULL,'2026-03-08 23:20:49.883710',2),(870,'admin','CREATE','INFO','','','','POST /pricing/config/tratamientos/nuevo/','152.168.206.173','Mozilla/5.0 (Windows NT 10.0; Win64; x64) AppleWebKit/537.36 (KHTML, like Gecko) Chrome/145.0.0.0 Safari/537.36','/pricing/config/tratamientos/nuevo/','POST',NULL,'2026-03-08 23:21:19.086223',2),(871,'admin','CREATE','INFO','','','','POST /pricing/api/pricing/calculate/','152.168.206.173','Mozilla/5.0 (Windows NT 10.0; Win64; x64) AppleWebKit/537.36 (KHTML, like Gecko) Chrome/145.0.0.0 Safari/537.36','/pricing/api/pricing/calculate/','POST',NULL,'2026-03-08 23:23:26.393561',2),(872,'admin','CREATE','INFO','','','','POST /pricing/api/pricing/calculate/','152.168.206.173','Mozilla/5.0 (Windows NT 10.0; Win64; x64) AppleWebKit/537.36 (KHTML, like Gecko) Chrome/145.0.0.0 Safari/537.36','/pricing/api/pricing/calculate/','POST',NULL,'2026-03-08 23:25:31.387213',2),(873,'admin','CREATE','INFO','','','','POST /login/','152.168.206.173','Mozilla/5.0 (Windows NT 10.0; Win64; x64) AppleWebKit/537.36 (KHTML, like Gecko) Chrome/145.0.0.0 Safari/537.36','/login/','POST',NULL,'2026-03-09 00:06:46.910126',2),(874,'admin','CREATE','INFO','','','','POST /login/','181.239.157.141','Mozilla/5.0 (Linux; Android 10; K) AppleWebKit/537.36 (KHTML, like Gecko) Chrome/145.0.0.0 Mobile Safari/537.36','/login/','POST',NULL,'2026-03-09 00:35:41.827804',2),(875,'admin','CREATE','INFO','','','','POST /login/','181.239.157.141','Mozilla/5.0 (Linux; Android 10; K) AppleWebKit/537.36 (KHTML, like Gecko) Chrome/145.0.0.0 Mobile Safari/537.36','/login/','POST',NULL,'2026-03-09 03:06:16.186079',2),(876,'admin','CREATE','INFO','','','','POST /pricing/api/pricing/calculate/','181.239.157.141','Mozilla/5.0 (Linux; Android 10; K) AppleWebKit/537.36 (KHTML, like Gecko) Chrome/145.0.0.0 Mobile Safari/537.36','/pricing/api/pricing/calculate/','POST',NULL,'2026-03-09 03:06:53.221304',2),(877,'admin','CREATE','INFO','','','','POST /login/','190.48.211.203','Mozilla/5.0 (Windows NT 10.0; Win64; x64) AppleWebKit/537.36 (KHTML, like Gecko) Chrome/145.0.0.0 Safari/537.36','/login/','POST',NULL,'2026-03-09 11:16:58.920018',2),(878,'admin','CREATE','INFO','','','','POST /login/','190.48.211.203','Mozilla/5.0 (Windows NT 10.0; Win64; x64) AppleWebKit/537.36 (KHTML, like Gecko) Chrome/145.0.0.0 Safari/537.36','/login/','POST',NULL,'2026-03-09 11:20:51.503898',2),(879,'admin','CREATE','INFO','','','','POST /login/','190.48.211.203','Mozilla/5.0 (Windows NT 10.0; Win64; x64) AppleWebKit/537.36 (KHTML, like Gecko) Chrome/145.0.0.0 Safari/537.36','/login/','POST',NULL,'2026-03-09 13:23:58.768968',2),(880,'admin','CREATE','INFO','','','','POST /login/','190.48.211.203','Mozilla/5.0 (Windows NT 10.0; Win64; x64) AppleWebKit/537.36 (KHTML, like Gecko) Chrome/145.0.0.0 Safari/537.36','/login/','POST',NULL,'2026-03-09 13:24:23.562444',2),(881,'admin','CREATE','INFO','','','','POST /pricing/config/marcos/nuevo/','190.48.211.203','Mozilla/5.0 (Windows NT 10.0; Win64; x64) AppleWebKit/537.36 (KHTML, like Gecko) Chrome/145.0.0.0 Safari/537.36','/pricing/config/marcos/nuevo/','POST',NULL,'2026-03-09 13:41:34.526907',2),(882,'admin','CREATE','INFO','','','','POST /login/','190.48.211.203','Mozilla/5.0 (Windows NT 10.0; Win64; x64) AppleWebKit/537.36 (KHTML, like Gecko) Chrome/145.0.0.0 Safari/537.36','/login/','POST',NULL,'2026-03-09 13:42:19.234698',2),(883,'admin','CREATE','INFO','','','','POST /pricing/config/marcos/7/editar/','190.48.211.203','Mozilla/5.0 (Windows NT 10.0; Win64; x64) AppleWebKit/537.36 (KHTML, like Gecko) Chrome/145.0.0.0 Safari/537.36','/pricing/config/marcos/7/editar/','POST',NULL,'2026-03-09 13:45:36.943906',2),(884,'admin','CREATE','INFO','','','','POST /pricing/config/marcos/7/editar/','190.48.211.203','Mozilla/5.0 (Windows NT 10.0; Win64; x64) AppleWebKit/537.36 (KHTML, like Gecko) Chrome/145.0.0.0 Safari/537.36','/pricing/config/marcos/7/editar/','POST',NULL,'2026-03-09 13:46:07.597359',2),(885,'admin','CREATE','INFO','','','','POST /pricing/config/hojas/nueva/','190.48.211.203','Mozilla/5.0 (Windows NT 10.0; Win64; x64) AppleWebKit/537.36 (KHTML, like Gecko) Chrome/145.0.0.0 Safari/537.36','/pricing/config/hojas/nueva/','POST',NULL,'2026-03-09 13:51:24.488676',2),(886,'admin','CREATE','INFO','','','','POST /pricing/config/hojas/3/editar/','190.48.211.203','Mozilla/5.0 (Windows NT 10.0; Win64; x64) AppleWebKit/537.36 (KHTML, like Gecko) Chrome/145.0.0.0 Safari/537.36','/pricing/config/hojas/3/editar/','POST',NULL,'2026-03-09 13:53:21.100508',2),(887,'admin','CREATE','INFO','','','','POST /pricing/config/hojas/3/editar/','190.48.211.203','Mozilla/5.0 (Windows NT 10.0; Win64; x64) AppleWebKit/537.36 (KHTML, like Gecko) Chrome/145.0.0.0 Safari/537.36','/pricing/config/hojas/3/editar/','POST',NULL,'2026-03-09 13:53:25.366069',2),(888,'admin','CREATE','INFO','','','','POST /pricing/config/marcos/7/editar/','190.48.211.203','Mozilla/5.0 (Windows NT 10.0; Win64; x64) AppleWebKit/537.36 (KHTML, like Gecko) Chrome/145.0.0.0 Safari/537.36','/pricing/config/marcos/7/editar/','POST',NULL,'2026-03-09 13:54:41.048562',2),(889,'admin','CREATE','INFO','','','','POST /pricing/config/hojas/3/editar/','190.48.211.203','Mozilla/5.0 (Windows NT 10.0; Win64; x64) AppleWebKit/537.36 (KHTML, like Gecko) Chrome/145.0.0.0 Safari/537.36','/pricing/config/hojas/3/editar/','POST',NULL,'2026-03-09 13:55:57.168746',2),(890,'admin','CREATE','INFO','','','','POST /pricing/config/hojas/3/editar/','190.48.211.203','Mozilla/5.0 (Windows NT 10.0; Win64; x64) AppleWebKit/537.36 (KHTML, like Gecko) Chrome/145.0.0.0 Safari/537.36','/pricing/config/hojas/3/editar/','POST',NULL,'2026-03-09 13:58:46.007541',2),(891,'admin','CREATE','INFO','','','','POST /pricing/config/hojas/3/editar/','190.48.211.203','Mozilla/5.0 (Windows NT 10.0; Win64; x64) AppleWebKit/537.36 (KHTML, like Gecko) Chrome/145.0.0.0 Safari/537.36','/pricing/config/hojas/3/editar/','POST',NULL,'2026-03-09 13:59:30.123130',2),(892,'admin','CREATE','INFO','','','','POST /pricing/api/pricing/calculate/','190.48.211.203','Mozilla/5.0 (Windows NT 10.0; Win64; x64) AppleWebKit/537.36 (KHTML, like Gecko) Chrome/145.0.0.0 Safari/537.36','/pricing/api/pricing/calculate/','POST',NULL,'2026-03-09 14:48:56.666893',2),(893,'Anonymous','CREATE','INFO','','','','POST /pricing/api/pricing/calculate/','190.48.211.203','Mozilla/5.0 (Windows NT 10.0; Win64; x64) AppleWebKit/537.36 (KHTML, like Gecko) Chrome/145.0.0.0 Safari/537.36','/pricing/api/pricing/calculate/','POST',NULL,'2026-03-09 14:50:34.788446',NULL),(894,'admin','CREATE','INFO','','','','POST /login/','190.48.211.203','Mozilla/5.0 (Windows NT 10.0; Win64; x64) AppleWebKit/537.36 (KHTML, like Gecko) Chrome/145.0.0.0 Safari/537.36','/login/','POST',NULL,'2026-03-09 14:53:02.934844',2),(895,'admin','CREATE','INFO','','','','POST /pricing/config/productos/17/editar/','190.48.211.203','Mozilla/5.0 (Windows NT 10.0; Win64; x64) AppleWebKit/537.36 (KHTML, like Gecko) Chrome/145.0.0.0 Safari/537.36','/pricing/config/productos/17/editar/','POST',NULL,'2026-03-09 14:53:37.828779',2),(896,'admin','CREATE','INFO','','','','POST /pricing/config/hojas/3/editar/','190.48.211.203','Mozilla/5.0 (Windows NT 10.0; Win64; x64) AppleWebKit/537.36 (KHTML, like Gecko) Chrome/145.0.0.0 Safari/537.36','/pricing/config/hojas/3/editar/','POST',NULL,'2026-03-09 14:54:29.181976',2),(897,'admin','CREATE','INFO','','','','POST /pricing/config/hojas/3/editar/','190.48.211.203','Mozilla/5.0 (Windows NT 10.0; Win64; x64) AppleWebKit/537.36 (KHTML, like Gecko) Chrome/145.0.0.0 Safari/537.36','/pricing/config/hojas/3/editar/','POST',NULL,'2026-03-09 14:54:45.261682',2),(898,'admin','CREATE','INFO','','','','POST /pricing/config/hojas/3/editar/','190.48.211.203','Mozilla/5.0 (Windows NT 10.0; Win64; x64) AppleWebKit/537.36 (KHTML, like Gecko) Chrome/145.0.0.0 Safari/537.36','/pricing/config/hojas/3/editar/','POST',NULL,'2026-03-09 14:54:57.819258',2),(899,'admin','CREATE','INFO','','','','POST /pricing/config/hojas/3/editar/','190.48.211.203','Mozilla/5.0 (Windows NT 10.0; Win64; x64) AppleWebKit/537.36 (KHTML, like Gecko) Chrome/145.0.0.0 Safari/537.36','/pricing/config/hojas/3/editar/','POST',NULL,'2026-03-09 14:55:11.979261',2),(900,'admin','CREATE','INFO','','','','POST /pricing/config/hojas/3/editar/','190.48.211.203','Mozilla/5.0 (Windows NT 10.0; Win64; x64) AppleWebKit/537.36 (KHTML, like Gecko) Chrome/145.0.0.0 Safari/537.36','/pricing/config/hojas/3/editar/','POST',NULL,'2026-03-09 14:55:22.563045',2),(901,'admin','CREATE','INFO','','','','POST /pricing/config/hojas/3/editar/','190.48.211.203','Mozilla/5.0 (Windows NT 10.0; Win64; x64) AppleWebKit/537.36 (KHTML, like Gecko) Chrome/145.0.0.0 Safari/537.36','/pricing/config/hojas/3/editar/','POST',NULL,'2026-03-09 14:55:43.208225',2),(902,'admin','CREATE','INFO','','','','POST /pricing/config/hojas/3/editar/','190.48.211.203','Mozilla/5.0 (Windows NT 10.0; Win64; x64) AppleWebKit/537.36 (KHTML, like Gecko) Chrome/145.0.0.0 Safari/537.36','/pricing/config/hojas/3/editar/','POST',NULL,'2026-03-09 14:56:02.600863',2),(903,'admin','CREATE','INFO','','','','POST /pricing/config/hojas/3/editar/','190.48.211.203','Mozilla/5.0 (Windows NT 10.0; Win64; x64) AppleWebKit/537.36 (KHTML, like Gecko) Chrome/145.0.0.0 Safari/537.36','/pricing/config/hojas/3/editar/','POST',NULL,'2026-03-09 15:26:16.608542',2),(904,'admin','CREATE','INFO','','','','POST /pricing/api/pricing/calculate/','190.48.211.203','Mozilla/5.0 (Windows NT 10.0; Win64; x64) AppleWebKit/537.36 (KHTML, like Gecko) Chrome/145.0.0.0 Safari/537.36','/pricing/api/pricing/calculate/','POST',NULL,'2026-03-09 15:27:00.081940',2),(905,'admin','CREATE','INFO','','','','POST /pricing/api/pricing/calculate/','190.48.211.203','Mozilla/5.0 (Windows NT 10.0; Win64; x64) AppleWebKit/537.36 (KHTML, like Gecko) Chrome/145.0.0.0 Safari/537.36','/pricing/api/pricing/calculate/','POST',NULL,'2026-03-09 15:28:33.390755',2),(906,'admin','CREATE','INFO','','','','POST /pricing/config/productos/16/editar/','190.48.211.203','Mozilla/5.0 (Windows NT 10.0; Win64; x64) AppleWebKit/537.36 (KHTML, like Gecko) Chrome/145.0.0.0 Safari/537.36','/pricing/config/productos/16/editar/','POST',NULL,'2026-03-09 15:30:34.188197',2),(907,'admin','CREATE','INFO','','','','POST /pricing/api/pricing/calculate/','190.48.211.203','Mozilla/5.0 (Windows NT 10.0; Win64; x64) AppleWebKit/537.36 (KHTML, like Gecko) Chrome/145.0.0.0 Safari/537.36','/pricing/api/pricing/calculate/','POST',NULL,'2026-03-09 15:32:32.728036',2),(908,'admin','CREATE','INFO','','','','POST /pricing/api/pricing/calculate/','190.48.211.203','Mozilla/5.0 (Windows NT 10.0; Win64; x64) AppleWebKit/537.36 (KHTML, like Gecko) Chrome/145.0.0.0 Safari/537.36','/pricing/api/pricing/calculate/','POST',NULL,'2026-03-09 15:34:12.960331',2),(909,'admin','CREATE','INFO','','','','POST /pricing/api/pricing/calculate/','190.48.211.203','Mozilla/5.0 (Windows NT 10.0; Win64; x64) AppleWebKit/537.36 (KHTML, like Gecko) Chrome/145.0.0.0 Safari/537.36','/pricing/api/pricing/calculate/','POST',NULL,'2026-03-09 15:35:26.420252',2),(910,'admin','CREATE','INFO','','','','POST /login/','190.48.211.203','Mozilla/5.0 (Windows NT 10.0; Win64; x64) AppleWebKit/537.36 (KHTML, like Gecko) Chrome/145.0.0.0 Safari/537.36','/login/','POST',NULL,'2026-03-09 19:07:25.810631',2),(911,'admin','CREATE','INFO','','','','POST /login/','190.48.211.203','Mozilla/5.0 (Windows NT 10.0; Win64; x64) AppleWebKit/537.36 (KHTML, like Gecko) Chrome/145.0.0.0 Safari/537.36','/login/','POST',NULL,'2026-03-09 19:12:58.998015',2),(912,'admin','CREATE','INFO','','','','POST /pricing/config/vidrios/dvh 1/editar/','190.48.211.203','Mozilla/5.0 (Windows NT 10.0; Win64; x64) AppleWebKit/537.36 (KHTML, like Gecko) Chrome/145.0.0.0 Safari/537.36','/pricing/config/vidrios/dvh 1/editar/','POST',NULL,'2026-03-09 19:13:49.133335',2),(913,'admin','CREATE','INFO','','','','POST /pricing/config/perfiles/nuevo/','190.48.211.203','Mozilla/5.0 (Windows NT 10.0; Win64; x64) AppleWebKit/537.36 (KHTML, like Gecko) Chrome/145.0.0.0 Safari/537.36','/pricing/config/perfiles/nuevo/','POST',NULL,'2026-03-09 19:20:55.590446',2),(914,'admin','CREATE','INFO','','','','POST /pricing/config/perfiles/nuevo/','190.48.211.203','Mozilla/5.0 (Windows NT 10.0; Win64; x64) AppleWebKit/537.36 (KHTML, like Gecko) Chrome/145.0.0.0 Safari/537.36','/pricing/config/perfiles/nuevo/','POST',NULL,'2026-03-09 19:32:54.789903',2),(915,'admin','CREATE','INFO','','','','POST /pricing/config/perfiles/nuevo/','190.48.211.203','Mozilla/5.0 (Windows NT 10.0; Win64; x64) AppleWebKit/537.36 (KHTML, like Gecko) Chrome/145.0.0.0 Safari/537.36','/pricing/config/perfiles/nuevo/','POST',NULL,'2026-03-09 19:35:09.123927',2),(916,'admin','CREATE','INFO','','','','POST /pricing/config/perfiles/nuevo/','190.48.211.203','Mozilla/5.0 (Windows NT 10.0; Win64; x64) AppleWebKit/537.36 (KHTML, like Gecko) Chrome/145.0.0.0 Safari/537.36','/pricing/config/perfiles/nuevo/','POST',NULL,'2026-03-09 19:36:46.542934',2),(917,'admin','CREATE','INFO','','','','POST /pricing/config/perfiles/nuevo/','190.48.211.203','Mozilla/5.0 (Windows NT 10.0; Win64; x64) AppleWebKit/537.36 (KHTML, like Gecko) Chrome/145.0.0.0 Safari/537.36','/pricing/config/perfiles/nuevo/','POST',NULL,'2026-03-09 19:38:24.640842',2),(918,'admin','CREATE','INFO','','','','POST /pricing/api/pricing/calculate/','190.48.211.203','Mozilla/5.0 (Windows NT 10.0; Win64; x64) AppleWebKit/537.36 (KHTML, like Gecko) Chrome/145.0.0.0 Safari/537.36','/pricing/api/pricing/calculate/','POST',NULL,'2026-03-09 19:45:43.299678',2),(919,'admin','CREATE','INFO','','','','POST /pricing/api/pricing/calculate/','190.48.211.203','Mozilla/5.0 (Windows NT 10.0; Win64; x64) AppleWebKit/537.36 (KHTML, like Gecko) Chrome/145.0.0.0 Safari/537.36','/pricing/api/pricing/calculate/','POST',NULL,'2026-03-09 19:46:17.630371',2),(920,'admin','CREATE','INFO','','','','POST /pricing/api/pricing/calculate/','190.48.211.203','Mozilla/5.0 (Windows NT 10.0; Win64; x64) AppleWebKit/537.36 (KHTML, like Gecko) Chrome/145.0.0.0 Safari/537.36','/pricing/api/pricing/calculate/','POST',NULL,'2026-03-09 19:46:22.490931',2),(921,'admin','CREATE','INFO','','','','POST /login/','152.168.206.173','Mozilla/5.0 (Windows NT 10.0; Win64; x64) AppleWebKit/537.36 (KHTML, like Gecko) Chrome/145.0.0.0 Safari/537.36','/login/','POST',NULL,'2026-03-09 22:34:42.294211',2),(922,'admin','CREATE','INFO','','','','POST /pricing/config/perfiles/nuevo/','152.168.206.173','Mozilla/5.0 (Windows NT 10.0; Win64; x64) AppleWebKit/537.36 (KHTML, like Gecko) Chrome/145.0.0.0 Safari/537.36','/pricing/config/perfiles/nuevo/','POST',NULL,'2026-03-09 22:39:46.649230',2),(923,'admin','CREATE','INFO','','','','POST /pricing/config/perfiles/nuevo/','152.168.206.173','Mozilla/5.0 (Windows NT 10.0; Win64; x64) AppleWebKit/537.36 (KHTML, like Gecko) Chrome/145.0.0.0 Safari/537.36','/pricing/config/perfiles/nuevo/','POST',NULL,'2026-03-09 22:41:37.717154',2),(924,'admin','CREATE','INFO','','','','POST /pricing/config/perfiles/nuevo/','152.168.206.173','Mozilla/5.0 (Windows NT 10.0; Win64; x64) AppleWebKit/537.36 (KHTML, like Gecko) Chrome/145.0.0.0 Safari/537.36','/pricing/config/perfiles/nuevo/','POST',NULL,'2026-03-09 22:44:11.642415',2),(925,'admin','CREATE','INFO','','','','POST /pricing/config/perfiles/nuevo/','152.168.206.173','Mozilla/5.0 (Windows NT 10.0; Win64; x64) AppleWebKit/537.36 (KHTML, like Gecko) Chrome/145.0.0.0 Safari/537.36','/pricing/config/perfiles/nuevo/','POST',NULL,'2026-03-09 22:45:58.936416',2),(926,'admin','CREATE','INFO','','','','POST /pricing/config/perfiles/nuevo/','152.168.206.173','Mozilla/5.0 (Windows NT 10.0; Win64; x64) AppleWebKit/537.36 (KHTML, like Gecko) Chrome/145.0.0.0 Safari/537.36','/pricing/config/perfiles/nuevo/','POST',NULL,'2026-03-09 22:49:51.073345',2),(927,'admin','CREATE','INFO','','','','POST /pricing/config/perfiles/nuevo/','152.168.206.173','Mozilla/5.0 (Windows NT 10.0; Win64; x64) AppleWebKit/537.36 (KHTML, like Gecko) Chrome/145.0.0.0 Safari/537.36','/pricing/config/perfiles/nuevo/','POST',NULL,'2026-03-09 22:54:31.521664',2),(928,'admin','CREATE','INFO','','','','POST /pricing/config/perfiles/nuevo/','152.168.206.173','Mozilla/5.0 (Windows NT 10.0; Win64; x64) AppleWebKit/537.36 (KHTML, like Gecko) Chrome/145.0.0.0 Safari/537.36','/pricing/config/perfiles/nuevo/','POST',NULL,'2026-03-09 22:56:14.455389',2),(929,'admin','CREATE','INFO','','','','POST /pricing/config/perfiles/nuevo/','152.168.206.173','Mozilla/5.0 (Windows NT 10.0; Win64; x64) AppleWebKit/537.36 (KHTML, like Gecko) Chrome/145.0.0.0 Safari/537.36','/pricing/config/perfiles/nuevo/','POST',NULL,'2026-03-09 22:58:16.082301',2),(930,'admin','CREATE','INFO','','','','POST /pricing/config/perfiles/nuevo/','152.168.206.173','Mozilla/5.0 (Windows NT 10.0; Win64; x64) AppleWebKit/537.36 (KHTML, like Gecko) Chrome/145.0.0.0 Safari/537.36','/pricing/config/perfiles/nuevo/','POST',NULL,'2026-03-09 23:04:31.678638',2),(931,'admin','CREATE','INFO','','','','POST /pricing/config/perfiles/nuevo/','152.168.206.173','Mozilla/5.0 (Windows NT 10.0; Win64; x64) AppleWebKit/537.36 (KHTML, like Gecko) Chrome/145.0.0.0 Safari/537.36','/pricing/config/perfiles/nuevo/','POST',NULL,'2026-03-09 23:07:39.869895',2),(932,'admin','CREATE','INFO','','','','POST /pricing/config/perfiles/nuevo/','152.168.206.173','Mozilla/5.0 (Windows NT 10.0; Win64; x64) AppleWebKit/537.36 (KHTML, like Gecko) Chrome/145.0.0.0 Safari/537.36','/pricing/config/perfiles/nuevo/','POST',NULL,'2026-03-09 23:08:53.946918',2),(933,'admin','CREATE','INFO','','','','POST /pricing/config/perfiles/nuevo/','152.168.206.173','Mozilla/5.0 (Windows NT 10.0; Win64; x64) AppleWebKit/537.36 (KHTML, like Gecko) Chrome/145.0.0.0 Safari/537.36','/pricing/config/perfiles/nuevo/','POST',NULL,'2026-03-09 23:11:14.382939',2),(934,'admin','CREATE','INFO','','','','POST /pricing/config/perfiles/nuevo/','152.168.206.173','Mozilla/5.0 (Windows NT 10.0; Win64; x64) AppleWebKit/537.36 (KHTML, like Gecko) Chrome/145.0.0.0 Safari/537.36','/pricing/config/perfiles/nuevo/','POST',NULL,'2026-03-09 23:14:04.445887',2),(935,'admin','CREATE','INFO','','','','POST /pricing/config/perfiles/nuevo/','152.168.206.173','Mozilla/5.0 (Windows NT 10.0; Win64; x64) AppleWebKit/537.36 (KHTML, like Gecko) Chrome/145.0.0.0 Safari/537.36','/pricing/config/perfiles/nuevo/','POST',NULL,'2026-03-09 23:16:31.489587',2),(936,'admin','CREATE','INFO','','','','POST /pricing/config/perfiles/nuevo/','152.168.206.173','Mozilla/5.0 (Windows NT 10.0; Win64; x64) AppleWebKit/537.36 (KHTML, like Gecko) Chrome/145.0.0.0 Safari/537.36','/pricing/config/perfiles/nuevo/','POST',NULL,'2026-03-09 23:19:10.993209',2),(937,'admin','CREATE','INFO','','','','POST /pricing/config/perfiles/nuevo/','152.168.206.173','Mozilla/5.0 (Windows NT 10.0; Win64; x64) AppleWebKit/537.36 (KHTML, like Gecko) Chrome/145.0.0.0 Safari/537.36','/pricing/config/perfiles/nuevo/','POST',NULL,'2026-03-09 23:57:41.487808',2),(938,'admin','CREATE','INFO','','','','POST /pricing/config/perfiles/nuevo/','152.168.206.173','Mozilla/5.0 (Windows NT 10.0; Win64; x64) AppleWebKit/537.36 (KHTML, like Gecko) Chrome/145.0.0.0 Safari/537.36','/pricing/config/perfiles/nuevo/','POST',NULL,'2026-03-10 00:00:47.622158',2),(939,'admin','CREATE','INFO','','','','POST /pricing/config/perfiles/nuevo/','152.168.206.173','Mozilla/5.0 (Windows NT 10.0; Win64; x64) AppleWebKit/537.36 (KHTML, like Gecko) Chrome/145.0.0.0 Safari/537.36','/pricing/config/perfiles/nuevo/','POST',NULL,'2026-03-10 00:01:43.836749',2),(940,'admin','CREATE','INFO','','','','POST /pricing/config/perfiles/nuevo/','152.168.206.173','Mozilla/5.0 (Windows NT 10.0; Win64; x64) AppleWebKit/537.36 (KHTML, like Gecko) Chrome/145.0.0.0 Safari/537.36','/pricing/config/perfiles/nuevo/','POST',NULL,'2026-03-10 00:03:21.367863',2),(941,'admin','CREATE','INFO','','','','POST /pricing/config/perfiles/nuevo/','152.168.206.173','Mozilla/5.0 (Windows NT 10.0; Win64; x64) AppleWebKit/537.36 (KHTML, like Gecko) Chrome/145.0.0.0 Safari/537.36','/pricing/config/perfiles/nuevo/','POST',NULL,'2026-03-10 00:05:24.801649',2),(942,'Dario','CREATE','INFO','','','','POST /login/','152.168.206.173','Mozilla/5.0 (Linux; Android 10; K) AppleWebKit/537.36 (KHTML, like Gecko) Chrome/145.0.0.0 Mobile Safari/537.36','/login/','POST',NULL,'2026-03-10 01:02:47.898742',5),(943,'Dario','CREATE','INFO','','','','POST /login/','152.168.206.173','Mozilla/5.0 (Linux; Android 10; K) AppleWebKit/537.36 (KHTML, like Gecko) Chrome/145.0.0.0 Mobile Safari/537.36','/login/','POST',NULL,'2026-03-10 01:03:36.576316',5),(944,'Dario','CREATE','INFO','','','','POST /pricing/api/pricing/calculate/','152.168.206.173','Mozilla/5.0 (Linux; Android 10; K) AppleWebKit/537.36 (KHTML, like Gecko) Chrome/145.0.0.0 Mobile Safari/537.36','/pricing/api/pricing/calculate/','POST',NULL,'2026-03-10 01:05:11.306932',5),(945,'Dario','CREATE','INFO','','','','POST /login/','190.48.211.203','Mozilla/5.0 (Windows NT 10.0; Win64; x64) AppleWebKit/537.36 (KHTML, like Gecko) Chrome/145.0.0.0 Safari/537.36','/login/','POST',NULL,'2026-03-10 11:31:07.718195',5),(946,'Dario','CREATE','INFO','','','','POST /login/','190.48.211.203','Mozilla/5.0 (Windows NT 10.0; Win64; x64) AppleWebKit/537.36 (KHTML, like Gecko) Chrome/145.0.0.0 Safari/537.36','/login/','POST',NULL,'2026-03-10 11:45:33.853211',5),(947,'Dario','CREATE','INFO','','','','POST /login/','190.48.211.203','Mozilla/5.0 (Windows NT 10.0; Win64; x64) AppleWebKit/537.36 (KHTML, like Gecko) Chrome/145.0.0.0 Safari/537.36','/login/','POST',NULL,'2026-03-10 11:46:15.443832',5),(948,'Dario','CREATE','INFO','','','','POST /login/','190.48.211.203','Mozilla/5.0 (Windows NT 10.0; Win64; x64) AppleWebKit/537.36 (KHTML, like Gecko) Chrome/145.0.0.0 Safari/537.36','/login/','POST',NULL,'2026-03-10 11:50:08.700076',5),(949,'Dario','CREATE','INFO','','','','POST /login/','190.48.211.203','Mozilla/5.0 (Windows NT 10.0; Win64; x64) AppleWebKit/537.36 (KHTML, like Gecko) Chrome/145.0.0.0 Safari/537.36','/login/','POST',NULL,'2026-03-10 11:59:12.154501',5),(950,'admin','CREATE','INFO','','','','POST /login/','190.48.211.203','Mozilla/5.0 (Windows NT 10.0; Win64; x64) AppleWebKit/537.36 (KHTML, like Gecko) Chrome/145.0.0.0 Safari/537.36','/login/','POST',NULL,'2026-03-10 11:59:33.049291',2),(951,'admin','CREATE','INFO','','','','POST /login/','190.48.211.203','Mozilla/5.0 (Windows NT 10.0; Win64; x64) AppleWebKit/537.36 (KHTML, like Gecko) Chrome/145.0.0.0 Safari/537.36','/login/','POST',NULL,'2026-03-10 11:59:59.680151',2),(952,'Dario','CREATE','INFO','','','','POST /login/','190.48.211.203','Mozilla/5.0 (Linux; Android 10; K) AppleWebKit/537.36 (KHTML, like Gecko) Chrome/145.0.0.0 Mobile Safari/537.36','/login/','POST',NULL,'2026-03-10 12:01:30.652465',5),(953,'admin','CREATE','INFO','','','','POST /login/','190.48.211.203','Mozilla/5.0 (Windows NT 10.0; Win64; x64) AppleWebKit/537.36 (KHTML, like Gecko) Chrome/145.0.0.0 Safari/537.36','/login/','POST',NULL,'2026-03-10 12:10:02.891715',2),(954,'admin','CREATE','INFO','','','','POST /login/','190.48.211.203','Mozilla/5.0 (Windows NT 10.0; Win64; x64) AppleWebKit/537.36 (KHTML, like Gecko) Chrome/145.0.0.0 Safari/537.36','/login/','POST',NULL,'2026-03-10 12:55:21.196628',2),(955,'Dario','CREATE','INFO','','','','POST /login/','190.48.211.203','Mozilla/5.0 (Windows NT 10.0; Win64; x64) AppleWebKit/537.36 (KHTML, like Gecko) Chrome/145.0.0.0 Safari/537.36','/login/','POST',NULL,'2026-03-10 13:06:38.727637',5),(956,'Dario','CREATE','INFO','','','','POST /pricing/config/vidrios/dvh 1/editar/','190.48.211.203','Mozilla/5.0 (Windows NT 10.0; Win64; x64) AppleWebKit/537.36 (KHTML, like Gecko) Chrome/145.0.0.0 Safari/537.36','/pricing/config/vidrios/dvh 1/editar/','POST',NULL,'2026-03-10 13:10:39.820700',5),(957,'Dario','CREATE','INFO','','','','POST /pricing/config/vidrios/nuevo/','190.48.211.203','Mozilla/5.0 (Windows NT 10.0; Win64; x64) AppleWebKit/537.36 (KHTML, like Gecko) Chrome/145.0.0.0 Safari/537.36','/pricing/config/vidrios/nuevo/','POST',NULL,'2026-03-10 13:13:12.976846',5),(958,'Dario','CREATE','INFO','','','','POST /pricing/config/vidrios/nuevo/','190.48.211.203','Mozilla/5.0 (Windows NT 10.0; Win64; x64) AppleWebKit/537.36 (KHTML, like Gecko) Chrome/145.0.0.0 Safari/537.36','/pricing/config/vidrios/nuevo/','POST',NULL,'2026-03-10 13:14:33.093880',5),(959,'Dario','CREATE','INFO','','','','POST /pricing/api/pricing/calculate/','190.48.211.203','Mozilla/5.0 (Windows NT 10.0; Win64; x64) AppleWebKit/537.36 (KHTML, like Gecko) Chrome/145.0.0.0 Safari/537.36','/pricing/api/pricing/calculate/','POST',NULL,'2026-03-10 13:24:35.458645',5),(960,'Dario','CREATE','INFO','','','','POST /pricing/config/accesorios/nuevo/','190.48.211.203','Mozilla/5.0 (Windows NT 10.0; Win64; x64) AppleWebKit/537.36 (KHTML, like Gecko) Chrome/145.0.0.0 Safari/537.36','/pricing/config/accesorios/nuevo/','POST',NULL,'2026-03-10 13:35:00.981747',5),(961,'Dario','CREATE','INFO','','','','POST /pricing/config/accesorios/E69/editar/','190.48.211.203','Mozilla/5.0 (Windows NT 10.0; Win64; x64) AppleWebKit/537.36 (KHTML, like Gecko) Chrome/145.0.0.0 Safari/537.36','/pricing/config/accesorios/E69/editar/','POST',NULL,'2026-03-10 13:40:53.244335',5),(962,'Dario','CREATE','INFO','','','','POST /pricing/config/accesorios/nuevo/','190.48.211.203','Mozilla/5.0 (Windows NT 10.0; Win64; x64) AppleWebKit/537.36 (KHTML, like Gecko) Chrome/145.0.0.0 Safari/537.36','/pricing/config/accesorios/nuevo/','POST',NULL,'2026-03-10 13:49:09.578389',5),(963,'Dario','CREATE','INFO','','','','POST /pricing/config/marcos/nuevo/','190.48.211.203','Mozilla/5.0 (Windows NT 10.0; Win64; x64) AppleWebKit/537.36 (KHTML, like Gecko) Chrome/145.0.0.0 Safari/537.36','/pricing/config/marcos/nuevo/','POST',NULL,'2026-03-10 14:13:56.725312',5),(964,'Dario','CREATE','INFO','','','','POST /pricing/config/hojas/nueva/','190.48.211.203','Mozilla/5.0 (Windows NT 10.0; Win64; x64) AppleWebKit/537.36 (KHTML, like Gecko) Chrome/145.0.0.0 Safari/537.36','/pricing/config/hojas/nueva/','POST',NULL,'2026-03-10 14:15:51.494098',5),(965,'Dario','CREATE','INFO','','','','POST /pricing/config/hojas/4/editar/','190.48.211.203','Mozilla/5.0 (Windows NT 10.0; Win64; x64) AppleWebKit/537.36 (KHTML, like Gecko) Chrome/145.0.0.0 Safari/537.36','/pricing/config/hojas/4/editar/','POST',NULL,'2026-03-10 14:18:22.936005',5),(966,'Dario','CREATE','INFO','','','','POST /pricing/config/hojas/4/editar/','190.48.211.203','Mozilla/5.0 (Windows NT 10.0; Win64; x64) AppleWebKit/537.36 (KHTML, like Gecko) Chrome/145.0.0.0 Safari/537.36','/pricing/config/hojas/4/editar/','POST',NULL,'2026-03-10 14:21:31.000271',5),(967,'Dario','CREATE','INFO','','','','POST /pricing/config/hojas/4/editar/','190.48.211.203','Mozilla/5.0 (Windows NT 10.0; Win64; x64) AppleWebKit/537.36 (KHTML, like Gecko) Chrome/145.0.0.0 Safari/537.36','/pricing/config/hojas/4/editar/','POST',NULL,'2026-03-10 14:21:45.048473',5),(968,'Dario','CREATE','INFO','','','','POST /pricing/config/hojas/4/editar/','190.48.211.203','Mozilla/5.0 (Windows NT 10.0; Win64; x64) AppleWebKit/537.36 (KHTML, like Gecko) Chrome/145.0.0.0 Safari/537.36','/pricing/config/hojas/4/editar/','POST',NULL,'2026-03-10 14:21:50.518606',5),(969,'Dario','CREATE','INFO','','','','POST /pricing/api/pricing/calculate/','190.48.211.203','Mozilla/5.0 (Windows NT 10.0; Win64; x64) AppleWebKit/537.36 (KHTML, like Gecko) Chrome/145.0.0.0 Safari/537.36','/pricing/api/pricing/calculate/','POST',NULL,'2026-03-10 14:22:31.257975',5),(970,'Dario','CREATE','INFO','','','','POST /admin-usuarios/usuarios/nuevo/','190.48.211.203','Mozilla/5.0 (Windows NT 10.0; Win64; x64) AppleWebKit/537.36 (KHTML, like Gecko) Chrome/145.0.0.0 Safari/537.36','/admin-usuarios/usuarios/nuevo/','POST',NULL,'2026-03-10 14:46:42.278729',5),(971,'cristian','CREATE','INFO','','','','POST /login/','190.48.211.203','Mozilla/5.0 (Windows NT 10.0; Win64; x64) AppleWebKit/537.36 (KHTML, like Gecko) Chrome/145.0.0.0 Safari/537.36','/login/','POST',NULL,'2026-03-10 14:48:11.181732',6),(972,'Dario','CREATE','INFO','','','','POST /pricing/config/marcos/nuevo/','190.48.211.203','Mozilla/5.0 (Windows NT 10.0; Win64; x64) AppleWebKit/537.36 (KHTML, like Gecko) Chrome/145.0.0.0 Safari/537.36','/pricing/config/marcos/nuevo/','POST',NULL,'2026-03-10 15:03:14.046151',5),(973,'Dario','CREATE','INFO','','','','POST /pricing/config/marcos/nuevo/','190.48.211.203','Mozilla/5.0 (Windows NT 10.0; Win64; x64) AppleWebKit/537.36 (KHTML, like Gecko) Chrome/145.0.0.0 Safari/537.36','/pricing/config/marcos/nuevo/','POST',NULL,'2026-03-10 15:03:14.478711',5),(974,'Dario','CREATE','INFO','','','','POST /pricing/config/hojas/nueva/','190.48.211.203','Mozilla/5.0 (Windows NT 10.0; Win64; x64) AppleWebKit/537.36 (KHTML, like Gecko) Chrome/145.0.0.0 Safari/537.36','/pricing/config/hojas/nueva/','POST',NULL,'2026-03-10 15:04:08.473189',5),(975,'Dario','CREATE','INFO','','','','POST /pricing/config/hojas/nueva/','190.48.211.203','Mozilla/5.0 (Windows NT 10.0; Win64; x64) AppleWebKit/537.36 (KHTML, like Gecko) Chrome/145.0.0.0 Safari/537.36','/pricing/config/hojas/nueva/','POST',NULL,'2026-03-10 15:04:08.709702',5),(976,'Dario','CREATE','INFO','','','','POST /pricing/config/hojas/nueva/','190.48.211.203','Mozilla/5.0 (Windows NT 10.0; Win64; x64) AppleWebKit/537.36 (KHTML, like Gecko) Chrome/145.0.0.0 Safari/537.36','/pricing/config/hojas/nueva/','POST',NULL,'2026-03-10 15:04:08.971436',5),(977,'Dario','CREATE','INFO','','','','POST /pricing/config/hojas/nueva/','190.48.211.203','Mozilla/5.0 (Windows NT 10.0; Win64; x64) AppleWebKit/537.36 (KHTML, like Gecko) Chrome/145.0.0.0 Safari/537.36','/pricing/config/hojas/nueva/','POST',NULL,'2026-03-10 15:04:09.200646',5),(978,'Dario','CREATE','INFO','','','','POST /pricing/config/hojas/8/editar/','190.48.211.203','Mozilla/5.0 (Windows NT 10.0; Win64; x64) AppleWebKit/537.36 (KHTML, like Gecko) Chrome/145.0.0.0 Safari/537.36','/pricing/config/hojas/8/editar/','POST',NULL,'2026-03-10 15:10:46.084718',5),(979,'Dario','CREATE','INFO','','','','POST /pricing/config/hojas/8/editar/','190.48.211.203','Mozilla/5.0 (Windows NT 10.0; Win64; x64) AppleWebKit/537.36 (KHTML, like Gecko) Chrome/145.0.0.0 Safari/537.36','/pricing/config/hojas/8/editar/','POST',NULL,'2026-03-10 15:10:50.227720',5),(980,'Dario','CREATE','INFO','','','','POST /pricing/config/marcos/9/editar/','190.48.211.203','Mozilla/5.0 (Windows NT 10.0; Win64; x64) AppleWebKit/537.36 (KHTML, like Gecko) Chrome/145.0.0.0 Safari/537.36','/pricing/config/marcos/9/editar/','POST',NULL,'2026-03-10 15:13:51.580504',5),(981,'Dario','CREATE','INFO','','','','POST /pricing/config/marcos/9/eliminar/','190.48.211.203','Mozilla/5.0 (Windows NT 10.0; Win64; x64) AppleWebKit/537.36 (KHTML, like Gecko) Chrome/145.0.0.0 Safari/537.36','/pricing/config/marcos/9/eliminar/','POST',NULL,'2026-03-10 15:14:48.268348',5),(982,'Dario','CREATE','INFO','','','','POST /pricing/config/marcos/10/editar/','190.48.211.203','Mozilla/5.0 (Windows NT 10.0; Win64; x64) AppleWebKit/537.36 (KHTML, like Gecko) Chrome/145.0.0.0 Safari/537.36','/pricing/config/marcos/10/editar/','POST',NULL,'2026-03-10 15:15:10.683199',5),(983,'Dario','CREATE','INFO','','','','POST /pricing/config/marcos/10/editar/','190.48.211.203','Mozilla/5.0 (Windows NT 10.0; Win64; x64) AppleWebKit/537.36 (KHTML, like Gecko) Chrome/145.0.0.0 Safari/537.36','/pricing/config/marcos/10/editar/','POST',NULL,'2026-03-10 15:16:03.040308',5),(984,'Dario','CREATE','INFO','','','','POST /pricing/config/marcos/10/editar/','190.48.211.203','Mozilla/5.0 (Windows NT 10.0; Win64; x64) AppleWebKit/537.36 (KHTML, like Gecko) Chrome/145.0.0.0 Safari/537.36','/pricing/config/marcos/10/editar/','POST',NULL,'2026-03-10 15:16:03.195120',5),(985,'admin','CREATE','INFO','','','','POST /login/','190.48.211.203','Mozilla/5.0 (Windows NT 10.0; Win64; x64) AppleWebKit/537.36 (KHTML, like Gecko) Chrome/145.0.0.0 Safari/537.36','/login/','POST',NULL,'2026-03-10 15:16:57.359743',2),(986,'Dario','CREATE','INFO','','','','POST /pricing/config/marcos/nuevo/','190.48.211.203','Mozilla/5.0 (Windows NT 10.0; Win64; x64) AppleWebKit/537.36 (KHTML, like Gecko) Chrome/145.0.0.0 Safari/537.36','/pricing/config/marcos/nuevo/','POST',NULL,'2026-03-10 15:23:24.858710',5),(987,'Dario','CREATE','INFO','','','','POST /pricing/config/marcos/10/editar/','190.48.211.203','Mozilla/5.0 (Windows NT 10.0; Win64; x64) AppleWebKit/537.36 (KHTML, like Gecko) Chrome/145.0.0.0 Safari/537.36','/pricing/config/marcos/10/editar/','POST',NULL,'2026-03-10 15:26:18.691429',5),(988,'Dario','CREATE','INFO','','','','POST /pricing/config/marcos/10/eliminar/','190.48.211.203','Mozilla/5.0 (Windows NT 10.0; Win64; x64) AppleWebKit/537.36 (KHTML, like Gecko) Chrome/145.0.0.0 Safari/537.36','/pricing/config/marcos/10/eliminar/','POST',NULL,'2026-03-10 15:26:27.830149',5),(989,'admin','CREATE','INFO','','','','POST /pricing/config/hojas/6/editar/','190.48.211.203','Mozilla/5.0 (Windows NT 10.0; Win64; x64) AppleWebKit/537.36 (KHTML, like Gecko) Chrome/145.0.0.0 Safari/537.36','/pricing/config/hojas/6/editar/','POST',NULL,'2026-03-10 15:32:02.774680',2),(990,'cristian','CREATE','INFO','','','','POST /pricing/api/pricing/calculate/','190.48.211.203','Mozilla/5.0 (Windows NT 10.0; Win64; x64) AppleWebKit/537.36 (KHTML, like Gecko) Chrome/145.0.0.0 Safari/537.36','/pricing/api/pricing/calculate/','POST',NULL,'2026-03-10 15:32:57.129924',6),(991,'Dario','CREATE','INFO','','','','POST /pricing/api/pricing/calculate/','190.48.211.203','Mozilla/5.0 (Windows NT 10.0; Win64; x64) AppleWebKit/537.36 (KHTML, like Gecko) Chrome/145.0.0.0 Safari/537.36','/pricing/api/pricing/calculate/','POST',NULL,'2026-03-10 15:33:00.696435',5),(992,'admin','CREATE','INFO','','','','POST /pricing/api/pricing/calculate/','190.48.211.203','Mozilla/5.0 (Windows NT 10.0; Win64; x64) AppleWebKit/537.36 (KHTML, like Gecko) Chrome/145.0.0.0 Safari/537.36','/pricing/api/pricing/calculate/','POST',NULL,'2026-03-10 15:34:28.710064',2),(993,'admin','CREATE','INFO','','','','POST /pricing/config/marcos/11/editar/','190.48.211.203','Mozilla/5.0 (Windows NT 10.0; Win64; x64) AppleWebKit/537.36 (KHTML, like Gecko) Chrome/145.0.0.0 Safari/537.36','/pricing/config/marcos/11/editar/','POST',NULL,'2026-03-10 15:35:33.023932',2),(994,'Dario','CREATE','INFO','','','','POST /pricing/api/pricing/calculate/','190.48.211.203','Mozilla/5.0 (Windows NT 10.0; Win64; x64) AppleWebKit/537.36 (KHTML, like Gecko) Chrome/145.0.0.0 Safari/537.36','/pricing/api/pricing/calculate/','POST',NULL,'2026-03-10 15:35:41.843006',5),(995,'admin','CREATE','INFO','','','','POST /pricing/api/pricing/calculate/','190.48.211.203','Mozilla/5.0 (Windows NT 10.0; Win64; x64) AppleWebKit/537.36 (KHTML, like Gecko) Chrome/145.0.0.0 Safari/537.36','/pricing/api/pricing/calculate/','POST',NULL,'2026-03-10 15:37:54.906894',2),(996,'Dario','CREATE','INFO','','','','POST /pricing/config/productos/13/editar/','190.48.211.203','Mozilla/5.0 (Windows NT 10.0; Win64; x64) AppleWebKit/537.36 (KHTML, like Gecko) Chrome/145.0.0.0 Safari/537.36','/pricing/config/productos/13/editar/','POST',NULL,'2026-03-10 15:38:47.345923',5),(997,'Dario','CREATE','INFO','','','','POST /pricing/config/hojas/6/editar/','190.48.211.203','Mozilla/5.0 (Windows NT 10.0; Win64; x64) AppleWebKit/537.36 (KHTML, like Gecko) Chrome/145.0.0.0 Safari/537.36','/pricing/config/hojas/6/editar/','POST',NULL,'2026-03-10 15:41:53.587735',5),(998,'Dario','CREATE','INFO','','','','POST /pricing/config/hojas/6/editar/','190.48.211.203','Mozilla/5.0 (Windows NT 10.0; Win64; x64) AppleWebKit/537.36 (KHTML, like Gecko) Chrome/145.0.0.0 Safari/537.36','/pricing/config/hojas/6/editar/','POST',NULL,'2026-03-10 15:41:58.454714',5),(999,'Dario','CREATE','INFO','','','','POST /pricing/api/pricing/calculate/','190.48.211.203','Mozilla/5.0 (Windows NT 10.0; Win64; x64) AppleWebKit/537.36 (KHTML, like Gecko) Chrome/145.0.0.0 Safari/537.36','/pricing/api/pricing/calculate/','POST',NULL,'2026-03-10 15:42:48.706980',5),(1000,'Dario','CREATE','INFO','','','','POST /pricing/config/hojas/6/editar/','190.48.211.203','Mozilla/5.0 (Windows NT 10.0; Win64; x64) AppleWebKit/537.36 (KHTML, like Gecko) Chrome/145.0.0.0 Safari/537.36','/pricing/config/hojas/6/editar/','POST',NULL,'2026-03-10 15:44:44.309166',5),(1001,'Dario','CREATE','INFO','','','','POST /login/','190.48.211.203','Mozilla/5.0 (Windows NT 10.0; Win64; x64) AppleWebKit/537.36 (KHTML, like Gecko) Chrome/145.0.0.0 Safari/537.36','/login/','POST',NULL,'2026-03-10 15:46:44.251360',5),(1002,'cristian','CREATE','INFO','','','','POST /pricing/api/pricing/calculate/','190.48.211.203','Mozilla/5.0 (Windows NT 10.0; Win64; x64) AppleWebKit/537.36 (KHTML, like Gecko) Chrome/145.0.0.0 Safari/537.36','/pricing/api/pricing/calculate/','POST',NULL,'2026-03-10 15:52:20.187368',6),(1003,'cristian','CREATE','INFO','','','','POST /pricing/config/perfiles/nuevo/','190.48.211.203','Mozilla/5.0 (Windows NT 10.0; Win64; x64) AppleWebKit/537.36 (KHTML, like Gecko) Chrome/145.0.0.0 Safari/537.36','/pricing/config/perfiles/nuevo/','POST',NULL,'2026-03-10 16:10:43.121131',6),(1004,'cristian','CREATE','INFO','','','','POST /pricing/config/perfiles/nuevo/','190.48.211.203','Mozilla/5.0 (Windows NT 10.0; Win64; x64) AppleWebKit/537.36 (KHTML, like Gecko) Chrome/145.0.0.0 Safari/537.36','/pricing/config/perfiles/nuevo/','POST',NULL,'2026-03-10 16:11:27.376691',6),(1005,'cristian','CREATE','INFO','','','','POST /pricing/config/perfiles/037/editar/','190.48.211.203','Mozilla/5.0 (Windows NT 10.0; Win64; x64) AppleWebKit/537.36 (KHTML, like Gecko) Chrome/145.0.0.0 Safari/537.36','/pricing/config/perfiles/037/editar/','POST',NULL,'2026-03-10 16:13:09.707087',6),(1006,'admin','CREATE','INFO','','','','POST /pricing/config/perfiles/nuevo/','190.48.211.203','Mozilla/5.0 (Windows NT 10.0; Win64; x64) AppleWebKit/537.36 (KHTML, like Gecko) Chrome/145.0.0.0 Safari/537.36','/pricing/config/perfiles/nuevo/','POST',NULL,'2026-03-10 16:16:08.960791',2),(1007,'admin','CREATE','INFO','','','','POST /pricing/config/perfiles/Test/editar/','190.48.211.203','Mozilla/5.0 (Windows NT 10.0; Win64; x64) AppleWebKit/537.36 (KHTML, like Gecko) Chrome/145.0.0.0 Safari/537.36','/pricing/config/perfiles/Test/editar/','POST',NULL,'2026-03-10 16:16:21.272676',2),(1008,'admin','CREATE','INFO','','','','POST /pricing/config/perfiles/Test/editar/','190.48.211.203','Mozilla/5.0 (Windows NT 10.0; Win64; x64) AppleWebKit/537.36 (KHTML, like Gecko) Chrome/145.0.0.0 Safari/537.36','/pricing/config/perfiles/Test/editar/','POST',NULL,'2026-03-10 16:19:08.462117',2),(1009,'admin','CREATE','INFO','','','','POST /pricing/config/perfiles/Test/eliminar/','190.48.211.203','Mozilla/5.0 (Windows NT 10.0; Win64; x64) AppleWebKit/537.36 (KHTML, like Gecko) Chrome/145.0.0.0 Safari/537.36','/pricing/config/perfiles/Test/eliminar/','POST',NULL,'2026-03-10 16:19:14.852301',2),(1010,'cristian','CREATE','INFO','','','','POST /pricing/config/perfiles/nuevo/','190.48.211.203','Mozilla/5.0 (Windows NT 10.0; Win64; x64) AppleWebKit/537.36 (KHTML, like Gecko) Chrome/145.0.0.0 Safari/537.36','/pricing/config/perfiles/nuevo/','POST',NULL,'2026-03-10 16:22:31.896103',6),(1011,'cristian','CREATE','INFO','','','','POST /pricing/config/perfiles/nuevo/','190.48.211.203','Mozilla/5.0 (Windows NT 10.0; Win64; x64) AppleWebKit/537.36 (KHTML, like Gecko) Chrome/145.0.0.0 Safari/537.36','/pricing/config/perfiles/nuevo/','POST',NULL,'2026-03-10 16:29:07.511717',6),(1012,'cristian','CREATE','INFO','','','','POST /pricing/config/perfiles/nuevo/','190.48.211.203','Mozilla/5.0 (Windows NT 10.0; Win64; x64) AppleWebKit/537.36 (KHTML, like Gecko) Chrome/145.0.0.0 Safari/537.36','/pricing/config/perfiles/nuevo/','POST',NULL,'2026-03-10 16:50:10.998590',6),(1013,'cristian','CREATE','INFO','','','','POST /pricing/config/perfiles/nuevo/','190.48.211.203','Mozilla/5.0 (Windows NT 10.0; Win64; x64) AppleWebKit/537.36 (KHTML, like Gecko) Chrome/145.0.0.0 Safari/537.36','/pricing/config/perfiles/nuevo/','POST',NULL,'2026-03-10 16:55:10.214980',6),(1014,'Dario','CREATE','INFO','','','','POST /login/','190.48.211.203','Mozilla/5.0 (Windows NT 10.0; Win64; x64) AppleWebKit/537.36 (KHTML, like Gecko) Chrome/145.0.0.0 Safari/537.36','/login/','POST',NULL,'2026-03-10 17:00:06.529113',5),(1015,'cristian','CREATE','INFO','','','','POST /pricing/config/perfiles/nuevo/','190.48.211.203','Mozilla/5.0 (Windows NT 10.0; Win64; x64) AppleWebKit/537.36 (KHTML, like Gecko) Chrome/145.0.0.0 Safari/537.36','/pricing/config/perfiles/nuevo/','POST',NULL,'2026-03-10 17:03:05.756215',6),(1016,'cristian','CREATE','INFO','','','','POST /pricing/config/perfiles/nuevo/','190.48.211.203','Mozilla/5.0 (Windows NT 10.0; Win64; x64) AppleWebKit/537.36 (KHTML, like Gecko) Chrome/145.0.0.0 Safari/537.36','/pricing/config/perfiles/nuevo/','POST',NULL,'2026-03-10 17:04:23.426058',6),(1017,'cristian','CREATE','INFO','','','','POST /pricing/config/perfiles/nuevo/','190.48.211.203','Mozilla/5.0 (Windows NT 10.0; Win64; x64) AppleWebKit/537.36 (KHTML, like Gecko) Chrome/145.0.0.0 Safari/537.36','/pricing/config/perfiles/nuevo/','POST',NULL,'2026-03-10 17:09:33.340499',6),(1018,'cristian','CREATE','INFO','','','','POST /pricing/config/perfiles/nuevo/','190.48.211.203','Mozilla/5.0 (Windows NT 10.0; Win64; x64) AppleWebKit/537.36 (KHTML, like Gecko) Chrome/145.0.0.0 Safari/537.36','/pricing/config/perfiles/nuevo/','POST',NULL,'2026-03-10 17:10:37.340697',6),(1019,'cristian','CREATE','INFO','','','','POST /pricing/config/perfiles/nuevo/','190.48.211.203','Mozilla/5.0 (Windows NT 10.0; Win64; x64) AppleWebKit/537.36 (KHTML, like Gecko) Chrome/145.0.0.0 Safari/537.36','/pricing/config/perfiles/nuevo/','POST',NULL,'2026-03-10 17:12:19.801651',6),(1020,'cristian','CREATE','INFO','','','','POST /pricing/config/perfiles/nuevo/','190.48.211.203','Mozilla/5.0 (Windows NT 10.0; Win64; x64) AppleWebKit/537.36 (KHTML, like Gecko) Chrome/145.0.0.0 Safari/537.36','/pricing/config/perfiles/nuevo/','POST',NULL,'2026-03-10 17:13:16.436891',6),(1021,'cristian','CREATE','INFO','','','','POST /pricing/config/perfiles/nuevo/','190.48.211.203','Mozilla/5.0 (Windows NT 10.0; Win64; x64) AppleWebKit/537.36 (KHTML, like Gecko) Chrome/145.0.0.0 Safari/537.36','/pricing/config/perfiles/nuevo/','POST',NULL,'2026-03-10 17:14:24.584385',6),(1022,'cristian','CREATE','INFO','','','','POST /pricing/config/perfiles/nuevo/','190.48.211.203','Mozilla/5.0 (Windows NT 10.0; Win64; x64) AppleWebKit/537.36 (KHTML, like Gecko) Chrome/145.0.0.0 Safari/537.36','/pricing/config/perfiles/nuevo/','POST',NULL,'2026-03-10 17:16:24.781141',6),(1023,'cristian','CREATE','INFO','','','','POST /pricing/config/perfiles/nuevo/','190.48.211.203','Mozilla/5.0 (Windows NT 10.0; Win64; x64) AppleWebKit/537.36 (KHTML, like Gecko) Chrome/145.0.0.0 Safari/537.36','/pricing/config/perfiles/nuevo/','POST',NULL,'2026-03-10 17:18:25.442037',6),(1024,'cristian','CREATE','INFO','','','','POST /pricing/config/perfiles/060/editar/','190.48.211.203','Mozilla/5.0 (Windows NT 10.0; Win64; x64) AppleWebKit/537.36 (KHTML, like Gecko) Chrome/145.0.0.0 Safari/537.36','/pricing/config/perfiles/060/editar/','POST',NULL,'2026-03-10 17:19:13.093501',6),(1025,'cristian','CREATE','INFO','','','','POST /pricing/config/perfiles/nuevo/','190.48.211.203','Mozilla/5.0 (Windows NT 10.0; Win64; x64) AppleWebKit/537.36 (KHTML, like Gecko) Chrome/145.0.0.0 Safari/537.36','/pricing/config/perfiles/nuevo/','POST',NULL,'2026-03-10 17:20:22.399702',6),(1026,'cristian','CREATE','INFO','','','','POST /pricing/config/perfiles/038/editar/','190.48.211.203','Mozilla/5.0 (Windows NT 10.0; Win64; x64) AppleWebKit/537.36 (KHTML, like Gecko) Chrome/145.0.0.0 Safari/537.36','/pricing/config/perfiles/038/editar/','POST',NULL,'2026-03-10 17:20:52.523145',6),(1027,'cristian','CREATE','INFO','','','','POST /pricing/config/perfiles/nuevo/','190.48.211.203','Mozilla/5.0 (Windows NT 10.0; Win64; x64) AppleWebKit/537.36 (KHTML, like Gecko) Chrome/145.0.0.0 Safari/537.36','/pricing/config/perfiles/nuevo/','POST',NULL,'2026-03-10 17:22:49.366549',6),(1028,'cristian','CREATE','INFO','','','','POST /pricing/config/perfiles/nuevo/','190.48.211.203','Mozilla/5.0 (Windows NT 10.0; Win64; x64) AppleWebKit/537.36 (KHTML, like Gecko) Chrome/145.0.0.0 Safari/537.36','/pricing/config/perfiles/nuevo/','POST',NULL,'2026-03-10 17:23:48.851955',6),(1029,'cristian','CREATE','INFO','','','','POST /pricing/config/perfiles/nuevo/','190.48.211.203','Mozilla/5.0 (Windows NT 10.0; Win64; x64) AppleWebKit/537.36 (KHTML, like Gecko) Chrome/145.0.0.0 Safari/537.36','/pricing/config/perfiles/nuevo/','POST',NULL,'2026-03-10 17:24:43.907200',6),(1030,'cristian','CREATE','INFO','','','','POST /pricing/config/perfiles/nuevo/','190.48.211.203','Mozilla/5.0 (Windows NT 10.0; Win64; x64) AppleWebKit/537.36 (KHTML, like Gecko) Chrome/145.0.0.0 Safari/537.36','/pricing/config/perfiles/nuevo/','POST',NULL,'2026-03-10 17:25:39.994247',6),(1031,'cristian','CREATE','INFO','','','','POST /pricing/config/perfiles/nuevo/','190.48.211.203','Mozilla/5.0 (Windows NT 10.0; Win64; x64) AppleWebKit/537.36 (KHTML, like Gecko) Chrome/145.0.0.0 Safari/537.36','/pricing/config/perfiles/nuevo/','POST',NULL,'2026-03-10 17:26:31.439388',6),(1032,'cristian','CREATE','INFO','','','','POST /pricing/config/perfiles/nuevo/','190.48.211.203','Mozilla/5.0 (Windows NT 10.0; Win64; x64) AppleWebKit/537.36 (KHTML, like Gecko) Chrome/145.0.0.0 Safari/537.36','/pricing/config/perfiles/nuevo/','POST',NULL,'2026-03-10 17:27:40.357015',6),(1033,'cristian','CREATE','INFO','','','','POST /pricing/config/perfiles/080/editar/','190.48.211.203','Mozilla/5.0 (Windows NT 10.0; Win64; x64) AppleWebKit/537.36 (KHTML, like Gecko) Chrome/145.0.0.0 Safari/537.36','/pricing/config/perfiles/080/editar/','POST',NULL,'2026-03-10 17:28:18.991969',6),(1034,'cristian','CREATE','INFO','','','','POST /pricing/config/perfiles/nuevo/','190.48.211.203','Mozilla/5.0 (Windows NT 10.0; Win64; x64) AppleWebKit/537.36 (KHTML, like Gecko) Chrome/145.0.0.0 Safari/537.36','/pricing/config/perfiles/nuevo/','POST',NULL,'2026-03-10 17:30:40.498107',6),(1035,'admin','CREATE','INFO','','','','POST /pricing/config/vidrios/dvh 1/editar/','190.48.211.203','Mozilla/5.0 (Windows NT 10.0; Win64; x64) AppleWebKit/537.36 (KHTML, like Gecko) Chrome/145.0.0.0 Safari/537.36','/pricing/config/vidrios/dvh 1/editar/','POST',NULL,'2026-03-10 17:33:55.009222',2),(1036,'admin','CREATE','INFO','','','','POST /pricing/api/pricing/calculate/','190.48.211.203','Mozilla/5.0 (Windows NT 10.0; Win64; x64) AppleWebKit/537.36 (KHTML, like Gecko) Chrome/145.0.0.0 Safari/537.36','/pricing/api/pricing/calculate/','POST',NULL,'2026-03-10 17:34:10.765700',2),(1037,'cristian','CREATE','INFO','','','','POST /pricing/config/perfiles/nuevo/','190.48.211.203','Mozilla/5.0 (Windows NT 10.0; Win64; x64) AppleWebKit/537.36 (KHTML, like Gecko) Chrome/145.0.0.0 Safari/537.36','/pricing/config/perfiles/nuevo/','POST',NULL,'2026-03-10 17:35:40.449404',6),(1038,'cristian','CREATE','INFO','','','','POST /pricing/config/perfiles/nuevo/','190.48.211.203','Mozilla/5.0 (Windows NT 10.0; Win64; x64) AppleWebKit/537.36 (KHTML, like Gecko) Chrome/145.0.0.0 Safari/537.36','/pricing/config/perfiles/nuevo/','POST',NULL,'2026-03-10 17:36:36.995426',6),(1039,'cristian','CREATE','INFO','','','','POST /pricing/config/perfiles/nuevo/','190.48.211.203','Mozilla/5.0 (Windows NT 10.0; Win64; x64) AppleWebKit/537.36 (KHTML, like Gecko) Chrome/145.0.0.0 Safari/537.36','/pricing/config/perfiles/nuevo/','POST',NULL,'2026-03-10 17:37:35.080616',6),(1040,'Dario','CREATE','INFO','','','','POST /pricing/config/vidrios/dvh 1/editar/','190.48.211.203','Mozilla/5.0 (Windows NT 10.0; Win64; x64) AppleWebKit/537.36 (KHTML, like Gecko) Chrome/145.0.0.0 Safari/537.36','/pricing/config/vidrios/dvh 1/editar/','POST',NULL,'2026-03-10 17:39:43.086421',5),(1041,'cristian','CREATE','INFO','','','','POST /pricing/config/perfiles/nuevo/','190.48.211.203','Mozilla/5.0 (Windows NT 10.0; Win64; x64) AppleWebKit/537.36 (KHTML, like Gecko) Chrome/145.0.0.0 Safari/537.36','/pricing/config/perfiles/nuevo/','POST',NULL,'2026-03-10 17:39:52.139927',6),(1042,'cristian','CREATE','INFO','','','','POST /pricing/config/perfiles/nuevo/','190.48.211.203','Mozilla/5.0 (Windows NT 10.0; Win64; x64) AppleWebKit/537.36 (KHTML, like Gecko) Chrome/145.0.0.0 Safari/537.36','/pricing/config/perfiles/nuevo/','POST',NULL,'2026-03-10 17:49:45.623679',6),(1043,'Dario','CREATE','INFO','','','','POST /pricing/api/pricing/calculate/','190.48.211.203','Mozilla/5.0 (Windows NT 10.0; Win64; x64) AppleWebKit/537.36 (KHTML, like Gecko) Chrome/145.0.0.0 Safari/537.36','/pricing/api/pricing/calculate/','POST',NULL,'2026-03-10 17:50:56.836736',5),(1044,'cristian','CREATE','INFO','','','','POST /pricing/config/perfiles/nuevo/','190.48.211.203','Mozilla/5.0 (Windows NT 10.0; Win64; x64) AppleWebKit/537.36 (KHTML, like Gecko) Chrome/145.0.0.0 Safari/537.36','/pricing/config/perfiles/nuevo/','POST',NULL,'2026-03-10 17:51:41.630696',6),(1045,'cristian','CREATE','INFO','','','','POST /pricing/config/perfiles/nuevo/','190.48.211.203','Mozilla/5.0 (Windows NT 10.0; Win64; x64) AppleWebKit/537.36 (KHTML, like Gecko) Chrome/145.0.0.0 Safari/537.36','/pricing/config/perfiles/nuevo/','POST',NULL,'2026-03-10 17:55:15.608174',6),(1046,'cristian','CREATE','INFO','','','','POST /pricing/config/perfiles/nuevo/','190.48.211.203','Mozilla/5.0 (Windows NT 10.0; Win64; x64) AppleWebKit/537.36 (KHTML, like Gecko) Chrome/145.0.0.0 Safari/537.36','/pricing/config/perfiles/nuevo/','POST',NULL,'2026-03-10 17:57:25.870353',6),(1047,'cristian','CREATE','INFO','','','','POST /pricing/config/perfiles/nuevo/','190.48.211.203','Mozilla/5.0 (Windows NT 10.0; Win64; x64) AppleWebKit/537.36 (KHTML, like Gecko) Chrome/145.0.0.0 Safari/537.36','/pricing/config/perfiles/nuevo/','POST',NULL,'2026-03-10 18:05:25.051730',6),(1048,'cristian','CREATE','INFO','','','','POST /pricing/config/perfiles/nuevo/','190.48.211.203','Mozilla/5.0 (Windows NT 10.0; Win64; x64) AppleWebKit/537.36 (KHTML, like Gecko) Chrome/145.0.0.0 Safari/537.36','/pricing/config/perfiles/nuevo/','POST',NULL,'2026-03-10 18:16:09.568448',6),(1049,'cristian','CREATE','INFO','','','','POST /pricing/config/perfiles/nuevo/','190.48.211.203','Mozilla/5.0 (Windows NT 10.0; Win64; x64) AppleWebKit/537.36 (KHTML, like Gecko) Chrome/145.0.0.0 Safari/537.36','/pricing/config/perfiles/nuevo/','POST',NULL,'2026-03-10 18:17:43.548100',6),(1050,'cristian','CREATE','INFO','','','','POST /pricing/config/perfiles/nuevo/','190.48.211.203','Mozilla/5.0 (Windows NT 10.0; Win64; x64) AppleWebKit/537.36 (KHTML, like Gecko) Chrome/145.0.0.0 Safari/537.36','/pricing/config/perfiles/nuevo/','POST',NULL,'2026-03-10 18:17:44.028496',6),(1051,'cristian','CREATE','INFO','','','','POST /pricing/config/perfiles/nuevo/','190.48.211.203','Mozilla/5.0 (Windows NT 10.0; Win64; x64) AppleWebKit/537.36 (KHTML, like Gecko) Chrome/145.0.0.0 Safari/537.36','/pricing/config/perfiles/nuevo/','POST',NULL,'2026-03-10 18:18:03.999074',6),(1052,'admin','CREATE','INFO','','','','POST /login/','152.168.206.173','Mozilla/5.0 (Windows NT 10.0; Win64; x64) AppleWebKit/537.36 (KHTML, like Gecko) Chrome/145.0.0.0 Safari/537.36','/login/','POST',NULL,'2026-03-11 04:00:29.088750',2),(1053,'admin','CREATE','INFO','','','','POST /comercial/clientes/nuevo/','152.168.206.173','Mozilla/5.0 (Windows NT 10.0; Win64; x64) AppleWebKit/537.36 (KHTML, like Gecko) Chrome/145.0.0.0 Safari/537.36','/comercial/clientes/nuevo/','POST',NULL,'2026-03-11 04:01:22.552849',2),(1054,'admin','CREATE','INFO','','','','POST /presupuestos/nuevo/','152.168.206.173','Mozilla/5.0 (Windows NT 10.0; Win64; x64) AppleWebKit/537.36 (KHTML, like Gecko) Chrome/145.0.0.0 Safari/537.36','/presupuestos/nuevo/','POST',NULL,'2026-03-11 04:01:39.152547',2),(1055,'admin','CREATE','INFO','','','','POST /presupuestos/nuevo/','152.168.206.173','Mozilla/5.0 (Windows NT 10.0; Win64; x64) AppleWebKit/537.36 (KHTML, like Gecko) Chrome/145.0.0.0 Safari/537.36','/presupuestos/nuevo/','POST',NULL,'2026-03-11 04:04:31.321469',2),(1056,'admin','CREATE','INFO','','','','POST /pricing/api/pricing/calculate/','152.168.206.173','Mozilla/5.0 (Windows NT 10.0; Win64; x64) AppleWebKit/537.36 (KHTML, like Gecko) Chrome/145.0.0.0 Safari/537.36','/pricing/api/pricing/calculate/','POST',NULL,'2026-03-11 04:09:22.043143',2),(1057,'admin','CREATE','INFO','','','','POST /presupuestos/2/item/agregar/','152.168.206.173','Mozilla/5.0 (Windows NT 10.0; Win64; x64) AppleWebKit/537.36 (KHTML, like Gecko) Chrome/145.0.0.0 Safari/537.36','/presupuestos/2/item/agregar/','POST',NULL,'2026-03-11 04:09:29.407360',2),(1058,'admin','CREATE','INFO','','','','POST /presupuestos/2/comentar/','152.168.206.173','Mozilla/5.0 (Windows NT 10.0; Win64; x64) AppleWebKit/537.36 (KHTML, like Gecko) Chrome/145.0.0.0 Safari/537.36','/presupuestos/2/comentar/','POST',NULL,'2026-03-11 04:20:13.125697',2),(1059,'admin','CREATE','INFO','','','','POST /login/','152.168.206.173','Mozilla/5.0 (Windows NT 10.0; Win64; x64) AppleWebKit/537.36 (KHTML, like Gecko) Chrome/145.0.0.0 Safari/537.36','/login/','POST',NULL,'2026-03-11 11:39:21.043965',2),(1060,'admin','CREATE','INFO','','','','POST /pricing/api/pricing/calculate/','152.168.206.173','Mozilla/5.0 (Windows NT 10.0; Win64; x64) AppleWebKit/537.36 (KHTML, like Gecko) Chrome/145.0.0.0 Safari/537.36','/pricing/api/pricing/calculate/','POST',NULL,'2026-03-11 11:41:02.835436',2),(1061,'admin','CREATE','INFO','','','','POST /presupuestos/2/item/agregar/','152.168.206.173','Mozilla/5.0 (Windows NT 10.0; Win64; x64) AppleWebKit/537.36 (KHTML, like Gecko) Chrome/145.0.0.0 Safari/537.36','/presupuestos/2/item/agregar/','POST',NULL,'2026-03-11 11:41:18.312265',2),(1062,'admin','CREATE','INFO','','','','POST /presupuestos/2/estado/','152.168.206.173','Mozilla/5.0 (Windows NT 10.0; Win64; x64) AppleWebKit/537.36 (KHTML, like Gecko) Chrome/145.0.0.0 Safari/537.36','/presupuestos/2/estado/','POST',NULL,'2026-03-11 11:42:24.373049',2),(1063,'admin','CREATE','INFO','','','','POST /presupuestos/2/comentar/','152.168.206.173','Mozilla/5.0 (Windows NT 10.0; Win64; x64) AppleWebKit/537.36 (KHTML, like Gecko) Chrome/145.0.0.0 Safari/537.36','/presupuestos/2/comentar/','POST',NULL,'2026-03-11 11:42:48.136112',2),(1064,'admin','CREATE','INFO','','','','POST /login/','186.139.151.245','Mozilla/5.0 (Windows NT 10.0; Win64; x64) AppleWebKit/537.36 (KHTML, like Gecko) Chrome/145.0.0.0 Safari/537.36','/login/','POST',NULL,'2026-03-11 14:51:56.073678',2),(1065,'admin','CREATE','INFO','','','','POST /pricing/api/pricing/calculate/','186.139.151.245','Mozilla/5.0 (Windows NT 10.0; Win64; x64) AppleWebKit/537.36 (KHTML, like Gecko) Chrome/145.0.0.0 Safari/537.36','/pricing/api/pricing/calculate/','POST',NULL,'2026-03-11 14:52:39.162092',2),(1066,'Dario','CREATE','INFO','','','','POST /login/','190.48.214.52','Mozilla/5.0 (Windows NT 10.0; Win64; x64) AppleWebKit/537.36 (KHTML, like Gecko) Chrome/145.0.0.0 Safari/537.36','/login/','POST',NULL,'2026-03-11 15:54:18.831690',5),(1067,'Dario','CREATE','INFO','','','','POST /pricing/api/pricing/calculate/','190.48.214.52','Mozilla/5.0 (Windows NT 10.0; Win64; x64) AppleWebKit/537.36 (KHTML, like Gecko) Chrome/145.0.0.0 Safari/537.36','/pricing/api/pricing/calculate/','POST',NULL,'2026-03-11 15:54:58.708447',5),(1068,'Dario','CREATE','INFO','','','','POST /pricing/api/pricing/calculate/','190.48.214.52','Mozilla/5.0 (Windows NT 10.0; Win64; x64) AppleWebKit/537.36 (KHTML, like Gecko) Chrome/145.0.0.0 Safari/537.36','/pricing/api/pricing/calculate/','POST',NULL,'2026-03-11 15:57:07.661284',5),(1069,'Dario','CREATE','INFO','','','','POST /login/','190.48.214.52','Mozilla/5.0 (Windows NT 10.0; Win64; x64) AppleWebKit/537.36 (KHTML, like Gecko) Chrome/145.0.0.0 Safari/537.36','/login/','POST',NULL,'2026-03-11 17:23:54.556462',5),(1070,'Dario','CREATE','INFO','','','','POST /pricing/config/hojas/2/editar/','190.48.214.52','Mozilla/5.0 (Windows NT 10.0; Win64; x64) AppleWebKit/537.36 (KHTML, like Gecko) Chrome/145.0.0.0 Safari/537.36','/pricing/config/hojas/2/editar/','POST',NULL,'2026-03-11 17:25:08.359513',5),(1071,'Dario','CREATE','INFO','','','','POST /pricing/config/hojas/2/editar/','190.48.214.52','Mozilla/5.0 (Windows NT 10.0; Win64; x64) AppleWebKit/537.36 (KHTML, like Gecko) Chrome/145.0.0.0 Safari/537.36','/pricing/config/hojas/2/editar/','POST',NULL,'2026-03-11 17:25:30.767834',5),(1072,'Dario','CREATE','INFO','','','','POST /pricing/config/hojas/2/editar/','190.48.214.52','Mozilla/5.0 (Windows NT 10.0; Win64; x64) AppleWebKit/537.36 (KHTML, like Gecko) Chrome/145.0.0.0 Safari/537.36','/pricing/config/hojas/2/editar/','POST',NULL,'2026-03-11 17:27:24.162052',5),(1073,'Dario','CREATE','INFO','','','','POST /pricing/config/hojas/2/editar/','190.48.214.52','Mozilla/5.0 (Windows NT 10.0; Win64; x64) AppleWebKit/537.36 (KHTML, like Gecko) Chrome/145.0.0.0 Safari/537.36','/pricing/config/hojas/2/editar/','POST',NULL,'2026-03-11 17:27:51.535424',5),(1074,'Dario','CREATE','INFO','','','','POST /pricing/config/hojas/2/editar/','190.48.214.52','Mozilla/5.0 (Windows NT 10.0; Win64; x64) AppleWebKit/537.36 (KHTML, like Gecko) Chrome/145.0.0.0 Safari/537.36','/pricing/config/hojas/2/editar/','POST',NULL,'2026-03-11 17:28:07.442679',5),(1075,'Dario','CREATE','INFO','','','','POST /pricing/config/hojas/2/editar/','190.48.214.52','Mozilla/5.0 (Windows NT 10.0; Win64; x64) AppleWebKit/537.36 (KHTML, like Gecko) Chrome/145.0.0.0 Safari/537.36','/pricing/config/hojas/2/editar/','POST',NULL,'2026-03-11 17:28:25.471822',5),(1076,'Dario','CREATE','INFO','','','','POST /pricing/config/hojas/2/editar/','190.48.214.52','Mozilla/5.0 (Windows NT 10.0; Win64; x64) AppleWebKit/537.36 (KHTML, like Gecko) Chrome/145.0.0.0 Safari/537.36','/pricing/config/hojas/2/editar/','POST',NULL,'2026-03-11 17:28:54.617216',5),(1077,'Dario','CREATE','INFO','','','','POST /pricing/config/hojas/2/editar/','190.48.214.52','Mozilla/5.0 (Windows NT 10.0; Win64; x64) AppleWebKit/537.36 (KHTML, like Gecko) Chrome/145.0.0.0 Safari/537.36','/pricing/config/hojas/2/editar/','POST',NULL,'2026-03-11 17:29:03.139026',5),(1078,'Dario','CREATE','INFO','','','','POST /pricing/config/hojas/2/editar/','190.48.214.52','Mozilla/5.0 (Windows NT 10.0; Win64; x64) AppleWebKit/537.36 (KHTML, like Gecko) Chrome/145.0.0.0 Safari/537.36','/pricing/config/hojas/2/editar/','POST',NULL,'2026-03-11 17:29:19.430275',5),(1079,'Dario','CREATE','INFO','','','','POST /pricing/config/marcos/6/editar/','190.48.214.52','Mozilla/5.0 (Windows NT 10.0; Win64; x64) AppleWebKit/537.36 (KHTML, like Gecko) Chrome/145.0.0.0 Safari/537.36','/pricing/config/marcos/6/editar/','POST',NULL,'2026-03-11 17:30:37.211661',5),(1080,'Dario','CREATE','INFO','','','','POST /pricing/config/marcos/6/editar/','190.48.214.52','Mozilla/5.0 (Windows NT 10.0; Win64; x64) AppleWebKit/537.36 (KHTML, like Gecko) Chrome/145.0.0.0 Safari/537.36','/pricing/config/marcos/6/editar/','POST',NULL,'2026-03-11 17:30:44.487018',5),(1081,'Dario','CREATE','INFO','','','','POST /pricing/config/marcos/6/editar/','190.48.214.52','Mozilla/5.0 (Windows NT 10.0; Win64; x64) AppleWebKit/537.36 (KHTML, like Gecko) Chrome/145.0.0.0 Safari/537.36','/pricing/config/marcos/6/editar/','POST',NULL,'2026-03-11 17:30:58.067017',5),(1082,'Dario','CREATE','INFO','','','','POST /pricing/config/marcos/6/editar/','190.48.214.52','Mozilla/5.0 (Windows NT 10.0; Win64; x64) AppleWebKit/537.36 (KHTML, like Gecko) Chrome/145.0.0.0 Safari/537.36','/pricing/config/marcos/6/editar/','POST',NULL,'2026-03-11 17:32:03.601950',5),(1083,'Dario','CREATE','INFO','','','','POST /pricing/config/marcos/6/editar/','190.48.214.52','Mozilla/5.0 (Windows NT 10.0; Win64; x64) AppleWebKit/537.36 (KHTML, like Gecko) Chrome/145.0.0.0 Safari/537.36','/pricing/config/marcos/6/editar/','POST',NULL,'2026-03-11 17:32:24.433481',5),(1084,'Dario','CREATE','INFO','','','','POST /pricing/config/marcos/6/editar/','190.48.214.52','Mozilla/5.0 (Windows NT 10.0; Win64; x64) AppleWebKit/537.36 (KHTML, like Gecko) Chrome/145.0.0.0 Safari/537.36','/pricing/config/marcos/6/editar/','POST',NULL,'2026-03-11 17:32:43.314892',5),(1085,'Dario','CREATE','INFO','','','','POST /pricing/config/marcos/6/editar/','190.48.214.52','Mozilla/5.0 (Windows NT 10.0; Win64; x64) AppleWebKit/537.36 (KHTML, like Gecko) Chrome/145.0.0.0 Safari/537.36','/pricing/config/marcos/6/editar/','POST',NULL,'2026-03-11 17:32:54.715108',5),(1086,'Dario','CREATE','INFO','','','','POST /pricing/api/pricing/calculate/','190.48.214.52','Mozilla/5.0 (Windows NT 10.0; Win64; x64) AppleWebKit/537.36 (KHTML, like Gecko) Chrome/145.0.0.0 Safari/537.36','/pricing/api/pricing/calculate/','POST',NULL,'2026-03-11 17:33:40.998854',5),(1087,'Dario','CREATE','INFO','','','','POST /pricing/api/pricing/calculate/','190.48.214.52','Mozilla/5.0 (Windows NT 10.0; Win64; x64) AppleWebKit/537.36 (KHTML, like Gecko) Chrome/145.0.0.0 Safari/537.36','/pricing/api/pricing/calculate/','POST',NULL,'2026-03-11 18:08:46.298124',5),(1088,'Dario','CREATE','INFO','','','','POST /login/','152.168.206.173','Mozilla/5.0 (Linux; Android 10; K) AppleWebKit/537.36 (KHTML, like Gecko) Chrome/145.0.0.0 Mobile Safari/537.36','/login/','POST',NULL,'2026-03-11 23:18:51.335356',5),(1089,'Dario','CREATE','INFO','','','','POST /login/','152.168.206.173','Mozilla/5.0 (Linux; Android 10; K) AppleWebKit/537.36 (KHTML, like Gecko) Chrome/145.0.0.0 Mobile Safari/537.36','/login/','POST',NULL,'2026-03-11 23:19:21.880614',5),(1090,'Anonymous','CREATE','INFO','','','','POST /login/','190.48.214.52','Mozilla/5.0 (Windows NT 10.0; Win64; x64) AppleWebKit/537.36 (KHTML, like Gecko) Chrome/145.0.0.0 Safari/537.36','/login/','POST',NULL,'2026-03-12 13:18:14.190658',NULL),(1091,'Anonymous','CREATE','INFO','','','','POST /login/','190.48.214.52','Mozilla/5.0 (Windows NT 10.0; Win64; x64) AppleWebKit/537.36 (KHTML, like Gecko) Chrome/145.0.0.0 Safari/537.36','/login/','POST',NULL,'2026-03-12 13:18:34.267794',NULL),(1092,'admin','CREATE','INFO','','','','POST /login/','190.48.214.52','Mozilla/5.0 (Windows NT 10.0; Win64; x64) AppleWebKit/537.36 (KHTML, like Gecko) Chrome/145.0.0.0 Safari/537.36','/login/','POST',NULL,'2026-03-12 13:19:11.165254',2),(1093,'admin','CREATE','INFO','','','','POST /admin-usuarios/usuarios/1/editar/','190.48.214.52','Mozilla/5.0 (Windows NT 10.0; Win64; x64) AppleWebKit/537.36 (KHTML, like Gecko) Chrome/145.0.0.0 Safari/537.36','/admin-usuarios/usuarios/1/editar/','POST',NULL,'2026-03-12 13:19:44.187242',2),(1094,'romina','CREATE','INFO','','','','POST /login/','190.48.214.52','Mozilla/5.0 (Windows NT 10.0; Win64; x64) AppleWebKit/537.36 (KHTML, like Gecko) Chrome/145.0.0.0 Safari/537.36','/login/','POST',NULL,'2026-03-12 13:19:56.767360',1),(1095,'romina','CREATE','INFO','','','','POST /login/','190.48.214.52','Mozilla/5.0 (Windows NT 10.0; Win64; x64) AppleWebKit/537.36 (KHTML, like Gecko) Chrome/145.0.0.0 Safari/537.36','/login/','POST',NULL,'2026-03-12 13:20:03.258231',1),(1096,'romina','CREATE','INFO','','','','POST /login/','190.48.214.52','Mozilla/5.0 (Windows NT 10.0; Win64; x64) AppleWebKit/537.36 (KHTML, like Gecko) Chrome/145.0.0.0 Safari/537.36','/login/','POST',NULL,'2026-03-12 13:20:03.740763',1),(1097,'romina','CREATE','INFO','','','','POST /login/','190.48.214.52','Mozilla/5.0 (Windows NT 10.0; Win64; x64) AppleWebKit/537.36 (KHTML, like Gecko) Chrome/145.0.0.0 Safari/537.36','/login/','POST',NULL,'2026-03-12 13:20:31.861995',1),(1098,'romina','CREATE','INFO','','','','POST /login/','190.48.214.52','Mozilla/5.0 (Windows NT 10.0; Win64; x64) AppleWebKit/537.36 (KHTML, like Gecko) Chrome/145.0.0.0 Safari/537.36','/login/','POST',NULL,'2026-03-12 13:20:46.418816',1),(1099,'romina','CREATE','INFO','','','','POST /login/','190.48.214.52','Mozilla/5.0 (Windows NT 10.0; Win64; x64) AppleWebKit/537.36 (KHTML, like Gecko) Chrome/145.0.0.0 Safari/537.36','/login/','POST',NULL,'2026-03-12 13:20:54.638807',1),(1100,'romina','CREATE','INFO','','','','POST /login/','190.48.214.52','Mozilla/5.0 (Windows NT 10.0; Win64; x64) AppleWebKit/537.36 (KHTML, like Gecko) Chrome/145.0.0.0 Safari/537.36','/login/','POST',NULL,'2026-03-12 14:15:46.643150',1),(1101,'romina','CREATE','INFO','','','','POST /login/','190.48.214.52','Mozilla/5.0 (Windows NT 10.0; Win64; x64) AppleWebKit/537.36 (KHTML, like Gecko) Chrome/145.0.0.0 Safari/537.36','/login/','POST',NULL,'2026-03-12 14:16:07.346457',1),(1102,'romina','CREATE','INFO','','','','POST /login/','190.48.214.52','Mozilla/5.0 (Windows NT 10.0; Win64; x64) AppleWebKit/537.36 (KHTML, like Gecko) Chrome/145.0.0.0 Safari/537.36','/login/','POST',NULL,'2026-03-12 14:17:17.476293',1),(1103,'romina','CREATE','INFO','','','','POST /pricing/api/pricing/calculate/','190.48.214.52','Mozilla/5.0 (Windows NT 10.0; Win64; x64) AppleWebKit/537.36 (KHTML, like Gecko) Chrome/145.0.0.0 Safari/537.36','/pricing/api/pricing/calculate/','POST',NULL,'2026-03-12 14:17:47.401931',1),(1104,'romina','CREATE','INFO','','','','POST /login/','190.48.214.52','Mozilla/5.0 (Windows NT 10.0; Win64; x64) AppleWebKit/537.36 (KHTML, like Gecko) Chrome/145.0.0.0 Safari/537.36','/login/','POST',NULL,'2026-03-12 14:22:59.177121',1),(1105,'admin','CREATE','INFO','','','','POST /login/','190.48.214.52','Mozilla/5.0 (Windows NT 10.0; Win64; x64) AppleWebKit/537.36 (KHTML, like Gecko) Chrome/145.0.0.0 Safari/537.36','/login/','POST',NULL,'2026-03-12 14:23:54.404595',2),(1106,'romina','CREATE','INFO','','','','POST /login/','190.48.214.52','Mozilla/5.0 (Windows NT 10.0; Win64; x64) AppleWebKit/537.36 (KHTML, like Gecko) Chrome/145.0.0.0 Safari/537.36','/login/','POST',NULL,'2026-03-12 14:24:13.259865',1),(1107,'romina','CREATE','INFO','','','','POST /login/','190.48.214.52','Mozilla/5.0 (Windows NT 10.0; Win64; x64) AppleWebKit/537.36 (KHTML, like Gecko) Chrome/145.0.0.0 Safari/537.36','/login/','POST',NULL,'2026-03-12 14:40:10.359933',1),(1108,'romina','CREATE','INFO','','','','POST /comercial/reportes/gastos/','190.48.214.52','Mozilla/5.0 (Windows NT 10.0; Win64; x64) AppleWebKit/537.36 (KHTML, like Gecko) Chrome/145.0.0.0 Safari/537.36','/comercial/reportes/gastos/','POST',NULL,'2026-03-12 14:41:11.153264',1),(1109,'romina','CREATE','INFO','','','','POST /comercial/reportes/gastos/','190.48.214.52','Mozilla/5.0 (Windows NT 10.0; Win64; x64) AppleWebKit/537.36 (KHTML, like Gecko) Chrome/145.0.0.0 Safari/537.36','/comercial/reportes/gastos/','POST',NULL,'2026-03-12 14:41:19.236734',1),(1110,'romina','CREATE','INFO','','','','POST /comercial/reportes/','190.48.214.52','Mozilla/5.0 (Windows NT 10.0; Win64; x64) AppleWebKit/537.36 (KHTML, like Gecko) Chrome/145.0.0.0 Safari/537.36','/comercial/reportes/','POST',NULL,'2026-03-12 14:56:08.936329',1),(1111,'romina','CREATE','INFO','','','','POST /comercial/reportes/gastos/','190.48.214.52','Mozilla/5.0 (Windows NT 10.0; Win64; x64) AppleWebKit/537.36 (KHTML, like Gecko) Chrome/145.0.0.0 Safari/537.36','/comercial/reportes/gastos/','POST',NULL,'2026-03-12 14:59:31.342117',1),(1112,'romina','CREATE','INFO','','','','POST /comercial/reportes/gastos/','190.48.214.52','Mozilla/5.0 (Windows NT 10.0; Win64; x64) AppleWebKit/537.36 (KHTML, like Gecko) Chrome/145.0.0.0 Safari/537.36','/comercial/reportes/gastos/','POST',NULL,'2026-03-12 15:00:20.584470',1),(1113,'romina','CREATE','INFO','','','','POST /comercial/reportes/gastos/','190.48.214.52','Mozilla/5.0 (Windows NT 10.0; Win64; x64) AppleWebKit/537.36 (KHTML, like Gecko) Chrome/145.0.0.0 Safari/537.36','/comercial/reportes/gastos/','POST',NULL,'2026-03-12 15:00:38.200594',1),(1114,'romina','CREATE','INFO','','','','POST /comercial/reportes/gastos/','190.48.214.52','Mozilla/5.0 (Windows NT 10.0; Win64; x64) AppleWebKit/537.36 (KHTML, like Gecko) Chrome/145.0.0.0 Safari/537.36','/comercial/reportes/gastos/','POST',NULL,'2026-03-12 15:01:11.198845',1),(1115,'romina','CREATE','INFO','','','','POST /pricing/config/productos/17/editar/','190.48.214.52','Mozilla/5.0 (Windows NT 10.0; Win64; x64) AppleWebKit/537.36 (KHTML, like Gecko) Chrome/145.0.0.0 Safari/537.36','/pricing/config/productos/17/editar/','POST',NULL,'2026-03-12 15:15:35.289808',1),(1116,'romina','CREATE','INFO','','','','POST /configuracion/hora-hombre/','190.48.214.52','Mozilla/5.0 (Windows NT 10.0; Win64; x64) AppleWebKit/537.36 (KHTML, like Gecko) Chrome/145.0.0.0 Safari/537.36','/configuracion/hora-hombre/','POST',NULL,'2026-03-12 15:17:28.849123',1),(1117,'romina','CREATE','INFO','','','','POST /pricing/config/productos/1/editar/','190.48.214.52','Mozilla/5.0 (Windows NT 10.0; Win64; x64) AppleWebKit/537.36 (KHTML, like Gecko) Chrome/145.0.0.0 Safari/537.36','/pricing/config/productos/1/editar/','POST',NULL,'2026-03-12 15:18:03.363183',1),(1118,'romina','CREATE','INFO','','','','POST /pricing/api/pricing/calculate/','190.48.214.52','Mozilla/5.0 (Windows NT 10.0; Win64; x64) AppleWebKit/537.36 (KHTML, like Gecko) Chrome/145.0.0.0 Safari/537.36','/pricing/api/pricing/calculate/','POST',NULL,'2026-03-12 15:18:24.745011',1),(1119,'romina','CREATE','INFO','','','','POST /pricing/api/pricing/calculate/','190.48.214.52','Mozilla/5.0 (Windows NT 10.0; Win64; x64) AppleWebKit/537.36 (KHTML, like Gecko) Chrome/145.0.0.0 Safari/537.36','/pricing/api/pricing/calculate/','POST',NULL,'2026-03-12 15:29:19.234495',1),(1120,'romina','CREATE','INFO','','','','POST /pricing/api/pricing/calculate/','190.48.214.52','Mozilla/5.0 (Windows NT 10.0; Win64; x64) AppleWebKit/537.36 (KHTML, like Gecko) Chrome/145.0.0.0 Safari/537.36','/pricing/api/pricing/calculate/','POST',NULL,'2026-03-12 15:29:37.535374',1),(1121,'admin','CREATE','INFO','','','','POST /login/','190.48.214.52','Mozilla/5.0 (Windows NT 10.0; Win64; x64) AppleWebKit/537.36 (KHTML, like Gecko) Chrome/145.0.0.0 Safari/537.36','/login/','POST',NULL,'2026-03-12 16:35:56.421192',2),(1122,'Dario','CREATE','INFO','','','','POST /login/','190.48.214.52','Mozilla/5.0 (Windows NT 10.0; Win64; x64) AppleWebKit/537.36 (KHTML, like Gecko) Chrome/146.0.0.0 Safari/537.36','/login/','POST',NULL,'2026-03-12 16:38:13.161233',5),(1123,'Dario','CREATE','INFO','','','','POST /pricing/config/productos/1/editar/','190.48.214.52','Mozilla/5.0 (Windows NT 10.0; Win64; x64) AppleWebKit/537.36 (KHTML, like Gecko) Chrome/146.0.0.0 Safari/537.36','/pricing/config/productos/1/editar/','POST',NULL,'2026-03-12 16:40:18.162814',5),(1124,'Dario','CREATE','INFO','','','','POST /pricing/config/productos/2/editar/','190.48.214.52','Mozilla/5.0 (Windows NT 10.0; Win64; x64) AppleWebKit/537.36 (KHTML, like Gecko) Chrome/146.0.0.0 Safari/537.36','/pricing/config/productos/2/editar/','POST',NULL,'2026-03-12 16:47:22.369943',5),(1125,'Dario','CREATE','INFO','','','','POST /pricing/config/productos/3/editar/','190.48.214.52','Mozilla/5.0 (Windows NT 10.0; Win64; x64) AppleWebKit/537.36 (KHTML, like Gecko) Chrome/146.0.0.0 Safari/537.36','/pricing/config/productos/3/editar/','POST',NULL,'2026-03-12 16:47:35.349209',5),(1126,'Dario','CREATE','INFO','','','','POST /pricing/config/productos/4/editar/','190.48.214.52','Mozilla/5.0 (Windows NT 10.0; Win64; x64) AppleWebKit/537.36 (KHTML, like Gecko) Chrome/146.0.0.0 Safari/537.36','/pricing/config/productos/4/editar/','POST',NULL,'2026-03-12 16:47:47.790699',5),(1127,'Dario','CREATE','INFO','','','','POST /pricing/config/productos/5/editar/','190.48.214.52','Mozilla/5.0 (Windows NT 10.0; Win64; x64) AppleWebKit/537.36 (KHTML, like Gecko) Chrome/146.0.0.0 Safari/537.36','/pricing/config/productos/5/editar/','POST',NULL,'2026-03-12 16:48:04.843644',5),(1128,'Dario','CREATE','INFO','','','','POST /pricing/config/productos/6/editar/','190.48.214.52','Mozilla/5.0 (Windows NT 10.0; Win64; x64) AppleWebKit/537.36 (KHTML, like Gecko) Chrome/146.0.0.0 Safari/537.36','/pricing/config/productos/6/editar/','POST',NULL,'2026-03-12 16:48:28.656513',5),(1129,'Dario','CREATE','INFO','','','','POST /pricing/config/productos/7/editar/','190.48.214.52','Mozilla/5.0 (Windows NT 10.0; Win64; x64) AppleWebKit/537.36 (KHTML, like Gecko) Chrome/146.0.0.0 Safari/537.36','/pricing/config/productos/7/editar/','POST',NULL,'2026-03-12 16:48:44.698225',5),(1130,'Dario','CREATE','INFO','','','','POST /pricing/config/productos/8/editar/','190.48.214.52','Mozilla/5.0 (Windows NT 10.0; Win64; x64) AppleWebKit/537.36 (KHTML, like Gecko) Chrome/146.0.0.0 Safari/537.36','/pricing/config/productos/8/editar/','POST',NULL,'2026-03-12 16:49:03.067274',5),(1131,'Dario','CREATE','INFO','','','','POST /pricing/config/productos/9/editar/','190.48.214.52','Mozilla/5.0 (Windows NT 10.0; Win64; x64) AppleWebKit/537.36 (KHTML, like Gecko) Chrome/146.0.0.0 Safari/537.36','/pricing/config/productos/9/editar/','POST',NULL,'2026-03-12 16:49:19.832919',5),(1132,'Dario','CREATE','INFO','','','','POST /pricing/config/productos/10/editar/','190.48.214.52','Mozilla/5.0 (Windows NT 10.0; Win64; x64) AppleWebKit/537.36 (KHTML, like Gecko) Chrome/146.0.0.0 Safari/537.36','/pricing/config/productos/10/editar/','POST',NULL,'2026-03-12 16:49:36.248641',5),(1133,'Dario','CREATE','INFO','','','','POST /pricing/config/productos/11/editar/','190.48.214.52','Mozilla/5.0 (Windows NT 10.0; Win64; x64) AppleWebKit/537.36 (KHTML, like Gecko) Chrome/146.0.0.0 Safari/537.36','/pricing/config/productos/11/editar/','POST',NULL,'2026-03-12 16:49:53.969436',5),(1134,'Dario','CREATE','INFO','','','','POST /pricing/config/productos/12/editar/','190.48.214.52','Mozilla/5.0 (Windows NT 10.0; Win64; x64) AppleWebKit/537.36 (KHTML, like Gecko) Chrome/146.0.0.0 Safari/537.36','/pricing/config/productos/12/editar/','POST',NULL,'2026-03-12 16:50:09.709051',5),(1135,'Dario','CREATE','INFO','','','','POST /pricing/config/productos/13/editar/','190.48.214.52','Mozilla/5.0 (Windows NT 10.0; Win64; x64) AppleWebKit/537.36 (KHTML, like Gecko) Chrome/146.0.0.0 Safari/537.36','/pricing/config/productos/13/editar/','POST',NULL,'2026-03-12 16:50:33.240692',5),(1136,'Dario','CREATE','INFO','','','','POST /pricing/config/productos/14/editar/','190.48.214.52','Mozilla/5.0 (Windows NT 10.0; Win64; x64) AppleWebKit/537.36 (KHTML, like Gecko) Chrome/146.0.0.0 Safari/537.36','/pricing/config/productos/14/editar/','POST',NULL,'2026-03-12 16:51:37.955689',5),(1137,'Dario','CREATE','INFO','','','','POST /pricing/config/productos/15/editar/','190.48.214.52','Mozilla/5.0 (Windows NT 10.0; Win64; x64) AppleWebKit/537.36 (KHTML, like Gecko) Chrome/146.0.0.0 Safari/537.36','/pricing/config/productos/15/editar/','POST',NULL,'2026-03-12 16:51:55.992453',5),(1138,'Dario','CREATE','INFO','','','','POST /pricing/config/productos/16/editar/','190.48.214.52','Mozilla/5.0 (Windows NT 10.0; Win64; x64) AppleWebKit/537.36 (KHTML, like Gecko) Chrome/146.0.0.0 Safari/537.36','/pricing/config/productos/16/editar/','POST',NULL,'2026-03-12 16:52:13.630928',5),(1139,'Dario','CREATE','INFO','','','','POST /pricing/config/productos/16/editar/','190.48.214.52','Mozilla/5.0 (Windows NT 10.0; Win64; x64) AppleWebKit/537.36 (KHTML, like Gecko) Chrome/146.0.0.0 Safari/537.36','/pricing/config/productos/16/editar/','POST',NULL,'2026-03-12 16:52:43.436682',5),(1140,'Dario','CREATE','INFO','','','','POST /pricing/config/productos/17/eliminar/','190.48.214.52','Mozilla/5.0 (Windows NT 10.0; Win64; x64) AppleWebKit/537.36 (KHTML, like Gecko) Chrome/146.0.0.0 Safari/537.36','/pricing/config/productos/17/eliminar/','POST',NULL,'2026-03-12 16:53:08.427017',5),(1141,'Dario','CREATE','INFO','','','','POST /pricing/config/productos/18/editar/','190.48.214.52','Mozilla/5.0 (Windows NT 10.0; Win64; x64) AppleWebKit/537.36 (KHTML, like Gecko) Chrome/146.0.0.0 Safari/537.36','/pricing/config/productos/18/editar/','POST',NULL,'2026-03-12 16:53:28.514499',5),(1142,'Dario','CREATE','INFO','','','','POST /pricing/config/productos/19/editar/','190.48.214.52','Mozilla/5.0 (Windows NT 10.0; Win64; x64) AppleWebKit/537.36 (KHTML, like Gecko) Chrome/146.0.0.0 Safari/537.36','/pricing/config/productos/19/editar/','POST',NULL,'2026-03-12 16:53:52.311156',5),(1143,'Dario','CREATE','INFO','','','','POST /pricing/config/productos/20/editar/','190.48.214.52','Mozilla/5.0 (Windows NT 10.0; Win64; x64) AppleWebKit/537.36 (KHTML, like Gecko) Chrome/146.0.0.0 Safari/537.36','/pricing/config/productos/20/editar/','POST',NULL,'2026-03-12 16:54:12.638796',5),(1144,'Dario','CREATE','INFO','','','','POST /pricing/config/productos/21/editar/','190.48.214.52','Mozilla/5.0 (Windows NT 10.0; Win64; x64) AppleWebKit/537.36 (KHTML, like Gecko) Chrome/146.0.0.0 Safari/537.36','/pricing/config/productos/21/editar/','POST',NULL,'2026-03-12 16:54:33.229218',5),(1145,'Dario','CREATE','INFO','','','','POST /pricing/config/productos/24/editar/','190.48.214.52','Mozilla/5.0 (Windows NT 10.0; Win64; x64) AppleWebKit/537.36 (KHTML, like Gecko) Chrome/146.0.0.0 Safari/537.36','/pricing/config/productos/24/editar/','POST',NULL,'2026-03-12 16:55:46.679039',5),(1146,'Dario','CREATE','INFO','','','','POST /pricing/config/productos/23/editar/','190.48.214.52','Mozilla/5.0 (Windows NT 10.0; Win64; x64) AppleWebKit/537.36 (KHTML, like Gecko) Chrome/146.0.0.0 Safari/537.36','/pricing/config/productos/23/editar/','POST',NULL,'2026-03-12 16:56:08.371134',5),(1147,'Dario','CREATE','INFO','','','','POST /pricing/config/productos/22/editar/','190.48.214.52','Mozilla/5.0 (Windows NT 10.0; Win64; x64) AppleWebKit/537.36 (KHTML, like Gecko) Chrome/146.0.0.0 Safari/537.36','/pricing/config/productos/22/editar/','POST',NULL,'2026-03-12 16:56:29.777055',5),(1148,'Dario','CREATE','INFO','','','','POST /pricing/config/productos/25/editar/','190.48.214.52','Mozilla/5.0 (Windows NT 10.0; Win64; x64) AppleWebKit/537.36 (KHTML, like Gecko) Chrome/146.0.0.0 Safari/537.36','/pricing/config/productos/25/editar/','POST',NULL,'2026-03-12 16:57:03.875487',5),(1149,'Dario','CREATE','INFO','','','','POST /pricing/config/productos/26/editar/','190.48.214.52','Mozilla/5.0 (Windows NT 10.0; Win64; x64) AppleWebKit/537.36 (KHTML, like Gecko) Chrome/146.0.0.0 Safari/537.36','/pricing/config/productos/26/editar/','POST',NULL,'2026-03-12 16:57:32.614341',5),(1150,'Dario','CREATE','INFO','','','','POST /pricing/config/productos/27/editar/','190.48.214.52','Mozilla/5.0 (Windows NT 10.0; Win64; x64) AppleWebKit/537.36 (KHTML, like Gecko) Chrome/146.0.0.0 Safari/537.36','/pricing/config/productos/27/editar/','POST',NULL,'2026-03-12 16:58:38.024515',5),(1151,'admin','CREATE','INFO','','','','POST /login/','190.48.214.52','Mozilla/5.0 (Windows NT 10.0; Win64; x64) AppleWebKit/537.36 (KHTML, like Gecko) Chrome/145.0.0.0 Safari/537.36','/login/','POST',NULL,'2026-03-12 16:59:29.661640',2),(1152,'Dario','CREATE','INFO','','','','POST /configuracion/hora-hombre/','190.48.214.52','Mozilla/5.0 (Windows NT 10.0; Win64; x64) AppleWebKit/537.36 (KHTML, like Gecko) Chrome/146.0.0.0 Safari/537.36','/configuracion/hora-hombre/','POST',NULL,'2026-03-12 17:00:25.201857',5),(1153,'Dario','CREATE','INFO','','','','POST /configuracion/hora-hombre/','190.48.214.52','Mozilla/5.0 (Windows NT 10.0; Win64; x64) AppleWebKit/537.36 (KHTML, like Gecko) Chrome/146.0.0.0 Safari/537.36','/configuracion/hora-hombre/','POST',NULL,'2026-03-12 17:02:06.671912',5),(1154,'Dario','CREATE','INFO','','','','POST /pricing/api/pricing/calculate/','190.48.214.52','Mozilla/5.0 (Windows NT 10.0; Win64; x64) AppleWebKit/537.36 (KHTML, like Gecko) Chrome/146.0.0.0 Safari/537.36','/pricing/api/pricing/calculate/','POST',NULL,'2026-03-12 17:02:40.881091',5),(1155,'Kiara','CREATE','INFO','','','','POST /login/','190.48.214.52','Mozilla/5.0 (Windows NT 10.0; Win64; x64) AppleWebKit/537.36 (KHTML, like Gecko) Chrome/145.0.0.0 Safari/537.36','/login/','POST',NULL,'2026-03-12 17:11:44.068917',4),(1156,'Kiara','CREATE','INFO','','','','POST /login/','190.48.214.52','Mozilla/5.0 (Windows NT 10.0; Win64; x64) AppleWebKit/537.36 (KHTML, like Gecko) Chrome/145.0.0.0 Safari/537.36','/login/','POST',NULL,'2026-03-12 17:12:49.890316',4),(1157,'Kiara','CREATE','INFO','','','','POST /comercial/clientes/nuevo/','128.1.179.103','Mozilla/5.0 (Windows NT 10.0; Win64; x64) AppleWebKit/537.36 (KHTML, like Gecko) Chrome/145.0.0.0 Safari/537.36','/comercial/clientes/nuevo/','POST',NULL,'2026-03-12 17:18:41.075146',4),(1158,'Kiara','CREATE','INFO','','','','POST /comercial/ventas/nueva/','128.1.179.103','Mozilla/5.0 (Windows NT 10.0; Win64; x64) AppleWebKit/537.36 (KHTML, like Gecko) Chrome/145.0.0.0 Safari/537.36','/comercial/ventas/nueva/','POST',NULL,'2026-03-12 17:20:55.220929',4),(1159,'Kiara','CREATE','INFO','','','','POST /comercial/ventas/63/pago/','128.1.179.103','Mozilla/5.0 (Windows NT 10.0; Win64; x64) AppleWebKit/537.36 (KHTML, like Gecko) Chrome/145.0.0.0 Safari/537.36','/comercial/ventas/63/pago/','POST',NULL,'2026-03-12 17:25:06.796821',4),(1160,'Kiara','CREATE','INFO','','','','POST /comercial/ventas/64/pago/','128.1.179.103','Mozilla/5.0 (Windows NT 10.0; Win64; x64) AppleWebKit/537.36 (KHTML, like Gecko) Chrome/145.0.0.0 Safari/537.36','/comercial/ventas/64/pago/','POST',NULL,'2026-03-12 17:29:24.753531',4),(1161,'Kiara','CREATE','INFO','','','','POST /comercial/api/venta/64/cambiar-estado/','128.1.179.103','Mozilla/5.0 (Windows NT 10.0; Win64; x64) AppleWebKit/537.36 (KHTML, like Gecko) Chrome/145.0.0.0 Safari/537.36','/comercial/api/venta/64/cambiar-estado/','POST',NULL,'2026-03-12 17:31:40.088736',4),(1162,'Kiara','CREATE','INFO','','','','POST /comercial/api/venta/63/cambiar-estado/','128.1.179.103','Mozilla/5.0 (Windows NT 10.0; Win64; x64) AppleWebKit/537.36 (KHTML, like Gecko) Chrome/145.0.0.0 Safari/537.36','/comercial/api/venta/63/cambiar-estado/','POST',NULL,'2026-03-12 17:32:57.248723',4),(1163,'admin','CREATE','INFO','','','','POST /plantillas/opcionales/crear/','190.48.214.52','Mozilla/5.0 (Windows NT 10.0; Win64; x64) AppleWebKit/537.36 (KHTML, like Gecko) Chrome/145.0.0.0 Safari/537.36','/plantillas/opcionales/crear/','POST',NULL,'2026-03-12 17:39:52.684466',2),(1164,'Dario','CREATE','INFO','','','','POST /login/','190.48.214.52','Mozilla/5.0 (Windows NT 10.0; Win64; x64) AppleWebKit/537.36 (KHTML, like Gecko) Chrome/146.0.0.0 Safari/537.36','/login/','POST',NULL,'2026-03-12 17:42:54.976325',5),(1165,'Dario','CREATE','INFO','','','','POST /pricing/config/productos/29/editar/','190.48.214.52','Mozilla/5.0 (Windows NT 10.0; Win64; x64) AppleWebKit/537.36 (KHTML, like Gecko) Chrome/146.0.0.0 Safari/537.36','/pricing/config/productos/29/editar/','POST',NULL,'2026-03-12 17:43:17.547951',5),(1166,'Dario','CREATE','INFO','','','','POST /pricing/config/productos/28/editar/','190.48.214.52','Mozilla/5.0 (Windows NT 10.0; Win64; x64) AppleWebKit/537.36 (KHTML, like Gecko) Chrome/146.0.0.0 Safari/537.36','/pricing/config/productos/28/editar/','POST',NULL,'2026-03-12 17:46:07.277218',5),(1167,'Dario','CREATE','INFO','','','','POST /pricing/config/productos/30/editar/','190.48.214.52','Mozilla/5.0 (Windows NT 10.0; Win64; x64) AppleWebKit/537.36 (KHTML, like Gecko) Chrome/146.0.0.0 Safari/537.36','/pricing/config/productos/30/editar/','POST',NULL,'2026-03-12 17:47:19.834552',5),(1168,'Dario','CREATE','INFO','','','','POST /pricing/config/productos/31/editar/','190.48.214.52','Mozilla/5.0 (Windows NT 10.0; Win64; x64) AppleWebKit/537.36 (KHTML, like Gecko) Chrome/146.0.0.0 Safari/537.36','/pricing/config/productos/31/editar/','POST',NULL,'2026-03-12 17:48:26.340520',5),(1169,'Dario','CREATE','INFO','','','','POST /pricing/config/perfiles/02744/editar/','190.48.214.52','Mozilla/5.0 (Windows NT 10.0; Win64; x64) AppleWebKit/537.36 (KHTML, like Gecko) Chrome/146.0.0.0 Safari/537.36','/pricing/config/perfiles/02744/editar/','POST',NULL,'2026-03-12 17:49:57.888838',5),(1170,'Kiara','CREATE','INFO','','','','POST /comercial/clientes/nuevo/','128.1.179.103','Mozilla/5.0 (Windows NT 10.0; Win64; x64) AppleWebKit/537.36 (KHTML, like Gecko) Chrome/145.0.0.0 Safari/537.36','/comercial/clientes/nuevo/','POST',NULL,'2026-03-12 17:50:23.272435',4),(1171,'Dario','CREATE','INFO','','','','POST /pricing/config/perfiles/261/editar/','190.48.214.52','Mozilla/5.0 (Windows NT 10.0; Win64; x64) AppleWebKit/537.36 (KHTML, like Gecko) Chrome/146.0.0.0 Safari/537.36','/pricing/config/perfiles/261/editar/','POST',NULL,'2026-03-12 17:50:32.023833',5),(1172,'Dario','CREATE','INFO','','','','POST /pricing/config/perfiles/2744/editar/','190.48.214.52','Mozilla/5.0 (Windows NT 10.0; Win64; x64) AppleWebKit/537.36 (KHTML, like Gecko) Chrome/146.0.0.0 Safari/537.36','/pricing/config/perfiles/2744/editar/','POST',NULL,'2026-03-12 17:51:00.645786',5),(1173,'Dario','CREATE','INFO','','','','POST /pricing/config/perfiles/62/editar/','190.48.214.52','Mozilla/5.0 (Windows NT 10.0; Win64; x64) AppleWebKit/537.36 (KHTML, like Gecko) Chrome/146.0.0.0 Safari/537.36','/pricing/config/perfiles/62/editar/','POST',NULL,'2026-03-12 17:52:08.824864',5),(1174,'Dario','CREATE','INFO','','','','POST /pricing/config/perfiles/293/editar/','190.48.214.52','Mozilla/5.0 (Windows NT 10.0; Win64; x64) AppleWebKit/537.36 (KHTML, like Gecko) Chrome/146.0.0.0 Safari/537.36','/pricing/config/perfiles/293/editar/','POST',NULL,'2026-03-12 17:52:32.024740',5),(1175,'Dario','CREATE','INFO','','','','POST /pricing/config/perfiles/294/editar/','190.48.214.52','Mozilla/5.0 (Windows NT 10.0; Win64; x64) AppleWebKit/537.36 (KHTML, like Gecko) Chrome/146.0.0.0 Safari/537.36','/pricing/config/perfiles/294/editar/','POST',NULL,'2026-03-12 17:53:48.410344',5),(1176,'Kiara','CREATE','INFO','','','','POST /comercial/ventas/nueva/','128.1.179.103','Mozilla/5.0 (Windows NT 10.0; Win64; x64) AppleWebKit/537.36 (KHTML, like Gecko) Chrome/145.0.0.0 Safari/537.36','/comercial/ventas/nueva/','POST',NULL,'2026-03-12 17:53:49.223972',4),(1177,'Dario','CREATE','INFO','','','','POST /pricing/config/perfiles/63/editar/','190.48.214.52','Mozilla/5.0 (Windows NT 10.0; Win64; x64) AppleWebKit/537.36 (KHTML, like Gecko) Chrome/146.0.0.0 Safari/537.36','/pricing/config/perfiles/63/editar/','POST',NULL,'2026-03-12 17:54:13.123498',5),(1178,'Kiara','CREATE','INFO','','','','POST /comercial/ventas/104/pago/','128.1.179.103','Mozilla/5.0 (Windows NT 10.0; Win64; x64) AppleWebKit/537.36 (KHTML, like Gecko) Chrome/145.0.0.0 Safari/537.36','/comercial/ventas/104/pago/','POST',NULL,'2026-03-12 17:55:02.272030',4),(1179,'Dario','CREATE','INFO','','','','POST /pricing/config/perfiles/374/editar/','190.48.214.52','Mozilla/5.0 (Windows NT 10.0; Win64; x64) AppleWebKit/537.36 (KHTML, like Gecko) Chrome/146.0.0.0 Safari/537.36','/pricing/config/perfiles/374/editar/','POST',NULL,'2026-03-12 17:55:22.637756',5),(1180,'Dario','CREATE','INFO','','','','POST /pricing/config/perfiles/040/editar/','190.48.214.52','Mozilla/5.0 (Windows NT 10.0; Win64; x64) AppleWebKit/537.36 (KHTML, like Gecko) Chrome/146.0.0.0 Safari/537.36','/pricing/config/perfiles/040/editar/','POST',NULL,'2026-03-12 17:55:41.415687',5),(1181,'romina','CREATE','INFO','','','','POST /login/','190.48.214.52','Mozilla/5.0 (Windows NT 10.0; Win64; x64) AppleWebKit/537.36 (KHTML, like Gecko) Chrome/145.0.0.0 Safari/537.36','/login/','POST',NULL,'2026-03-12 17:59:52.015649',1),(1182,'Kiara','CREATE','INFO','','','','POST /comercial/compras/nueva/','128.1.179.103','Mozilla/5.0 (Windows NT 10.0; Win64; x64) AppleWebKit/537.36 (KHTML, like Gecko) Chrome/145.0.0.0 Safari/537.36','/comercial/compras/nueva/','POST',NULL,'2026-03-12 18:03:48.399897',4),(1183,'Kiara','CREATE','INFO','','','','POST /comercial/compras/nueva/','128.1.179.103','Mozilla/5.0 (Windows NT 10.0; Win64; x64) AppleWebKit/537.36 (KHTML, like Gecko) Chrome/145.0.0.0 Safari/537.36','/comercial/compras/nueva/','POST',NULL,'2026-03-12 18:06:36.043221',4),(1184,'Kiara','CREATE','INFO','','','','POST /comercial/ventas/46/pago/','128.1.179.103','Mozilla/5.0 (Windows NT 10.0; Win64; x64) AppleWebKit/537.36 (KHTML, like Gecko) Chrome/145.0.0.0 Safari/537.36','/comercial/ventas/46/pago/','POST',NULL,'2026-03-12 18:10:16.341466',4),(1185,'Kiara','CREATE','INFO','','','','POST /comercial/api/pago/57/eliminar/','128.1.179.103','Mozilla/5.0 (Windows NT 10.0; Win64; x64) AppleWebKit/537.36 (KHTML, like Gecko) Chrome/145.0.0.0 Safari/537.36','/comercial/api/pago/57/eliminar/','POST',NULL,'2026-03-12 18:12:08.022436',4),(1186,'Kiara','CREATE','INFO','','','','POST /comercial/ventas/46/pago/','128.1.179.103','Mozilla/5.0 (Windows NT 10.0; Win64; x64) AppleWebKit/537.36 (KHTML, like Gecko) Chrome/145.0.0.0 Safari/537.36','/comercial/ventas/46/pago/','POST',NULL,'2026-03-12 18:21:55.396152',4),(1187,'Kiara','CREATE','INFO','','','','POST /comercial/api/venta/46/guardar-nota/','128.1.179.103','Mozilla/5.0 (Windows NT 10.0; Win64; x64) AppleWebKit/537.36 (KHTML, like Gecko) Chrome/145.0.0.0 Safari/537.36','/comercial/api/venta/46/guardar-nota/','POST',NULL,'2026-03-12 18:24:13.819833',4),(1188,'Kiara','CREATE','INFO','','','','POST /comercial/ventas/46/pago/','128.1.179.103','Mozilla/5.0 (Windows NT 10.0; Win64; x64) AppleWebKit/537.36 (KHTML, like Gecko) Chrome/145.0.0.0 Safari/537.36','/comercial/ventas/46/pago/','POST',NULL,'2026-03-12 18:24:31.638058',4),(1189,'Kiara','CREATE','INFO','','','','POST /comercial/api/venta/46/cambiar-estado/','128.1.179.103','Mozilla/5.0 (Windows NT 10.0; Win64; x64) AppleWebKit/537.36 (KHTML, like Gecko) Chrome/145.0.0.0 Safari/537.36','/comercial/api/venta/46/cambiar-estado/','POST',NULL,'2026-03-12 18:24:42.997014',4),(1190,'admin','CREATE','INFO','','','','POST /plantillas/opcionales/1/editar/','190.48.214.52','Mozilla/5.0 (Windows NT 10.0; Win64; x64) AppleWebKit/537.36 (KHTML, like Gecko) Chrome/145.0.0.0 Safari/537.36','/plantillas/opcionales/1/editar/','POST',NULL,'2026-03-12 18:26:48.892567',2),(1191,'Kiara','CREATE','INFO','','','','POST /comercial/compras/97/editar/','128.1.179.103','Mozilla/5.0 (Windows NT 10.0; Win64; x64) AppleWebKit/537.36 (KHTML, like Gecko) Chrome/145.0.0.0 Safari/537.36','/comercial/compras/97/editar/','POST',NULL,'2026-03-12 18:29:43.972534',4),(1192,'Kiara','CREATE','INFO','','','','POST /comercial/compras/nueva/','128.1.179.103','Mozilla/5.0 (Windows NT 10.0; Win64; x64) AppleWebKit/537.36 (KHTML, like Gecko) Chrome/145.0.0.0 Safari/537.36','/comercial/compras/nueva/','POST',NULL,'2026-03-12 18:31:40.872463',4),(1193,'Kiara','CREATE','INFO','','','','POST /comercial/compras/nueva/','128.1.179.103','Mozilla/5.0 (Windows NT 10.0; Win64; x64) AppleWebKit/537.36 (KHTML, like Gecko) Chrome/145.0.0.0 Safari/537.36','/comercial/compras/nueva/','POST',NULL,'2026-03-12 18:35:51.430298',4),(1194,'romina','CREATE','INFO','','','','POST /login/','190.48.214.52','Mozilla/5.0 (Windows NT 10.0; Win64; x64) AppleWebKit/537.36 (KHTML, like Gecko) Chrome/145.0.0.0 Safari/537.36','/login/','POST',NULL,'2026-03-12 18:46:48.009075',1),(1195,'Kiara','CREATE','INFO','','','','POST /comercial/compras/nueva/','128.1.179.103','Mozilla/5.0 (Windows NT 10.0; Win64; x64) AppleWebKit/537.36 (KHTML, like Gecko) Chrome/145.0.0.0 Safari/537.36','/comercial/compras/nueva/','POST',NULL,'2026-03-12 18:48:36.065798',4),(1196,'admin','CREATE','INFO','','','','POST /plantillas/opcionales/1/formulas/guardar/','190.48.214.52','Mozilla/5.0 (Windows NT 10.0; Win64; x64) AppleWebKit/537.36 (KHTML, like Gecko) Chrome/145.0.0.0 Safari/537.36','/plantillas/opcionales/1/formulas/guardar/','POST',NULL,'2026-03-12 18:49:57.020961',2),(1197,'Kiara','CREATE','INFO','','','','POST /comercial/compras/nueva/','128.1.179.103','Mozilla/5.0 (Windows NT 10.0; Win64; x64) AppleWebKit/537.36 (KHTML, like Gecko) Chrome/145.0.0.0 Safari/537.36','/comercial/compras/nueva/','POST',NULL,'2026-03-12 18:50:03.436730',4),(1198,'Kiara','CREATE','INFO','','','','POST /comercial/compras/nueva/','128.1.179.103','Mozilla/5.0 (Windows NT 10.0; Win64; x64) AppleWebKit/537.36 (KHTML, like Gecko) Chrome/145.0.0.0 Safari/537.36','/comercial/compras/nueva/','POST',NULL,'2026-03-12 18:51:39.410617',4),(1199,'romina','CREATE','INFO','','','','POST /comercial/compras/nueva/','190.48.214.52','Mozilla/5.0 (Windows NT 10.0; Win64; x64) AppleWebKit/537.36 (KHTML, like Gecko) Chrome/145.0.0.0 Safari/537.36','/comercial/compras/nueva/','POST',NULL,'2026-03-12 18:53:13.046812',1),(1200,'Kiara','CREATE','INFO','','','','POST /comercial/compras/nueva/','128.1.179.103','Mozilla/5.0 (Windows NT 10.0; Win64; x64) AppleWebKit/537.36 (KHTML, like Gecko) Chrome/145.0.0.0 Safari/537.36','/comercial/compras/nueva/','POST',NULL,'2026-03-12 18:53:27.499788',4),(1201,'Kiara','CREATE','INFO','','','','POST /comercial/cuentas/nueva/','128.1.179.103','Mozilla/5.0 (Windows NT 10.0; Win64; x64) AppleWebKit/537.36 (KHTML, like Gecko) Chrome/145.0.0.0 Safari/537.36','/comercial/cuentas/nueva/','POST',NULL,'2026-03-12 18:55:36.045034',4),(1202,'Kiara','CREATE','INFO','','','','POST /comercial/compras/nueva/','128.1.179.103','Mozilla/5.0 (Windows NT 10.0; Win64; x64) AppleWebKit/537.36 (KHTML, like Gecko) Chrome/145.0.0.0 Safari/537.36','/comercial/compras/nueva/','POST',NULL,'2026-03-12 18:57:01.142900',4),(1203,'romina','CREATE','INFO','','','','POST /comercial/compras/nueva/','190.48.214.52','Mozilla/5.0 (Windows NT 10.0; Win64; x64) AppleWebKit/537.36 (KHTML, like Gecko) Chrome/145.0.0.0 Safari/537.36','/comercial/compras/nueva/','POST',NULL,'2026-03-12 19:12:20.646976',1),(1204,'Kiara','CREATE','INFO','','','','POST /comercial/clientes/nuevo/','128.1.179.103','Mozilla/5.0 (Windows NT 10.0; Win64; x64) AppleWebKit/537.36 (KHTML, like Gecko) Chrome/145.0.0.0 Safari/537.36','/comercial/clientes/nuevo/','POST',NULL,'2026-03-12 19:12:20.905396',4),(1205,'romina','CREATE','INFO','','','','POST /comercial/reportes/gastos/','190.48.214.52','Mozilla/5.0 (Windows NT 10.0; Win64; x64) AppleWebKit/537.36 (KHTML, like Gecko) Chrome/145.0.0.0 Safari/537.36','/comercial/reportes/gastos/','POST',NULL,'2026-03-12 19:13:12.470159',1),(1206,'Kiara','CREATE','INFO','','','','POST /comercial/ventas/nueva/','128.1.179.103','Mozilla/5.0 (Windows NT 10.0; Win64; x64) AppleWebKit/537.36 (KHTML, like Gecko) Chrome/145.0.0.0 Safari/537.36','/comercial/ventas/nueva/','POST',NULL,'2026-03-12 19:13:25.662626',4),(1207,'romina','CREATE','INFO','','','','POST /comercial/reportes/gastos/','190.48.214.52','Mozilla/5.0 (Windows NT 10.0; Win64; x64) AppleWebKit/537.36 (KHTML, like Gecko) Chrome/145.0.0.0 Safari/537.36','/comercial/reportes/gastos/','POST',NULL,'2026-03-12 19:13:53.030211',1),(1208,'romina','CREATE','INFO','','','','POST /comercial/reportes/gastos/','190.48.214.52','Mozilla/5.0 (Windows NT 10.0; Win64; x64) AppleWebKit/537.36 (KHTML, like Gecko) Chrome/145.0.0.0 Safari/537.36','/comercial/reportes/gastos/','POST',NULL,'2026-03-12 19:14:10.917342',1),(1209,'Kiara','CREATE','INFO','','','','POST /comercial/clientes/nuevo/','128.1.179.103','Mozilla/5.0 (Windows NT 10.0; Win64; x64) AppleWebKit/537.36 (KHTML, like Gecko) Chrome/145.0.0.0 Safari/537.36','/comercial/clientes/nuevo/','POST',NULL,'2026-03-12 19:15:11.025592',4),(1210,'Kiara','CREATE','INFO','','','','POST /comercial/ventas/nueva/','128.1.179.103','Mozilla/5.0 (Windows NT 10.0; Win64; x64) AppleWebKit/537.36 (KHTML, like Gecko) Chrome/145.0.0.0 Safari/537.36','/comercial/ventas/nueva/','POST',NULL,'2026-03-12 19:17:11.938517',4),(1211,'Kiara','CREATE','INFO','','','','POST /comercial/clientes/nuevo/','128.1.179.103','Mozilla/5.0 (Windows NT 10.0; Win64; x64) AppleWebKit/537.36 (KHTML, like Gecko) Chrome/145.0.0.0 Safari/537.36','/comercial/clientes/nuevo/','POST',NULL,'2026-03-12 19:21:01.193562',4),(1212,'Kiara','CREATE','INFO','','','','POST /comercial/ventas/nueva/','190.48.193.13','Mozilla/5.0 (Windows NT 10.0; Win64; x64) AppleWebKit/537.36 (KHTML, like Gecko) Chrome/145.0.0.0 Safari/537.36','/comercial/ventas/nueva/','POST',NULL,'2026-03-12 19:25:10.228918',4),(1213,'Kiara','CREATE','INFO','','','','POST /comercial/clientes/nuevo/','104.166.164.34','Mozilla/5.0 (Windows NT 10.0; Win64; x64) AppleWebKit/537.36 (KHTML, like Gecko) Chrome/145.0.0.0 Safari/537.36','/comercial/clientes/nuevo/','POST',NULL,'2026-03-12 19:27:39.404765',4),(1214,'Kiara','CREATE','INFO','','','','POST /comercial/ventas/nueva/','104.166.164.34','Mozilla/5.0 (Windows NT 10.0; Win64; x64) AppleWebKit/537.36 (KHTML, like Gecko) Chrome/145.0.0.0 Safari/537.36','/comercial/ventas/nueva/','POST',NULL,'2026-03-12 19:29:49.226595',4),(1215,'Kiara','CREATE','INFO','','','','POST /comercial/clientes/nuevo/','104.166.164.34','Mozilla/5.0 (Windows NT 10.0; Win64; x64) AppleWebKit/537.36 (KHTML, like Gecko) Chrome/145.0.0.0 Safari/537.36','/comercial/clientes/nuevo/','POST',NULL,'2026-03-12 19:31:44.173336',4),(1216,'Kiara','CREATE','INFO','','','','POST /comercial/ventas/nueva/','104.166.164.34','Mozilla/5.0 (Windows NT 10.0; Win64; x64) AppleWebKit/537.36 (KHTML, like Gecko) Chrome/145.0.0.0 Safari/537.36','/comercial/ventas/nueva/','POST',NULL,'2026-03-12 19:33:18.657118',4),(1217,'Kiara','CREATE','INFO','','','','POST /comercial/clientes/nuevo/','104.166.164.34','Mozilla/5.0 (Windows NT 10.0; Win64; x64) AppleWebKit/537.36 (KHTML, like Gecko) Chrome/145.0.0.0 Safari/537.36','/comercial/clientes/nuevo/','POST',NULL,'2026-03-12 19:34:50.354408',4),(1218,'Kiara','CREATE','INFO','','','','POST /comercial/ventas/nueva/','104.166.164.34','Mozilla/5.0 (Windows NT 10.0; Win64; x64) AppleWebKit/537.36 (KHTML, like Gecko) Chrome/145.0.0.0 Safari/537.36','/comercial/ventas/nueva/','POST',NULL,'2026-03-12 19:36:08.148104',4),(1219,'Kiara','CREATE','INFO','','','','POST /comercial/clientes/nuevo/','104.166.164.34','Mozilla/5.0 (Windows NT 10.0; Win64; x64) AppleWebKit/537.36 (KHTML, like Gecko) Chrome/145.0.0.0 Safari/537.36','/comercial/clientes/nuevo/','POST',NULL,'2026-03-12 19:40:08.535545',4),(1220,'Kiara','CREATE','INFO','','','','POST /comercial/ventas/nueva/','104.166.164.34','Mozilla/5.0 (Windows NT 10.0; Win64; x64) AppleWebKit/537.36 (KHTML, like Gecko) Chrome/145.0.0.0 Safari/537.36','/comercial/ventas/nueva/','POST',NULL,'2026-03-12 19:43:14.375580',4),(1221,'Kiara','CREATE','INFO','','','','POST /comercial/clientes/nuevo/','104.166.164.34','Mozilla/5.0 (Windows NT 10.0; Win64; x64) AppleWebKit/537.36 (KHTML, like Gecko) Chrome/145.0.0.0 Safari/537.36','/comercial/clientes/nuevo/','POST',NULL,'2026-03-12 19:48:26.296546',4),(1222,'admin','CREATE','INFO','','','','POST /plantillas/opcionales/crear/','190.48.193.13','Mozilla/5.0 (Windows NT 10.0; Win64; x64) AppleWebKit/537.36 (KHTML, like Gecko) Chrome/145.0.0.0 Safari/537.36','/plantillas/opcionales/crear/','POST',NULL,'2026-03-12 19:48:51.866974',2),(1223,'admin','CREATE','INFO','','','','POST /plantillas/opcionales/2/relaciones/guardar/','190.48.193.13','Mozilla/5.0 (Windows NT 10.0; Win64; x64) AppleWebKit/537.36 (KHTML, like Gecko) Chrome/145.0.0.0 Safari/537.36','/plantillas/opcionales/2/relaciones/guardar/','POST',NULL,'2026-03-12 19:49:14.691324',2),(1224,'admin','CREATE','INFO','','','','POST /plantillas/opcionales/2/editar/','190.48.193.13','Mozilla/5.0 (Windows NT 10.0; Win64; x64) AppleWebKit/537.36 (KHTML, like Gecko) Chrome/145.0.0.0 Safari/537.36','/plantillas/opcionales/2/editar/','POST',NULL,'2026-03-12 19:50:11.866074',2),(1225,'Kiara','CREATE','INFO','','','','POST /comercial/ventas/nueva/','104.166.164.34','Mozilla/5.0 (Windows NT 10.0; Win64; x64) AppleWebKit/537.36 (KHTML, like Gecko) Chrome/145.0.0.0 Safari/537.36','/comercial/ventas/nueva/','POST',NULL,'2026-03-12 19:50:20.096343',4),(1226,'admin','CREATE','INFO','','','','POST /plantillas/opcionales/crear/','190.48.193.13','Mozilla/5.0 (Windows NT 10.0; Win64; x64) AppleWebKit/537.36 (KHTML, like Gecko) Chrome/145.0.0.0 Safari/537.36','/plantillas/opcionales/crear/','POST',NULL,'2026-03-12 19:50:29.271385',2),(1227,'Dario','CREATE','INFO','','','','POST /login/','190.48.193.13','Mozilla/5.0 (Windows NT 10.0; Win64; x64) AppleWebKit/537.36 (KHTML, like Gecko) Chrome/146.0.0.0 Safari/537.36','/login/','POST',NULL,'2026-03-12 19:52:59.115356',5),(1228,'Dario','CREATE','INFO','','','','POST /plantillas/opcionales/crear/','190.48.193.13','Mozilla/5.0 (Windows NT 10.0; Win64; x64) AppleWebKit/537.36 (KHTML, like Gecko) Chrome/146.0.0.0 Safari/537.36','/plantillas/opcionales/crear/','POST',NULL,'2026-03-12 19:53:53.739065',5),(1229,'Dario','CREATE','INFO','','','','POST /plantillas/opcionales/4/formulas/guardar/','190.48.193.13','Mozilla/5.0 (Windows NT 10.0; Win64; x64) AppleWebKit/537.36 (KHTML, like Gecko) Chrome/146.0.0.0 Safari/537.36','/plantillas/opcionales/4/formulas/guardar/','POST',NULL,'2026-03-12 19:54:04.484884',5),(1230,'Kiara','CREATE','INFO','','','','POST /comercial/compras/nueva/','104.166.164.34','Mozilla/5.0 (Windows NT 10.0; Win64; x64) AppleWebKit/537.36 (KHTML, like Gecko) Chrome/145.0.0.0 Safari/537.36','/comercial/compras/nueva/','POST',NULL,'2026-03-12 19:54:52.677179',4),(1231,'Dario','CREATE','INFO','','','','POST /plantillas/opcionales/crear/','190.48.193.13','Mozilla/5.0 (Windows NT 10.0; Win64; x64) AppleWebKit/537.36 (KHTML, like Gecko) Chrome/146.0.0.0 Safari/537.36','/plantillas/opcionales/crear/','POST',NULL,'2026-03-12 19:55:31.740037',5),(1232,'Dario','CREATE','INFO','','','','POST /plantillas/opcionales/5/relaciones/guardar/','190.48.193.13','Mozilla/5.0 (Windows NT 10.0; Win64; x64) AppleWebKit/537.36 (KHTML, like Gecko) Chrome/146.0.0.0 Safari/537.36','/plantillas/opcionales/5/relaciones/guardar/','POST',NULL,'2026-03-12 19:57:47.730463',5),(1233,'Dario','CREATE','INFO','','','','POST /login/','152.168.206.173','Mozilla/5.0 (Windows NT 10.0; Win64; x64) AppleWebKit/537.36 (KHTML, like Gecko) Chrome/146.0.0.0 Safari/537.36','/login/','POST',NULL,'2026-03-12 21:25:10.376853',5),(1234,'admin','CREATE','INFO','','','','POST /login/','152.168.206.173','Mozilla/5.0 (Windows NT 10.0; Win64; x64) AppleWebKit/537.36 (KHTML, like Gecko) Chrome/145.0.0.0 Safari/537.36','/login/','POST',NULL,'2026-03-13 11:09:12.151566',2),(1235,'admin','CREATE','INFO','','','','POST /plantillas/opcionales/1/formulas/guardar/','152.168.206.173','Mozilla/5.0 (Windows NT 10.0; Win64; x64) AppleWebKit/537.36 (KHTML, like Gecko) Chrome/145.0.0.0 Safari/537.36','/plantillas/opcionales/1/formulas/guardar/','POST',NULL,'2026-03-13 11:10:06.102497',2),(1236,'admin','CREATE','INFO','','','','POST /plantillas/opcionales/1/formulas/guardar/','152.168.206.173','Mozilla/5.0 (Windows NT 10.0; Win64; x64) AppleWebKit/537.36 (KHTML, like Gecko) Chrome/145.0.0.0 Safari/537.36','/plantillas/opcionales/1/formulas/guardar/','POST',NULL,'2026-03-13 11:35:35.969943',2),(1237,'admin','CREATE','INFO','','','','POST /pricing/api/pricing/calculate/','152.168.206.173','Mozilla/5.0 (Windows NT 10.0; Win64; x64) AppleWebKit/537.36 (KHTML, like Gecko) Chrome/145.0.0.0 Safari/537.36','/pricing/api/pricing/calculate/','POST',NULL,'2026-03-13 11:44:13.838296',2),(1238,'admin','CREATE','INFO','','','','POST /pricing/api/pricing/calculate/','152.168.206.173','Mozilla/5.0 (Windows NT 10.0; Win64; x64) AppleWebKit/537.36 (KHTML, like Gecko) Chrome/145.0.0.0 Safari/537.36','/pricing/api/pricing/calculate/','POST',NULL,'2026-03-13 11:46:01.293075',2),(1239,'admin','CREATE','INFO','','','','POST /pricing/api/pricing/calculate/','152.168.206.173','Mozilla/5.0 (Windows NT 10.0; Win64; x64) AppleWebKit/537.36 (KHTML, like Gecko) Chrome/145.0.0.0 Safari/537.36','/pricing/api/pricing/calculate/','POST',NULL,'2026-03-13 11:46:27.540755',2),(1240,'admin','CREATE','INFO','','','','POST /pricing/api/pricing/calculate/','152.168.206.173','Mozilla/5.0 (Windows NT 10.0; Win64; x64) AppleWebKit/537.36 (KHTML, like Gecko) Chrome/145.0.0.0 Safari/537.36','/pricing/api/pricing/calculate/','POST',NULL,'2026-03-13 11:49:16.780152',2),(1241,'admin','CREATE','INFO','','','','POST /pricing/api/pricing/calculate/','152.168.206.173','Mozilla/5.0 (Windows NT 10.0; Win64; x64) AppleWebKit/537.36 (KHTML, like Gecko) Chrome/145.0.0.0 Safari/537.36','/pricing/api/pricing/calculate/','POST',NULL,'2026-03-13 11:49:40.368907',2),(1242,'admin','CREATE','INFO','','','','POST /pricing/api/pricing/calculate/','152.168.206.173','Mozilla/5.0 (Windows NT 10.0; Win64; x64) AppleWebKit/537.36 (KHTML, like Gecko) Chrome/145.0.0.0 Safari/537.36','/pricing/api/pricing/calculate/','POST',NULL,'2026-03-13 11:51:49.554451',2),(1243,'admin','CREATE','INFO','','','','POST /login/','152.168.235.81','Mozilla/5.0 (Windows NT 10.0; Win64; x64) AppleWebKit/537.36 (KHTML, like Gecko) Chrome/145.0.0.0 Safari/537.36','/login/','POST',NULL,'2026-03-13 13:01:57.320935',2),(1244,'admin','CREATE','INFO','','','','POST /comercial/reportes/general/','152.168.235.81','Mozilla/5.0 (Windows NT 10.0; Win64; x64) AppleWebKit/537.36 (KHTML, like Gecko) Chrome/145.0.0.0 Safari/537.36','/comercial/reportes/general/','POST',NULL,'2026-03-13 13:04:13.142741',2),(1245,'Anonymous','CREATE','INFO','','','','POST /comercial/reportes/general/','152.168.235.81','Mozilla/5.0 (Windows NT 10.0; Win64; x64) AppleWebKit/537.36 (KHTML, like Gecko) Chrome/145.0.0.0 Safari/537.36','/comercial/reportes/general/','POST',NULL,'2026-03-13 14:42:47.828127',NULL),(1246,'admin','CREATE','INFO','','','','POST /login/','152.168.206.173','Mozilla/5.0 (Windows NT 10.0; Win64; x64) AppleWebKit/537.36 (KHTML, like Gecko) Chrome/145.0.0.0 Safari/537.36','/login/','POST',NULL,'2026-03-13 21:40:46.310907',2),(1247,'Dario','CREATE','INFO','','','','POST /login/','152.168.206.173','Mozilla/5.0 (Windows NT 10.0; Win64; x64) AppleWebKit/537.36 (KHTML, like Gecko) Chrome/146.0.0.0 Safari/537.36','/login/','POST',NULL,'2026-03-13 21:41:14.475086',5),(1248,'Dario','CREATE','INFO','','','','POST /pricing/api/pricing/calculate/','152.168.206.173','Mozilla/5.0 (Windows NT 10.0; Win64; x64) AppleWebKit/537.36 (KHTML, like Gecko) Chrome/146.0.0.0 Safari/537.36','/pricing/api/pricing/calculate/','POST',NULL,'2026-03-13 21:43:58.097716',5),(1249,'Dario','CREATE','INFO','','','','POST /login/','152.168.206.173','Mozilla/5.0 (Windows NT 10.0; Win64; x64) AppleWebKit/537.36 (KHTML, like Gecko) Chrome/146.0.0.0 Safari/537.36','/login/','POST',NULL,'2026-03-13 22:02:42.626966',5),(1250,'Dario','CREATE','INFO','','','','POST /plantillas/opcionales/crear/','152.168.206.173','Mozilla/5.0 (Windows NT 10.0; Win64; x64) AppleWebKit/537.36 (KHTML, like Gecko) Chrome/146.0.0.0 Safari/537.36','/plantillas/opcionales/crear/','POST',NULL,'2026-03-13 22:04:05.775533',5),(1251,'Dario','CREATE','INFO','','','','POST /plantillas/opcionales/crear/','152.168.206.173','Mozilla/5.0 (Windows NT 10.0; Win64; x64) AppleWebKit/537.36 (KHTML, like Gecko) Chrome/146.0.0.0 Safari/537.36','/plantillas/opcionales/crear/','POST',NULL,'2026-03-13 22:04:06.374991',5),(1252,'Dario','CREATE','INFO','','','','POST /plantillas/opcionales/crear/','152.168.206.173','Mozilla/5.0 (Windows NT 10.0; Win64; x64) AppleWebKit/537.36 (KHTML, like Gecko) Chrome/146.0.0.0 Safari/537.36','/plantillas/opcionales/crear/','POST',NULL,'2026-03-13 22:04:26.721296',5),(1253,'Dario','CREATE','INFO','','','','POST /login/','152.168.206.173','Mozilla/5.0 (Windows NT 10.0; Win64; x64) AppleWebKit/537.36 (KHTML, like Gecko) Chrome/146.0.0.0 Safari/537.36','/login/','POST',NULL,'2026-03-13 22:10:58.828552',5),(1254,'admin','CREATE','INFO','','','','POST /plantillas/opcionales/6/formulas/guardar/','152.168.206.173','Mozilla/5.0 (Windows NT 10.0; Win64; x64) AppleWebKit/537.36 (KHTML, like Gecko) Chrome/145.0.0.0 Safari/537.36','/plantillas/opcionales/6/formulas/guardar/','POST',NULL,'2026-03-13 23:03:46.745023',2),(1255,'admin','CREATE','INFO','','','','POST /plantillas/opcionales/6/formulas/guardar/','152.168.206.173','Mozilla/5.0 (Windows NT 10.0; Win64; x64) AppleWebKit/537.36 (KHTML, like Gecko) Chrome/145.0.0.0 Safari/537.36','/plantillas/opcionales/6/formulas/guardar/','POST',NULL,'2026-03-13 23:03:47.195968',2),(1256,'admin','CREATE','INFO','','','','POST /pricing/api/pricing/calculate/','152.168.206.173','Mozilla/5.0 (Windows NT 10.0; Win64; x64) AppleWebKit/537.36 (KHTML, like Gecko) Chrome/145.0.0.0 Safari/537.36','/pricing/api/pricing/calculate/','POST',NULL,'2026-03-13 23:04:36.925264',2),(1257,'admin','CREATE','INFO','','','','POST /pricing/api/pricing/calculate/','152.168.206.173','Mozilla/5.0 (Windows NT 10.0; Win64; x64) AppleWebKit/537.36 (KHTML, like Gecko) Chrome/145.0.0.0 Safari/537.36','/pricing/api/pricing/calculate/','POST',NULL,'2026-03-13 23:08:37.245003',2),(1258,'admin','CREATE','INFO','','','','POST /pricing/api/pricing/calculate/','152.168.206.173','Mozilla/5.0 (Windows NT 10.0; Win64; x64) AppleWebKit/537.36 (KHTML, like Gecko) Chrome/145.0.0.0 Safari/537.36','/pricing/api/pricing/calculate/','POST',NULL,'2026-03-13 23:12:52.689255',2),(1259,'admin','CREATE','INFO','','','','POST /pricing/api/pricing/calculate/','152.168.206.173','Mozilla/5.0 (Windows NT 10.0; Win64; x64) AppleWebKit/537.36 (KHTML, like Gecko) Chrome/145.0.0.0 Safari/537.36','/pricing/api/pricing/calculate/','POST',NULL,'2026-03-13 23:14:49.800027',2),(1260,'admin','CREATE','INFO','','','','POST /pricing/api/pricing/calculate/','152.168.206.173','Mozilla/5.0 (Windows NT 10.0; Win64; x64) AppleWebKit/537.36 (KHTML, like Gecko) Chrome/145.0.0.0 Safari/537.36','/pricing/api/pricing/calculate/','POST',NULL,'2026-03-13 23:14:51.457630',2),(1261,'admin','CREATE','INFO','','','','POST /pricing/api/pricing/calculate/','152.168.206.173','Mozilla/5.0 (Windows NT 10.0; Win64; x64) AppleWebKit/537.36 (KHTML, like Gecko) Chrome/145.0.0.0 Safari/537.36','/pricing/api/pricing/calculate/','POST',NULL,'2026-03-13 23:15:13.272686',2),(1262,'admin','CREATE','INFO','','','','POST /pricing/api/pricing/calculate/','152.168.206.173','Mozilla/5.0 (Windows NT 10.0; Win64; x64) AppleWebKit/537.36 (KHTML, like Gecko) Chrome/145.0.0.0 Safari/537.36','/pricing/api/pricing/calculate/','POST',NULL,'2026-03-13 23:15:48.187124',2),(1263,'admin','CREATE','INFO','','','','POST /pricing/api/pricing/calculate/','152.168.206.173','Mozilla/5.0 (Windows NT 10.0; Win64; x64) AppleWebKit/537.36 (KHTML, like Gecko) Chrome/145.0.0.0 Safari/537.36','/pricing/api/pricing/calculate/','POST',NULL,'2026-03-13 23:16:02.332915',2),(1264,'admin','CREATE','INFO','','','','POST /pricing/api/pricing/calculate/','152.168.206.173','Mozilla/5.0 (Windows NT 10.0; Win64; x64) AppleWebKit/537.36 (KHTML, like Gecko) Chrome/145.0.0.0 Safari/537.36','/pricing/api/pricing/calculate/','POST',NULL,'2026-03-13 23:17:19.770110',2),(1265,'admin','CREATE','INFO','','','','POST /plantillas/opcionales/6/formulas/guardar/','152.168.206.173','Mozilla/5.0 (Windows NT 10.0; Win64; x64) AppleWebKit/537.36 (KHTML, like Gecko) Chrome/145.0.0.0 Safari/537.36','/plantillas/opcionales/6/formulas/guardar/','POST',NULL,'2026-03-13 23:19:23.040978',2),(1266,'admin','CREATE','INFO','','','','POST /pricing/api/pricing/calculate/','152.168.206.173','Mozilla/5.0 (Windows NT 10.0; Win64; x64) AppleWebKit/537.36 (KHTML, like Gecko) Chrome/145.0.0.0 Safari/537.36','/pricing/api/pricing/calculate/','POST',NULL,'2026-03-13 23:19:30.633744',2),(1267,'Dario','CREATE','INFO','','','','POST /pricing/api/pricing/calculate/','152.168.206.173','Mozilla/5.0 (Windows NT 10.0; Win64; x64) AppleWebKit/537.36 (KHTML, like Gecko) Chrome/146.0.0.0 Safari/537.36','/pricing/api/pricing/calculate/','POST',NULL,'2026-03-13 23:20:45.325127',5),(1268,'Dario','CREATE','INFO','','','','POST /plantillas/opcionales/crear/','152.168.206.173','Mozilla/5.0 (Windows NT 10.0; Win64; x64) AppleWebKit/537.36 (KHTML, like Gecko) Chrome/146.0.0.0 Safari/537.36','/plantillas/opcionales/crear/','POST',NULL,'2026-03-13 23:22:57.636936',5),(1269,'Dario','CREATE','INFO','','','','POST /plantillas/opcionales/7/formulas/guardar/','152.168.206.173','Mozilla/5.0 (Windows NT 10.0; Win64; x64) AppleWebKit/537.36 (KHTML, like Gecko) Chrome/146.0.0.0 Safari/537.36','/plantillas/opcionales/7/formulas/guardar/','POST',NULL,'2026-03-13 23:24:09.889235',5),(1270,'Dario','CREATE','INFO','','','','POST /plantillas/opcionales/7/formulas/guardar/','152.168.206.173','Mozilla/5.0 (Windows NT 10.0; Win64; x64) AppleWebKit/537.36 (KHTML, like Gecko) Chrome/146.0.0.0 Safari/537.36','/plantillas/opcionales/7/formulas/guardar/','POST',NULL,'2026-03-13 23:25:38.808681',5),(1271,'Dario','CREATE','INFO','','','','POST /plantillas/opcionales/7/formulas/guardar/','152.168.206.173','Mozilla/5.0 (Windows NT 10.0; Win64; x64) AppleWebKit/537.36 (KHTML, like Gecko) Chrome/146.0.0.0 Safari/537.36','/plantillas/opcionales/7/formulas/guardar/','POST',NULL,'2026-03-13 23:29:16.358564',5),(1272,'admin','CREATE','INFO','','','','POST /plantillas/opcionales/7/formulas/guardar/','152.168.206.173','Mozilla/5.0 (Windows NT 10.0; Win64; x64) AppleWebKit/537.36 (KHTML, like Gecko) Chrome/145.0.0.0 Safari/537.36','/plantillas/opcionales/7/formulas/guardar/','POST',NULL,'2026-03-13 23:38:30.943269',2),(1273,'admin','CREATE','INFO','','','','POST /pricing/api/pricing/calculate/','152.168.206.173','Mozilla/5.0 (Windows NT 10.0; Win64; x64) AppleWebKit/537.36 (KHTML, like Gecko) Chrome/145.0.0.0 Safari/537.36','/pricing/api/pricing/calculate/','POST',NULL,'2026-03-13 23:39:10.074824',2),(1274,'admin','CREATE','INFO','','','','POST /pricing/api/pricing/calculate/','152.168.206.173','Mozilla/5.0 (Windows NT 10.0; Win64; x64) AppleWebKit/537.36 (KHTML, like Gecko) Chrome/145.0.0.0 Safari/537.36','/pricing/api/pricing/calculate/','POST',NULL,'2026-03-13 23:39:26.283615',2),(1275,'admin','CREATE','INFO','','','','POST /plantillas/opcionales/7/accesorios/guardar/','152.168.206.173','Mozilla/5.0 (Windows NT 10.0; Win64; x64) AppleWebKit/537.36 (KHTML, like Gecko) Chrome/145.0.0.0 Safari/537.36','/plantillas/opcionales/7/accesorios/guardar/','POST',NULL,'2026-03-13 23:39:54.193678',2),(1276,'admin','CREATE','INFO','','','','POST /pricing/api/pricing/calculate/','152.168.206.173','Mozilla/5.0 (Windows NT 10.0; Win64; x64) AppleWebKit/537.36 (KHTML, like Gecko) Chrome/145.0.0.0 Safari/537.36','/pricing/api/pricing/calculate/','POST',NULL,'2026-03-13 23:40:23.969530',2),(1277,'Dario','CREATE','INFO','','','','POST /login/','181.92.58.103','Mozilla/5.0 (Windows NT 10.0; Win64; x64) AppleWebKit/537.36 (KHTML, like Gecko) Chrome/146.0.0.0 Safari/537.36','/login/','POST',NULL,'2026-03-14 11:49:42.777070',5),(1278,'Dario','CREATE','INFO','','','','POST /plantillas/opcionales/6/editar/','181.92.58.103','Mozilla/5.0 (Windows NT 10.0; Win64; x64) AppleWebKit/537.36 (KHTML, like Gecko) Chrome/146.0.0.0 Safari/537.36','/plantillas/opcionales/6/editar/','POST',NULL,'2026-03-14 11:51:05.278649',5),(1279,'Dario','CREATE','INFO','','','','POST /pricing/config/perfiles/nuevo/','181.92.58.103','Mozilla/5.0 (Windows NT 10.0; Win64; x64) AppleWebKit/537.36 (KHTML, like Gecko) Chrome/146.0.0.0 Safari/537.36','/pricing/config/perfiles/nuevo/','POST',NULL,'2026-03-14 11:57:29.767941',5),(1280,'Dario','CREATE','INFO','','','','POST /plantillas/opcionales/crear/','181.92.58.103','Mozilla/5.0 (Windows NT 10.0; Win64; x64) AppleWebKit/537.36 (KHTML, like Gecko) Chrome/146.0.0.0 Safari/537.36','/plantillas/opcionales/crear/','POST',NULL,'2026-03-14 11:58:21.483420',5),(1281,'Dario','CREATE','INFO','','','','POST /plantillas/opcionales/8/formulas/guardar/','181.92.58.103','Mozilla/5.0 (Windows NT 10.0; Win64; x64) AppleWebKit/537.36 (KHTML, like Gecko) Chrome/146.0.0.0 Safari/537.36','/plantillas/opcionales/8/formulas/guardar/','POST',NULL,'2026-03-14 11:58:28.723705',5),(1282,'Dario','CREATE','INFO','','','','POST /plantillas/opcionales/8/formulas/guardar/','181.92.58.103','Mozilla/5.0 (Windows NT 10.0; Win64; x64) AppleWebKit/537.36 (KHTML, like Gecko) Chrome/146.0.0.0 Safari/537.36','/plantillas/opcionales/8/formulas/guardar/','POST',NULL,'2026-03-14 11:59:48.561108',5),(1283,'Dario','CREATE','INFO','','','','POST /plantillas/opcionales/8/editar/','181.92.58.103','Mozilla/5.0 (Windows NT 10.0; Win64; x64) AppleWebKit/537.36 (KHTML, like Gecko) Chrome/146.0.0.0 Safari/537.36','/plantillas/opcionales/8/editar/','POST',NULL,'2026-03-14 11:59:56.847785',5),(1284,'Dario','CREATE','INFO','','','','POST /pricing/config/perfiles/206/editar/','181.92.58.103','Mozilla/5.0 (Windows NT 10.0; Win64; x64) AppleWebKit/537.36 (KHTML, like Gecko) Chrome/146.0.0.0 Safari/537.36','/pricing/config/perfiles/206/editar/','POST',NULL,'2026-03-14 12:01:03.255846',5),(1285,'Dario','CREATE','INFO','','','','POST /pricing/api/pricing/calculate/','181.92.58.103','Mozilla/5.0 (Windows NT 10.0; Win64; x64) AppleWebKit/537.36 (KHTML, like Gecko) Chrome/146.0.0.0 Safari/537.36','/pricing/api/pricing/calculate/','POST',NULL,'2026-03-14 12:02:16.038387',5),(1286,'Dario','CREATE','INFO','','','','POST /pricing/config/perfiles/205/editar/','181.92.58.103','Mozilla/5.0 (Windows NT 10.0; Win64; x64) AppleWebKit/537.36 (KHTML, like Gecko) Chrome/146.0.0.0 Safari/537.36','/pricing/config/perfiles/205/editar/','POST',NULL,'2026-03-14 12:03:10.938931',5),(1287,'Dario','CREATE','INFO','','','','POST /pricing/config/perfiles/205/editar/','181.92.58.103','Mozilla/5.0 (Windows NT 10.0; Win64; x64) AppleWebKit/537.36 (KHTML, like Gecko) Chrome/146.0.0.0 Safari/537.36','/pricing/config/perfiles/205/editar/','POST',NULL,'2026-03-14 12:03:11.674850',5),(1288,'Dario','CREATE','INFO','','','','POST /pricing/config/perfiles/206/editar/','181.92.58.103','Mozilla/5.0 (Windows NT 10.0; Win64; x64) AppleWebKit/537.36 (KHTML, like Gecko) Chrome/146.0.0.0 Safari/537.36','/pricing/config/perfiles/206/editar/','POST',NULL,'2026-03-14 12:06:31.705652',5),(1289,'Dario','CREATE','INFO','','','','POST /plantillas/opcionales/8/formulas/guardar/','181.92.58.103','Mozilla/5.0 (Windows NT 10.0; Win64; x64) AppleWebKit/537.36 (KHTML, like Gecko) Chrome/146.0.0.0 Safari/537.36','/plantillas/opcionales/8/formulas/guardar/','POST',NULL,'2026-03-14 12:08:13.699952',5),(1290,'Dario','CREATE','INFO','','','','POST /plantillas/opcionales/8/editar/','181.92.58.103','Mozilla/5.0 (Windows NT 10.0; Win64; x64) AppleWebKit/537.36 (KHTML, like Gecko) Chrome/146.0.0.0 Safari/537.36','/plantillas/opcionales/8/editar/','POST',NULL,'2026-03-14 12:08:21.022036',5),(1291,'Dario','CREATE','INFO','','','','POST /login/','181.92.58.103','Mozilla/5.0 (Windows NT 10.0; Win64; x64) AppleWebKit/537.36 (KHTML, like Gecko) Chrome/146.0.0.0 Safari/537.36','/login/','POST',NULL,'2026-03-14 12:10:10.844527',5),(1292,'Dario','CREATE','INFO','','','','POST /login/','181.92.58.103','Mozilla/5.0 (Windows NT 10.0; Win64; x64) AppleWebKit/537.36 (KHTML, like Gecko) Chrome/146.0.0.0 Safari/537.36','/login/','POST',NULL,'2026-03-14 12:10:11.504618',5),(1293,'Dario','CREATE','INFO','','','','POST /login/','181.92.58.103','Mozilla/5.0 (Windows NT 10.0; Win64; x64) AppleWebKit/537.36 (KHTML, like Gecko) Chrome/146.0.0.0 Safari/537.36','/login/','POST',NULL,'2026-03-14 12:10:19.131369',5),(1294,'Dario','CREATE','INFO','','','','POST /login/','181.92.58.103','Mozilla/5.0 (Windows NT 10.0; Win64; x64) AppleWebKit/537.36 (KHTML, like Gecko) Chrome/146.0.0.0 Safari/537.36','/login/','POST',NULL,'2026-03-14 12:11:00.887759',5),(1295,'Dario','CREATE','INFO','','','','POST /pricing/config/perfiles/206/editar/','181.92.58.103','Mozilla/5.0 (Windows NT 10.0; Win64; x64) AppleWebKit/537.36 (KHTML, like Gecko) Chrome/146.0.0.0 Safari/537.36','/pricing/config/perfiles/206/editar/','POST',NULL,'2026-03-14 12:13:25.467019',5),(1296,'admin','CREATE','INFO','','','','POST /login/','152.168.206.173','Mozilla/5.0 (Windows NT 10.0; Win64; x64) AppleWebKit/537.36 (KHTML, like Gecko) Chrome/145.0.0.0 Safari/537.36','/login/','POST',NULL,'2026-03-14 21:35:55.138840',2),(1297,'admin','CREATE','INFO','','','','POST /login/','152.168.206.173','Mozilla/5.0 (Windows NT 10.0; Win64; x64) AppleWebKit/537.36 (KHTML, like Gecko) Chrome/145.0.0.0 Safari/537.36','/login/','POST',NULL,'2026-03-14 21:36:04.796171',2),(1298,'Dario','CREATE','INFO','','','','POST /login/','152.168.206.173','Mozilla/5.0 (Windows NT 10.0; Win64; x64) AppleWebKit/537.36 (KHTML, like Gecko) Chrome/146.0.0.0 Safari/537.36','/login/','POST',NULL,'2026-03-14 21:53:24.060751',5),(1299,'Dario','CREATE','INFO','','','','POST /pricing/api/pricing/calculate/','152.168.206.173','Mozilla/5.0 (Windows NT 10.0; Win64; x64) AppleWebKit/537.36 (KHTML, like Gecko) Chrome/146.0.0.0 Safari/537.36','/pricing/api/pricing/calculate/','POST',NULL,'2026-03-14 21:54:23.473714',5),(1300,'Dario','CREATE','INFO','','','','POST /plantillas/opcionales/crear/','152.168.206.173','Mozilla/5.0 (Windows NT 10.0; Win64; x64) AppleWebKit/537.36 (KHTML, like Gecko) Chrome/146.0.0.0 Safari/537.36','/plantillas/opcionales/crear/','POST',NULL,'2026-03-14 22:01:17.732190',5),(1301,'Dario','CREATE','INFO','','','','POST /plantillas/opcionales/9/formulas/guardar/','152.168.206.173','Mozilla/5.0 (Windows NT 10.0; Win64; x64) AppleWebKit/537.36 (KHTML, like Gecko) Chrome/146.0.0.0 Safari/537.36','/plantillas/opcionales/9/formulas/guardar/','POST',NULL,'2026-03-14 22:02:32.284782',5),(1302,'Dario','CREATE','INFO','','','','POST /plantillas/opcionales/9/editar/','152.168.206.173','Mozilla/5.0 (Windows NT 10.0; Win64; x64) AppleWebKit/537.36 (KHTML, like Gecko) Chrome/146.0.0.0 Safari/537.36','/plantillas/opcionales/9/editar/','POST',NULL,'2026-03-14 22:03:24.886173',5),(1303,'Dario','CREATE','INFO','','','','POST /plantillas/opcionales/9/editar/','152.168.206.173','Mozilla/5.0 (Windows NT 10.0; Win64; x64) AppleWebKit/537.36 (KHTML, like Gecko) Chrome/146.0.0.0 Safari/537.36','/plantillas/opcionales/9/editar/','POST',NULL,'2026-03-14 22:03:49.882153',5),(1304,'Dario','CREATE','INFO','','','','POST /plantillas/opcionales/9/formulas/guardar/','152.168.206.173','Mozilla/5.0 (Windows NT 10.0; Win64; x64) AppleWebKit/537.36 (KHTML, like Gecko) Chrome/146.0.0.0 Safari/537.36','/plantillas/opcionales/9/formulas/guardar/','POST',NULL,'2026-03-14 22:04:34.127968',5),(1305,'Dario','CREATE','INFO','','','','POST /pricing/api/pricing/calculate/','152.168.206.173','Mozilla/5.0 (Windows NT 10.0; Win64; x64) AppleWebKit/537.36 (KHTML, like Gecko) Chrome/146.0.0.0 Safari/537.36','/pricing/api/pricing/calculate/','POST',NULL,'2026-03-14 22:06:09.600166',5),(1306,'Dario','CREATE','INFO','','','','POST /pricing/config/hojas/4/editar/','152.168.206.173','Mozilla/5.0 (Windows NT 10.0; Win64; x64) AppleWebKit/537.36 (KHTML, like Gecko) Chrome/146.0.0.0 Safari/537.36','/pricing/config/hojas/4/editar/','POST',NULL,'2026-03-14 22:13:01.968793',5),(1307,'admin','CREATE','INFO','','','','POST /pricing/config/vidrios/nuevo/','152.168.206.173','Mozilla/5.0 (Windows NT 10.0; Win64; x64) AppleWebKit/537.36 (KHTML, like Gecko) Chrome/145.0.0.0 Safari/537.36','/pricing/config/vidrios/nuevo/','POST',NULL,'2026-03-14 22:20:53.403990',2),(1308,'admin','CREATE','INFO','','','','POST /pricing/config/vidrios/TEST1/editar/','152.168.206.173','Mozilla/5.0 (Windows NT 10.0; Win64; x64) AppleWebKit/537.36 (KHTML, like Gecko) Chrome/145.0.0.0 Safari/537.36','/pricing/config/vidrios/TEST1/editar/','POST',NULL,'2026-03-14 22:41:22.655299',2),(1309,'admin','CREATE','INFO','','','','POST /pricing/config/vidrios/TEST1/editar/','152.168.206.173','Mozilla/5.0 (Windows NT 10.0; Win64; x64) AppleWebKit/537.36 (KHTML, like Gecko) Chrome/145.0.0.0 Safari/537.36','/pricing/config/vidrios/TEST1/editar/','POST',NULL,'2026-03-14 22:41:55.596072',2),(1310,'admin','CREATE','INFO','','','','POST /pricing/config/vidrios/TEST1/editar/','152.168.206.173','Mozilla/5.0 (Windows NT 10.0; Win64; x64) AppleWebKit/537.36 (KHTML, like Gecko) Chrome/145.0.0.0 Safari/537.36','/pricing/config/vidrios/TEST1/editar/','POST',NULL,'2026-03-14 22:43:38.368328',2),(1311,'admin','CREATE','INFO','','','','POST /pricing/config/vidrios/TEST1/editar/','152.168.206.173','Mozilla/5.0 (Windows NT 10.0; Win64; x64) AppleWebKit/537.36 (KHTML, like Gecko) Chrome/145.0.0.0 Safari/537.36','/pricing/config/vidrios/TEST1/editar/','POST',NULL,'2026-03-14 22:52:36.681679',2),(1312,'admin','CREATE','INFO','','','','POST /pricing/config/vidrios/dvh 1/editar/','152.168.206.173','Mozilla/5.0 (Windows NT 10.0; Win64; x64) AppleWebKit/537.36 (KHTML, like Gecko) Chrome/145.0.0.0 Safari/537.36','/pricing/config/vidrios/dvh 1/editar/','POST',NULL,'2026-03-14 22:55:12.633584',2),(1313,'admin','CREATE','INFO','','','','POST /pricing/api/pricing/calculate/','152.168.206.173','Mozilla/5.0 (Windows NT 10.0; Win64; x64) AppleWebKit/537.36 (KHTML, like Gecko) Chrome/145.0.0.0 Safari/537.36','/pricing/api/pricing/calculate/','POST',NULL,'2026-03-14 22:56:29.791690',2),(1314,'admin','CREATE','INFO','','','','POST /pricing/config/vidrios/TEST1/eliminar/','152.168.206.173','Mozilla/5.0 (Windows NT 10.0; Win64; x64) AppleWebKit/537.36 (KHTML, like Gecko) Chrome/145.0.0.0 Safari/537.36','/pricing/config/vidrios/TEST1/eliminar/','POST',NULL,'2026-03-14 22:56:54.282503',2),(1315,'admin','CREATE','INFO','','','','POST /pricing/config/vidrios/DVH 3/editar/','152.168.206.173','Mozilla/5.0 (Windows NT 10.0; Win64; x64) AppleWebKit/537.36 (KHTML, like Gecko) Chrome/145.0.0.0 Safari/537.36','/pricing/config/vidrios/DVH 3/editar/','POST',NULL,'2026-03-14 22:58:09.874329',2),(1316,'admin','CREATE','INFO','','','','POST /plantillas/opcionales/7/accesorios/guardar/','152.168.206.173','Mozilla/5.0 (Windows NT 10.0; Win64; x64) AppleWebKit/537.36 (KHTML, like Gecko) Chrome/145.0.0.0 Safari/537.36','/plantillas/opcionales/7/accesorios/guardar/','POST',NULL,'2026-03-14 22:59:16.160883',2),(1317,'Dario','CREATE','INFO','','','','POST /login/','152.168.206.173','Mozilla/5.0 (Windows NT 10.0; Win64; x64) AppleWebKit/537.36 (KHTML, like Gecko) Chrome/146.0.0.0 Safari/537.36','/login/','POST',NULL,'2026-03-15 19:39:36.289778',5),(1318,'Dario','CREATE','INFO','','','','POST /pricing/api/pricing/calculate/','152.168.206.173','Mozilla/5.0 (Windows NT 10.0; Win64; x64) AppleWebKit/537.36 (KHTML, like Gecko) Chrome/146.0.0.0 Safari/537.36','/pricing/api/pricing/calculate/','POST',NULL,'2026-03-15 19:40:30.343072',5),(1319,'Dario','CREATE','INFO','','','','POST /pricing/config/vidrios/DVH 2/editar/','152.168.206.173','Mozilla/5.0 (Windows NT 10.0; Win64; x64) AppleWebKit/537.36 (KHTML, like Gecko) Chrome/146.0.0.0 Safari/537.36','/pricing/config/vidrios/DVH 2/editar/','POST',NULL,'2026-03-15 19:41:35.609938',5),(1320,'Dario','CREATE','INFO','','','','POST /pricing/config/vidrios/DVH 2/editar/','152.168.206.173','Mozilla/5.0 (Windows NT 10.0; Win64; x64) AppleWebKit/537.36 (KHTML, like Gecko) Chrome/146.0.0.0 Safari/537.36','/pricing/config/vidrios/DVH 2/editar/','POST',NULL,'2026-03-15 19:41:58.603098',5),(1321,'Dario','CREATE','INFO','','','','POST /pricing/config/marcos/nuevo/','152.168.206.173','Mozilla/5.0 (Windows NT 10.0; Win64; x64) AppleWebKit/537.36 (KHTML, like Gecko) Chrome/146.0.0.0 Safari/537.36','/pricing/config/marcos/nuevo/','POST',NULL,'2026-03-15 19:45:22.582847',5),(1322,'Dario','CREATE','INFO','','','','POST /pricing/config/marcos/nuevo/','152.168.206.173','Mozilla/5.0 (Windows NT 10.0; Win64; x64) AppleWebKit/537.36 (KHTML, like Gecko) Chrome/146.0.0.0 Safari/537.36','/pricing/config/marcos/nuevo/','POST',NULL,'2026-03-15 19:46:14.855764',5),(1323,'Dario','CREATE','INFO','','','','POST /pricing/config/marcos/nuevo/','152.168.206.173','Mozilla/5.0 (Windows NT 10.0; Win64; x64) AppleWebKit/537.36 (KHTML, like Gecko) Chrome/146.0.0.0 Safari/537.36','/pricing/config/marcos/nuevo/','POST',NULL,'2026-03-15 19:47:26.024500',5),(1324,'Dario','CREATE','INFO','','','','POST /pricing/config/marcos/nuevo/','152.168.206.173','Mozilla/5.0 (Windows NT 10.0; Win64; x64) AppleWebKit/537.36 (KHTML, like Gecko) Chrome/146.0.0.0 Safari/537.36','/pricing/config/marcos/nuevo/','POST',NULL,'2026-03-15 19:47:47.626408',5),(1325,'Dario','CREATE','INFO','','','','POST /login/','152.168.206.173','Mozilla/5.0 (Windows NT 10.0; Win64; x64) AppleWebKit/537.36 (KHTML, like Gecko) Chrome/146.0.0.0 Safari/537.36','/login/','POST',NULL,'2026-03-15 19:49:32.749516',5),(1326,'Dario','CREATE','INFO','','','','POST /pricing/config/marcos/nuevo/','152.168.206.173','Mozilla/5.0 (Windows NT 10.0; Win64; x64) AppleWebKit/537.36 (KHTML, like Gecko) Chrome/146.0.0.0 Safari/537.36','/pricing/config/marcos/nuevo/','POST',NULL,'2026-03-15 19:50:38.089127',5),(1327,'Dario','CREATE','INFO','','','','POST /pricing/config/marcos/nuevo/','152.168.206.173','Mozilla/5.0 (Windows NT 10.0; Win64; x64) AppleWebKit/537.36 (KHTML, like Gecko) Chrome/146.0.0.0 Safari/537.36','/pricing/config/marcos/nuevo/','POST',NULL,'2026-03-15 19:51:41.720277',5),(1328,'Dario','CREATE','INFO','','','','POST /pricing/config/marcos/nuevo/','152.168.206.173','Mozilla/5.0 (Windows NT 10.0; Win64; x64) AppleWebKit/537.36 (KHTML, like Gecko) Chrome/146.0.0.0 Safari/537.36','/pricing/config/marcos/nuevo/','POST',NULL,'2026-03-15 19:54:39.006392',5),(1329,'Dario','CREATE','INFO','','','','POST /pricing/config/marcos/nuevo/','152.168.206.173','Mozilla/5.0 (Windows NT 10.0; Win64; x64) AppleWebKit/537.36 (KHTML, like Gecko) Chrome/146.0.0.0 Safari/537.36','/pricing/config/marcos/nuevo/','POST',NULL,'2026-03-15 19:54:48.436324',5),(1330,'Dario','CREATE','INFO','','','','POST /pricing/config/marcos/nuevo/','152.168.206.173','Mozilla/5.0 (Windows NT 10.0; Win64; x64) AppleWebKit/537.36 (KHTML, like Gecko) Chrome/146.0.0.0 Safari/537.36','/pricing/config/marcos/nuevo/','POST',NULL,'2026-03-15 19:54:55.737100',5),(1331,'Dario','CREATE','INFO','','','','POST /pricing/config/marcos/nuevo/','152.168.206.173','Mozilla/5.0 (Windows NT 10.0; Win64; x64) AppleWebKit/537.36 (KHTML, like Gecko) Chrome/146.0.0.0 Safari/537.36','/pricing/config/marcos/nuevo/','POST',NULL,'2026-03-15 19:55:11.627338',5),(1332,'admin','CREATE','INFO','','','','POST /login/','152.168.206.173','Mozilla/5.0 (Windows NT 10.0; Win64; x64) AppleWebKit/537.36 (KHTML, like Gecko) Chrome/145.0.0.0 Safari/537.36','/login/','POST',NULL,'2026-03-15 19:57:21.478090',2),(1333,'admin','CREATE','INFO','','','','POST /pricing/config/marcos/nuevo/','152.168.206.173','Mozilla/5.0 (Windows NT 10.0; Win64; x64) AppleWebKit/537.36 (KHTML, like Gecko) Chrome/145.0.0.0 Safari/537.36','/pricing/config/marcos/nuevo/','POST',NULL,'2026-03-15 19:57:54.143144',2),(1334,'admin','CREATE','INFO','','','','POST /pricing/config/marcos/nuevo/','152.168.206.173','Mozilla/5.0 (Windows NT 10.0; Win64; x64) AppleWebKit/537.36 (KHTML, like Gecko) Chrome/145.0.0.0 Safari/537.36','/pricing/config/marcos/nuevo/','POST',NULL,'2026-03-15 19:59:36.435099',2),(1335,'admin','CREATE','INFO','','','','POST /pricing/config/marcos/nuevo/','152.168.206.173','Mozilla/5.0 (Windows NT 10.0; Win64; x64) AppleWebKit/537.36 (KHTML, like Gecko) Chrome/145.0.0.0 Safari/537.36','/pricing/config/marcos/nuevo/','POST',NULL,'2026-03-15 19:59:41.095830',2),(1336,'admin','CREATE','INFO','','','','POST /pricing/config/marcos/nuevo/','152.168.206.173','Mozilla/5.0 (Windows NT 10.0; Win64; x64) AppleWebKit/537.36 (KHTML, like Gecko) Chrome/145.0.0.0 Safari/537.36','/pricing/config/marcos/nuevo/','POST',NULL,'2026-03-15 20:00:13.380004',2),(1337,'admin','CREATE','INFO','','','','POST /pricing/config/marcos/nuevo/','152.168.206.173','Mozilla/5.0 (Windows NT 10.0; Win64; x64) AppleWebKit/537.36 (KHTML, like Gecko) Chrome/145.0.0.0 Safari/537.36','/pricing/config/marcos/nuevo/','POST',NULL,'2026-03-15 20:02:46.878150',2),(1338,'admin','CREATE','INFO','','','','POST /pricing/config/marcos/12/editar/','152.168.206.173','Mozilla/5.0 (Windows NT 10.0; Win64; x64) AppleWebKit/537.36 (KHTML, like Gecko) Chrome/145.0.0.0 Safari/537.36','/pricing/config/marcos/12/editar/','POST',NULL,'2026-03-15 20:03:02.922227',2),(1339,'Dario','CREATE','INFO','','','','POST /login/','152.168.206.173','Mozilla/5.0 (Windows NT 10.0; Win64; x64) AppleWebKit/537.36 (KHTML, like Gecko) Chrome/146.0.0.0 Safari/537.36','/login/','POST',NULL,'2026-03-15 20:03:44.490218',5),(1340,'Dario','CREATE','INFO','','','','POST /pricing/config/marcos/12/formulas/guardar/','152.168.206.173','Mozilla/5.0 (Windows NT 10.0; Win64; x64) AppleWebKit/537.36 (KHTML, like Gecko) Chrome/146.0.0.0 Safari/537.36','/pricing/config/marcos/12/formulas/guardar/','POST',NULL,'2026-03-15 20:04:45.465337',5),(1341,'Dario','CREATE','INFO','','','','POST /login/','152.168.206.173','Mozilla/5.0 (Windows NT 10.0; Win64; x64) AppleWebKit/537.36 (KHTML, like Gecko) Chrome/146.0.0.0 Safari/537.36','/login/','POST',NULL,'2026-03-15 20:04:56.871756',5),(1342,'Dario','CREATE','INFO','','','','POST /pricing/config/hojas/nueva/','152.168.206.173','Mozilla/5.0 (Windows NT 10.0; Win64; x64) AppleWebKit/537.36 (KHTML, like Gecko) Chrome/146.0.0.0 Safari/537.36','/pricing/config/hojas/nueva/','POST',NULL,'2026-03-15 20:16:32.276466',5),(1343,'Dario','CREATE','INFO','','','','POST /pricing/config/hojas/nueva/','152.168.206.173','Mozilla/5.0 (Windows NT 10.0; Win64; x64) AppleWebKit/537.36 (KHTML, like Gecko) Chrome/146.0.0.0 Safari/537.36','/pricing/config/hojas/nueva/','POST',NULL,'2026-03-15 20:18:11.850966',5),(1344,'Dario','CREATE','INFO','','','','POST /pricing/config/hojas/9/eliminar/','152.168.206.173','Mozilla/5.0 (Windows NT 10.0; Win64; x64) AppleWebKit/537.36 (KHTML, like Gecko) Chrome/146.0.0.0 Safari/537.36','/pricing/config/hojas/9/eliminar/','POST',NULL,'2026-03-15 20:18:50.705950',5),(1345,'Dario','CREATE','INFO','','','','POST /pricing/config/hojas/10/editar/','152.168.206.173','Mozilla/5.0 (Windows NT 10.0; Win64; x64) AppleWebKit/537.36 (KHTML, like Gecko) Chrome/146.0.0.0 Safari/537.36','/pricing/config/hojas/10/editar/','POST',NULL,'2026-03-15 20:20:57.686145',5),(1346,'Dario','CREATE','INFO','','','','POST /pricing/config/hojas/10/editar/','152.168.206.173','Mozilla/5.0 (Windows NT 10.0; Win64; x64) AppleWebKit/537.36 (KHTML, like Gecko) Chrome/146.0.0.0 Safari/537.36','/pricing/config/hojas/10/editar/','POST',NULL,'2026-03-15 20:21:35.565097',5),(1347,'Dario','CREATE','INFO','','','','POST /pricing/config/vidrios/dvh 1/editar/','152.168.206.173','Mozilla/5.0 (Windows NT 10.0; Win64; x64) AppleWebKit/537.36 (KHTML, like Gecko) Chrome/146.0.0.0 Safari/537.36','/pricing/config/vidrios/dvh 1/editar/','POST',NULL,'2026-03-15 20:23:28.029706',5),(1348,'Dario','CREATE','INFO','','','','POST /pricing/config/vidrios/DVH 2/editar/','152.168.206.173','Mozilla/5.0 (Windows NT 10.0; Win64; x64) AppleWebKit/537.36 (KHTML, like Gecko) Chrome/146.0.0.0 Safari/537.36','/pricing/config/vidrios/DVH 2/editar/','POST',NULL,'2026-03-15 20:23:43.452894',5),(1349,'Dario','CREATE','INFO','','','','POST /pricing/api/pricing/calculate/','152.168.206.173','Mozilla/5.0 (Windows NT 10.0; Win64; x64) AppleWebKit/537.36 (KHTML, like Gecko) Chrome/146.0.0.0 Safari/537.36','/pricing/api/pricing/calculate/','POST',NULL,'2026-03-15 20:24:30.700755',5),(1350,'Dario','CREATE','INFO','','','','POST /pricing/config/vidrios/dvh 1/editar/','152.168.206.173','Mozilla/5.0 (Windows NT 10.0; Win64; x64) AppleWebKit/537.36 (KHTML, like Gecko) Chrome/146.0.0.0 Safari/537.36','/pricing/config/vidrios/dvh 1/editar/','POST',NULL,'2026-03-15 20:26:24.074042',5),(1351,'Dario','CREATE','INFO','','','','POST /pricing/config/vidrios/DVH 2/editar/','152.168.206.173','Mozilla/5.0 (Windows NT 10.0; Win64; x64) AppleWebKit/537.36 (KHTML, like Gecko) Chrome/146.0.0.0 Safari/537.36','/pricing/config/vidrios/DVH 2/editar/','POST',NULL,'2026-03-15 20:26:41.666809',5),(1352,'Dario','CREATE','INFO','','','','POST /pricing/config/vidrios/dvh 1/editar/','152.168.206.173','Mozilla/5.0 (Windows NT 10.0; Win64; x64) AppleWebKit/537.36 (KHTML, like Gecko) Chrome/146.0.0.0 Safari/537.36','/pricing/config/vidrios/dvh 1/editar/','POST',NULL,'2026-03-15 20:27:01.298401',5),(1353,'Dario','CREATE','INFO','','','','POST /pricing/api/pricing/calculate/','152.168.206.173','Mozilla/5.0 (Windows NT 10.0; Win64; x64) AppleWebKit/537.36 (KHTML, like Gecko) Chrome/146.0.0.0 Safari/537.36','/pricing/api/pricing/calculate/','POST',NULL,'2026-03-15 20:27:56.882139',5),(1354,'Dario','CREATE','INFO','','','','POST /pricing/config/marcos/nuevo/','152.168.206.173','Mozilla/5.0 (Windows NT 10.0; Win64; x64) AppleWebKit/537.36 (KHTML, like Gecko) Chrome/146.0.0.0 Safari/537.36','/pricing/config/marcos/nuevo/','POST',NULL,'2026-03-15 20:32:44.880516',5),(1355,'Dario','CREATE','INFO','','','','POST /pricing/config/marcos/13/formulas/guardar/','152.168.206.173','Mozilla/5.0 (Windows NT 10.0; Win64; x64) AppleWebKit/537.36 (KHTML, like Gecko) Chrome/146.0.0.0 Safari/537.36','/pricing/config/marcos/13/formulas/guardar/','POST',NULL,'2026-03-15 20:33:44.994756',5),(1356,'Dario','CREATE','INFO','','','','POST /pricing/config/perfiles/232/editar/','152.168.206.173','Mozilla/5.0 (Windows NT 10.0; Win64; x64) AppleWebKit/537.36 (KHTML, like Gecko) Chrome/146.0.0.0 Safari/537.36','/pricing/config/perfiles/232/editar/','POST',NULL,'2026-03-15 20:37:49.113798',5),(1357,'Dario','CREATE','INFO','','','','POST /pricing/config/perfiles/nuevo/','152.168.206.173','Mozilla/5.0 (Windows NT 10.0; Win64; x64) AppleWebKit/537.36 (KHTML, like Gecko) Chrome/146.0.0.0 Safari/537.36','/pricing/config/perfiles/nuevo/','POST',NULL,'2026-03-15 20:41:13.221413',5),(1358,'Dario','CREATE','INFO','','','','POST /pricing/config/marcos/13/formulas/guardar/','152.168.206.173','Mozilla/5.0 (Windows NT 10.0; Win64; x64) AppleWebKit/537.36 (KHTML, like Gecko) Chrome/146.0.0.0 Safari/537.36','/pricing/config/marcos/13/formulas/guardar/','POST',NULL,'2026-03-15 20:42:06.606232',5),(1359,'Dario','CREATE','INFO','','','','POST /pricing/config/vidrios/dvh 1/editar/','152.168.206.173','Mozilla/5.0 (Windows NT 10.0; Win64; x64) AppleWebKit/537.36 (KHTML, like Gecko) Chrome/146.0.0.0 Safari/537.36','/pricing/config/vidrios/dvh 1/editar/','POST',NULL,'2026-03-15 20:42:27.073381',5),(1360,'Dario','CREATE','INFO','','','','POST /pricing/config/hojas/nueva/','152.168.206.173','Mozilla/5.0 (Windows NT 10.0; Win64; x64) AppleWebKit/537.36 (KHTML, like Gecko) Chrome/146.0.0.0 Safari/537.36','/pricing/config/hojas/nueva/','POST',NULL,'2026-03-15 20:44:12.787799',5),(1361,'Dario','CREATE','INFO','','','','POST /pricing/config/vidrios/dvh 1/editar/','152.168.206.173','Mozilla/5.0 (Windows NT 10.0; Win64; x64) AppleWebKit/537.36 (KHTML, like Gecko) Chrome/146.0.0.0 Safari/537.36','/pricing/config/vidrios/dvh 1/editar/','POST',NULL,'2026-03-15 20:45:00.754059',5),(1362,'Dario','CREATE','INFO','','','','POST /pricing/api/pricing/calculate/','152.168.206.173','Mozilla/5.0 (Windows NT 10.0; Win64; x64) AppleWebKit/537.36 (KHTML, like Gecko) Chrome/146.0.0.0 Safari/537.36','/pricing/api/pricing/calculate/','POST',NULL,'2026-03-15 20:45:40.145983',5),(1363,'Dario','CREATE','INFO','','','','POST /pricing/config/vidrios/DVH 2/editar/','152.168.206.173','Mozilla/5.0 (Windows NT 10.0; Win64; x64) AppleWebKit/537.36 (KHTML, like Gecko) Chrome/146.0.0.0 Safari/537.36','/pricing/config/vidrios/DVH 2/editar/','POST',NULL,'2026-03-15 20:46:35.484087',5),(1364,'Dario','CREATE','INFO','','','','POST /pricing/config/vidrios/DVH 2/editar/','152.168.206.173','Mozilla/5.0 (Windows NT 10.0; Win64; x64) AppleWebKit/537.36 (KHTML, like Gecko) Chrome/146.0.0.0 Safari/537.36','/pricing/config/vidrios/DVH 2/editar/','POST',NULL,'2026-03-15 20:46:51.100744',5),(1365,'Dario','CREATE','INFO','','','','POST /pricing/config/vidrios/DVH 3/editar/','152.168.206.173','Mozilla/5.0 (Windows NT 10.0; Win64; x64) AppleWebKit/537.36 (KHTML, like Gecko) Chrome/146.0.0.0 Safari/537.36','/pricing/config/vidrios/DVH 3/editar/','POST',NULL,'2026-03-15 20:47:09.052820',5),(1366,'Dario','CREATE','INFO','','','','POST /pricing/config/perfiles/233/editar/','152.168.206.173','Mozilla/5.0 (Windows NT 10.0; Win64; x64) AppleWebKit/537.36 (KHTML, like Gecko) Chrome/146.0.0.0 Safari/537.36','/pricing/config/perfiles/233/editar/','POST',NULL,'2026-03-15 20:48:02.366382',5),(1367,'Dario','CREATE','INFO','','','','POST /pricing/api/pricing/calculate/','152.168.206.173','Mozilla/5.0 (Windows NT 10.0; Win64; x64) AppleWebKit/537.36 (KHTML, like Gecko) Chrome/146.0.0.0 Safari/537.36','/pricing/api/pricing/calculate/','POST',NULL,'2026-03-15 20:48:41.256346',5),(1368,'Dario','CREATE','INFO','','','','POST /pricing/config/marcos/nuevo/','152.168.206.173','Mozilla/5.0 (Windows NT 10.0; Win64; x64) AppleWebKit/537.36 (KHTML, like Gecko) Chrome/146.0.0.0 Safari/537.36','/pricing/config/marcos/nuevo/','POST',NULL,'2026-03-15 21:34:41.201755',5),(1369,'Dario','CREATE','INFO','','','','POST /pricing/config/hojas/nueva/','152.168.206.173','Mozilla/5.0 (Windows NT 10.0; Win64; x64) AppleWebKit/537.36 (KHTML, like Gecko) Chrome/146.0.0.0 Safari/537.36','/pricing/config/hojas/nueva/','POST',NULL,'2026-03-15 21:36:07.239523',5),(1370,'Dario','CREATE','INFO','','','','POST /pricing/config/marcos/nuevo/','152.168.206.173','Mozilla/5.0 (Windows NT 10.0; Win64; x64) AppleWebKit/537.36 (KHTML, like Gecko) Chrome/146.0.0.0 Safari/537.36','/pricing/config/marcos/nuevo/','POST',NULL,'2026-03-15 21:38:43.795621',5),(1371,'Dario','CREATE','INFO','','','','POST /pricing/config/hojas/nueva/','152.168.206.173','Mozilla/5.0 (Windows NT 10.0; Win64; x64) AppleWebKit/537.36 (KHTML, like Gecko) Chrome/146.0.0.0 Safari/537.36','/pricing/config/hojas/nueva/','POST',NULL,'2026-03-15 21:39:37.212255',5),(1372,'Dario','CREATE','INFO','','','','POST /pricing/api/pricing/calculate/','152.168.206.173','Mozilla/5.0 (Windows NT 10.0; Win64; x64) AppleWebKit/537.36 (KHTML, like Gecko) Chrome/146.0.0.0 Safari/537.36','/pricing/api/pricing/calculate/','POST',NULL,'2026-03-15 21:40:26.961135',5),(1373,'Dario','CREATE','INFO','','','','POST /pricing/config/marcos/nuevo/','152.168.206.173','Mozilla/5.0 (Windows NT 10.0; Win64; x64) AppleWebKit/537.36 (KHTML, like Gecko) Chrome/146.0.0.0 Safari/537.36','/pricing/config/marcos/nuevo/','POST',NULL,'2026-03-15 21:42:35.518607',5),(1374,'Dario','CREATE','INFO','','','','POST /pricing/config/hojas/nueva/','152.168.206.173','Mozilla/5.0 (Windows NT 10.0; Win64; x64) AppleWebKit/537.36 (KHTML, like Gecko) Chrome/146.0.0.0 Safari/537.36','/pricing/config/hojas/nueva/','POST',NULL,'2026-03-15 21:43:12.441864',5),(1375,'Dario','CREATE','INFO','','','','POST /pricing/api/pricing/calculate/','152.168.206.173','Mozilla/5.0 (Windows NT 10.0; Win64; x64) AppleWebKit/537.36 (KHTML, like Gecko) Chrome/146.0.0.0 Safari/537.36','/pricing/api/pricing/calculate/','POST',NULL,'2026-03-15 21:43:54.511906',5),(1376,'Dario','CREATE','INFO','','','','POST /pricing/config/marcos/nuevo/','152.168.206.173','Mozilla/5.0 (Windows NT 10.0; Win64; x64) AppleWebKit/537.36 (KHTML, like Gecko) Chrome/146.0.0.0 Safari/537.36','/pricing/config/marcos/nuevo/','POST',NULL,'2026-03-15 21:46:51.008721',5),(1377,'Dario','CREATE','INFO','','','','POST /pricing/config/hojas/nueva/','152.168.206.173','Mozilla/5.0 (Windows NT 10.0; Win64; x64) AppleWebKit/537.36 (KHTML, like Gecko) Chrome/146.0.0.0 Safari/537.36','/pricing/config/hojas/nueva/','POST',NULL,'2026-03-15 21:47:26.348167',5),(1378,'Dario','CREATE','INFO','','','','POST /pricing/config/hojas/15/editar/','152.168.206.173','Mozilla/5.0 (Windows NT 10.0; Win64; x64) AppleWebKit/537.36 (KHTML, like Gecko) Chrome/146.0.0.0 Safari/537.36','/pricing/config/hojas/15/editar/','POST',NULL,'2026-03-15 21:48:46.698989',5),(1379,'Dario','CREATE','INFO','','','','POST /pricing/api/pricing/calculate/','152.168.206.173','Mozilla/5.0 (Windows NT 10.0; Win64; x64) AppleWebKit/537.36 (KHTML, like Gecko) Chrome/146.0.0.0 Safari/537.36','/pricing/api/pricing/calculate/','POST',NULL,'2026-03-15 21:49:53.419885',5),(1380,'Dario','CREATE','INFO','','','','POST /pricing/config/marcos/nuevo/','152.168.206.173','Mozilla/5.0 (Windows NT 10.0; Win64; x64) AppleWebKit/537.36 (KHTML, like Gecko) Chrome/146.0.0.0 Safari/537.36','/pricing/config/marcos/nuevo/','POST',NULL,'2026-03-15 21:51:14.929078',5),(1381,'Dario','CREATE','INFO','','','','POST /pricing/config/hojas/nueva/','152.168.206.173','Mozilla/5.0 (Windows NT 10.0; Win64; x64) AppleWebKit/537.36 (KHTML, like Gecko) Chrome/146.0.0.0 Safari/537.36','/pricing/config/hojas/nueva/','POST',NULL,'2026-03-15 21:52:00.408492',5),(1382,'Dario','CREATE','INFO','','','','POST /pricing/config/hojas/16/editar/','152.168.206.173','Mozilla/5.0 (Windows NT 10.0; Win64; x64) AppleWebKit/537.36 (KHTML, like Gecko) Chrome/146.0.0.0 Safari/537.36','/pricing/config/hojas/16/editar/','POST',NULL,'2026-03-15 21:55:10.226814',5),(1383,'Dario','CREATE','INFO','','','','POST /pricing/config/marcos/nuevo/','152.168.206.173','Mozilla/5.0 (Windows NT 10.0; Win64; x64) AppleWebKit/537.36 (KHTML, like Gecko) Chrome/146.0.0.0 Safari/537.36','/pricing/config/marcos/nuevo/','POST',NULL,'2026-03-15 21:56:21.196137',5),(1384,'Dario','CREATE','INFO','','','','POST /pricing/config/hojas/nueva/','152.168.206.173','Mozilla/5.0 (Windows NT 10.0; Win64; x64) AppleWebKit/537.36 (KHTML, like Gecko) Chrome/146.0.0.0 Safari/537.36','/pricing/config/hojas/nueva/','POST',NULL,'2026-03-15 21:57:16.945760',5),(1385,'Dario','CREATE','INFO','','','','POST /pricing/config/hojas/17/editar/','152.168.206.173','Mozilla/5.0 (Windows NT 10.0; Win64; x64) AppleWebKit/537.36 (KHTML, like Gecko) Chrome/146.0.0.0 Safari/537.36','/pricing/config/hojas/17/editar/','POST',NULL,'2026-03-15 21:57:22.993587',5),(1386,'Dario','CREATE','INFO','','','','POST /pricing/config/marcos/nuevo/','152.168.206.173','Mozilla/5.0 (Windows NT 10.0; Win64; x64) AppleWebKit/537.36 (KHTML, like Gecko) Chrome/146.0.0.0 Safari/537.36','/pricing/config/marcos/nuevo/','POST',NULL,'2026-03-15 21:58:21.188233',5),(1387,'Dario','CREATE','INFO','','','','POST /pricing/config/hojas/nueva/','152.168.206.173','Mozilla/5.0 (Windows NT 10.0; Win64; x64) AppleWebKit/537.36 (KHTML, like Gecko) Chrome/146.0.0.0 Safari/537.36','/pricing/config/hojas/nueva/','POST',NULL,'2026-03-15 21:58:51.645810',5),(1388,'Dario','CREATE','INFO','','','','POST /pricing/config/hojas/3/editar/','152.168.206.173','Mozilla/5.0 (Windows NT 10.0; Win64; x64) AppleWebKit/537.36 (KHTML, like Gecko) Chrome/146.0.0.0 Safari/537.36','/pricing/config/hojas/3/editar/','POST',NULL,'2026-03-15 22:04:17.060716',5),(1389,'Dario','CREATE','INFO','','','','POST /pricing/config/hojas/nueva/','152.168.206.173','Mozilla/5.0 (Windows NT 10.0; Win64; x64) AppleWebKit/537.36 (KHTML, like Gecko) Chrome/146.0.0.0 Safari/537.36','/pricing/config/hojas/nueva/','POST',NULL,'2026-03-15 22:05:10.105365',5),(1390,'Dario','CREATE','INFO','','','','POST /pricing/config/marcos/nuevo/','152.168.206.173','Mozilla/5.0 (Windows NT 10.0; Win64; x64) AppleWebKit/537.36 (KHTML, like Gecko) Chrome/146.0.0.0 Safari/537.36','/pricing/config/marcos/nuevo/','POST',NULL,'2026-03-15 22:07:33.376146',5),(1391,'Dario','CREATE','INFO','','','','POST /pricing/config/hojas/nueva/','152.168.206.173','Mozilla/5.0 (Windows NT 10.0; Win64; x64) AppleWebKit/537.36 (KHTML, like Gecko) Chrome/146.0.0.0 Safari/537.36','/pricing/config/hojas/nueva/','POST',NULL,'2026-03-15 22:08:05.218163',5),(1392,'Dario','CREATE','INFO','','','','POST /login/','152.168.206.173','Mozilla/5.0 (Windows NT 10.0; Win64; x64) AppleWebKit/537.36 (KHTML, like Gecko) Chrome/146.0.0.0 Safari/537.36','/login/','POST',NULL,'2026-03-15 23:47:10.526123',5),(1393,'Dario','CREATE','INFO','','','','POST /pricing/config/marcos/nuevo/','152.168.206.173','Mozilla/5.0 (Windows NT 10.0; Win64; x64) AppleWebKit/537.36 (KHTML, like Gecko) Chrome/146.0.0.0 Safari/537.36','/pricing/config/marcos/nuevo/','POST',NULL,'2026-03-15 23:48:36.970183',5),(1394,'Dario','CREATE','INFO','','','','POST /pricing/config/marcos/nuevo/','152.168.206.173','Mozilla/5.0 (Windows NT 10.0; Win64; x64) AppleWebKit/537.36 (KHTML, like Gecko) Chrome/146.0.0.0 Safari/537.36','/pricing/config/marcos/nuevo/','POST',NULL,'2026-03-15 23:50:02.263098',5),(1395,'Dario','CREATE','INFO','','','','POST /pricing/config/hojas/nueva/','152.168.206.173','Mozilla/5.0 (Windows NT 10.0; Win64; x64) AppleWebKit/537.36 (KHTML, like Gecko) Chrome/146.0.0.0 Safari/537.36','/pricing/config/hojas/nueva/','POST',NULL,'2026-03-15 23:50:48.969008',5),(1396,'Dario','CREATE','INFO','','','','POST /pricing/config/hojas/21/editar/','152.168.206.173','Mozilla/5.0 (Windows NT 10.0; Win64; x64) AppleWebKit/537.36 (KHTML, like Gecko) Chrome/146.0.0.0 Safari/537.36','/pricing/config/hojas/21/editar/','POST',NULL,'2026-03-15 23:51:38.185809',5),(1397,'Dario','CREATE','INFO','','','','POST /pricing/config/hojas/20/editar/','152.168.206.173','Mozilla/5.0 (Windows NT 10.0; Win64; x64) AppleWebKit/537.36 (KHTML, like Gecko) Chrome/146.0.0.0 Safari/537.36','/pricing/config/hojas/20/editar/','POST',NULL,'2026-03-15 23:52:06.219770',5),(1398,'Dario','CREATE','INFO','','','','POST /pricing/config/vidrios/dvh 1/editar/','152.168.206.173','Mozilla/5.0 (Windows NT 10.0; Win64; x64) AppleWebKit/537.36 (KHTML, like Gecko) Chrome/146.0.0.0 Safari/537.36','/pricing/config/vidrios/dvh 1/editar/','POST',NULL,'2026-03-15 23:53:11.131508',5),(1399,'Dario','CREATE','INFO','','','','POST /pricing/config/vidrios/dvh 1/editar/','152.168.206.173','Mozilla/5.0 (Windows NT 10.0; Win64; x64) AppleWebKit/537.36 (KHTML, like Gecko) Chrome/146.0.0.0 Safari/537.36','/pricing/config/vidrios/dvh 1/editar/','POST',NULL,'2026-03-15 23:54:08.539909',5),(1400,'Dario','CREATE','INFO','','','','POST /pricing/config/marcos/nuevo/','152.168.206.173','Mozilla/5.0 (Windows NT 10.0; Win64; x64) AppleWebKit/537.36 (KHTML, like Gecko) Chrome/146.0.0.0 Safari/537.36','/pricing/config/marcos/nuevo/','POST',NULL,'2026-03-16 00:02:12.032692',5),(1401,'Dario','CREATE','INFO','','','','POST /pricing/config/hojas/nueva/','152.168.206.173','Mozilla/5.0 (Windows NT 10.0; Win64; x64) AppleWebKit/537.36 (KHTML, like Gecko) Chrome/146.0.0.0 Safari/537.36','/pricing/config/hojas/nueva/','POST',NULL,'2026-03-16 00:03:17.548833',5),(1402,'Dario','CREATE','INFO','','','','POST /pricing/config/hojas/22/editar/','152.168.206.173','Mozilla/5.0 (Windows NT 10.0; Win64; x64) AppleWebKit/537.36 (KHTML, like Gecko) Chrome/146.0.0.0 Safari/537.36','/pricing/config/hojas/22/editar/','POST',NULL,'2026-03-16 00:03:24.839525',5),(1403,'Dario','CREATE','INFO','','','','POST /pricing/config/hojas/nueva/','152.168.206.173','Mozilla/5.0 (Windows NT 10.0; Win64; x64) AppleWebKit/537.36 (KHTML, like Gecko) Chrome/146.0.0.0 Safari/537.36','/pricing/config/hojas/nueva/','POST',NULL,'2026-03-16 00:03:51.606589',5),(1404,'Dario','CREATE','INFO','','','','POST /pricing/config/vidrios/dvh 1/editar/','152.168.206.173','Mozilla/5.0 (Windows NT 10.0; Win64; x64) AppleWebKit/537.36 (KHTML, like Gecko) Chrome/146.0.0.0 Safari/537.36','/pricing/config/vidrios/dvh 1/editar/','POST',NULL,'2026-03-16 00:04:30.161590',5),(1405,'Dario','CREATE','INFO','','','','POST /pricing/config/vidrios/dvh 1/editar/','152.168.206.173','Mozilla/5.0 (Windows NT 10.0; Win64; x64) AppleWebKit/537.36 (KHTML, like Gecko) Chrome/146.0.0.0 Safari/537.36','/pricing/config/vidrios/dvh 1/editar/','POST',NULL,'2026-03-16 00:05:05.597828',5),(1406,'Dario','CREATE','INFO','','','','POST /pricing/config/vidrios/DVH 2/editar/','152.168.206.173','Mozilla/5.0 (Windows NT 10.0; Win64; x64) AppleWebKit/537.36 (KHTML, like Gecko) Chrome/146.0.0.0 Safari/537.36','/pricing/config/vidrios/DVH 2/editar/','POST',NULL,'2026-03-16 00:05:31.568837',5),(1407,'Dario','CREATE','INFO','','','','POST /pricing/config/vidrios/DVH 3/editar/','152.168.206.173','Mozilla/5.0 (Windows NT 10.0; Win64; x64) AppleWebKit/537.36 (KHTML, like Gecko) Chrome/146.0.0.0 Safari/537.36','/pricing/config/vidrios/DVH 3/editar/','POST',NULL,'2026-03-16 00:05:50.814720',5),(1408,'Dario','CREATE','INFO','','','','POST /pricing/config/marcos/nuevo/','152.168.206.173','Mozilla/5.0 (Windows NT 10.0; Win64; x64) AppleWebKit/537.36 (KHTML, like Gecko) Chrome/146.0.0.0 Safari/537.36','/pricing/config/marcos/nuevo/','POST',NULL,'2026-03-16 00:06:53.079222',5),(1409,'Dario','CREATE','INFO','','','','POST /pricing/config/hojas/nueva/','152.168.206.173','Mozilla/5.0 (Windows NT 10.0; Win64; x64) AppleWebKit/537.36 (KHTML, like Gecko) Chrome/146.0.0.0 Safari/537.36','/pricing/config/hojas/nueva/','POST',NULL,'2026-03-16 00:07:31.634933',5),(1410,'Dario','CREATE','INFO','','','','POST /pricing/config/hojas/24/editar/','152.168.206.173','Mozilla/5.0 (Windows NT 10.0; Win64; x64) AppleWebKit/537.36 (KHTML, like Gecko) Chrome/146.0.0.0 Safari/537.36','/pricing/config/hojas/24/editar/','POST',NULL,'2026-03-16 00:09:01.556523',5),(1411,'Dario','CREATE','INFO','','','','POST /pricing/config/marcos/nuevo/','152.168.206.173','Mozilla/5.0 (Windows NT 10.0; Win64; x64) AppleWebKit/537.36 (KHTML, like Gecko) Chrome/146.0.0.0 Safari/537.36','/pricing/config/marcos/nuevo/','POST',NULL,'2026-03-16 00:12:47.876905',5),(1412,'Dario','CREATE','INFO','','','','POST /pricing/config/hojas/2/editar/','152.168.206.173','Mozilla/5.0 (Windows NT 10.0; Win64; x64) AppleWebKit/537.36 (KHTML, like Gecko) Chrome/146.0.0.0 Safari/537.36','/pricing/config/hojas/2/editar/','POST',NULL,'2026-03-16 00:15:41.588649',5),(1413,'Dario','CREATE','INFO','','','','POST /pricing/config/marcos/26/editar/','152.168.206.173','Mozilla/5.0 (Windows NT 10.0; Win64; x64) AppleWebKit/537.36 (KHTML, like Gecko) Chrome/146.0.0.0 Safari/537.36','/pricing/config/marcos/26/editar/','POST',NULL,'2026-03-16 00:16:37.549954',5),(1414,'Dario','CREATE','INFO','','','','POST /pricing/config/hojas/nueva/','152.168.206.173','Mozilla/5.0 (Windows NT 10.0; Win64; x64) AppleWebKit/537.36 (KHTML, like Gecko) Chrome/146.0.0.0 Safari/537.36','/pricing/config/hojas/nueva/','POST',NULL,'2026-03-16 00:17:10.742129',5),(1415,'Dario','CREATE','INFO','','','','POST /pricing/config/hojas/25/editar/','152.168.206.173','Mozilla/5.0 (Windows NT 10.0; Win64; x64) AppleWebKit/537.36 (KHTML, like Gecko) Chrome/146.0.0.0 Safari/537.36','/pricing/config/hojas/25/editar/','POST',NULL,'2026-03-16 00:17:16.901586',5),(1416,'Dario','CREATE','INFO','','','','POST /pricing/config/vidrios/dvh 1/editar/','152.168.206.173','Mozilla/5.0 (Windows NT 10.0; Win64; x64) AppleWebKit/537.36 (KHTML, like Gecko) Chrome/146.0.0.0 Safari/537.36','/pricing/config/vidrios/dvh 1/editar/','POST',NULL,'2026-03-16 00:19:16.137738',5),(1417,'Dario','CREATE','INFO','','','','POST /pricing/config/vidrios/DVH 2/editar/','152.168.206.173','Mozilla/5.0 (Windows NT 10.0; Win64; x64) AppleWebKit/537.36 (KHTML, like Gecko) Chrome/146.0.0.0 Safari/537.36','/pricing/config/vidrios/DVH 2/editar/','POST',NULL,'2026-03-16 00:19:28.032814',5),(1418,'Dario','CREATE','INFO','','','','POST /pricing/config/vidrios/DVH 3/editar/','152.168.206.173','Mozilla/5.0 (Windows NT 10.0; Win64; x64) AppleWebKit/537.36 (KHTML, like Gecko) Chrome/146.0.0.0 Safari/537.36','/pricing/config/vidrios/DVH 3/editar/','POST',NULL,'2026-03-16 00:19:38.700902',5),(1419,'Dario','CREATE','INFO','','','','POST /pricing/config/hojas/nueva/','152.168.206.173','Mozilla/5.0 (Windows NT 10.0; Win64; x64) AppleWebKit/537.36 (KHTML, like Gecko) Chrome/146.0.0.0 Safari/537.36','/pricing/config/hojas/nueva/','POST',NULL,'2026-03-16 00:20:27.832661',5),(1420,'Dario','CREATE','INFO','','','','POST /pricing/config/hojas/26/editar/','152.168.206.173','Mozilla/5.0 (Windows NT 10.0; Win64; x64) AppleWebKit/537.36 (KHTML, like Gecko) Chrome/146.0.0.0 Safari/537.36','/pricing/config/hojas/26/editar/','POST',NULL,'2026-03-16 00:20:31.243087',5),(1421,'Dario','CREATE','INFO','','','','POST /pricing/config/marcos/nuevo/','152.168.206.173','Mozilla/5.0 (Windows NT 10.0; Win64; x64) AppleWebKit/537.36 (KHTML, like Gecko) Chrome/146.0.0.0 Safari/537.36','/pricing/config/marcos/nuevo/','POST',NULL,'2026-03-16 00:21:06.572717',5),(1422,'Dario','CREATE','INFO','','','','POST /pricing/config/hojas/nueva/','152.168.206.173','Mozilla/5.0 (Windows NT 10.0; Win64; x64) AppleWebKit/537.36 (KHTML, like Gecko) Chrome/146.0.0.0 Safari/537.36','/pricing/config/hojas/nueva/','POST',NULL,'2026-03-16 00:22:12.727837',5),(1423,'Dario','CREATE','INFO','','','','POST /pricing/config/hojas/27/editar/','152.168.206.173','Mozilla/5.0 (Windows NT 10.0; Win64; x64) AppleWebKit/537.36 (KHTML, like Gecko) Chrome/146.0.0.0 Safari/537.36','/pricing/config/hojas/27/editar/','POST',NULL,'2026-03-16 00:22:19.314889',5),(1424,'Dario','CREATE','INFO','','','','POST /pricing/config/hojas/nueva/','152.168.206.173','Mozilla/5.0 (Windows NT 10.0; Win64; x64) AppleWebKit/537.36 (KHTML, like Gecko) Chrome/146.0.0.0 Safari/537.36','/pricing/config/hojas/nueva/','POST',NULL,'2026-03-16 00:23:01.219849',5),(1425,'Dario','CREATE','INFO','','','','POST /pricing/config/hojas/28/editar/','152.168.206.173','Mozilla/5.0 (Windows NT 10.0; Win64; x64) AppleWebKit/537.36 (KHTML, like Gecko) Chrome/146.0.0.0 Safari/537.36','/pricing/config/hojas/28/editar/','POST',NULL,'2026-03-16 00:23:04.721458',5),(1426,'Dario','CREATE','INFO','','','','POST /pricing/config/vidrios/dvh 1/editar/','152.168.206.173','Mozilla/5.0 (Windows NT 10.0; Win64; x64) AppleWebKit/537.36 (KHTML, like Gecko) Chrome/146.0.0.0 Safari/537.36','/pricing/config/vidrios/dvh 1/editar/','POST',NULL,'2026-03-16 00:23:55.188506',5),(1427,'Dario','CREATE','INFO','','','','POST /pricing/config/vidrios/dvh 1/editar/','152.168.206.173','Mozilla/5.0 (Windows NT 10.0; Win64; x64) AppleWebKit/537.36 (KHTML, like Gecko) Chrome/146.0.0.0 Safari/537.36','/pricing/config/vidrios/dvh 1/editar/','POST',NULL,'2026-03-16 00:24:07.568408',5),(1428,'Dario','CREATE','INFO','','','','POST /pricing/config/vidrios/DVH 2/editar/','152.168.206.173','Mozilla/5.0 (Windows NT 10.0; Win64; x64) AppleWebKit/537.36 (KHTML, like Gecko) Chrome/146.0.0.0 Safari/537.36','/pricing/config/vidrios/DVH 2/editar/','POST',NULL,'2026-03-16 00:24:18.981419',5),(1429,'Dario','CREATE','INFO','','','','POST /pricing/config/vidrios/DVH 2/editar/','152.168.206.173','Mozilla/5.0 (Windows NT 10.0; Win64; x64) AppleWebKit/537.36 (KHTML, like Gecko) Chrome/146.0.0.0 Safari/537.36','/pricing/config/vidrios/DVH 2/editar/','POST',NULL,'2026-03-16 00:24:29.120515',5),(1430,'Dario','CREATE','INFO','','','','POST /pricing/config/vidrios/DVH 3/editar/','152.168.206.173','Mozilla/5.0 (Windows NT 10.0; Win64; x64) AppleWebKit/537.36 (KHTML, like Gecko) Chrome/146.0.0.0 Safari/537.36','/pricing/config/vidrios/DVH 3/editar/','POST',NULL,'2026-03-16 00:24:41.540075',5),(1431,'Dario','CREATE','INFO','','','','POST /pricing/config/vidrios/DVH 3/editar/','152.168.206.173','Mozilla/5.0 (Windows NT 10.0; Win64; x64) AppleWebKit/537.36 (KHTML, like Gecko) Chrome/146.0.0.0 Safari/537.36','/pricing/config/vidrios/DVH 3/editar/','POST',NULL,'2026-03-16 00:24:53.494381',5),(1432,'Dario','CREATE','INFO','','','','POST /pricing/config/hojas/27/editar/','152.168.206.173','Mozilla/5.0 (Windows NT 10.0; Win64; x64) AppleWebKit/537.36 (KHTML, like Gecko) Chrome/146.0.0.0 Safari/537.36','/pricing/config/hojas/27/editar/','POST',NULL,'2026-03-16 00:25:27.113862',5),(1433,'Dario','CREATE','INFO','','','','POST /pricing/config/hojas/28/editar/','152.168.206.173','Mozilla/5.0 (Windows NT 10.0; Win64; x64) AppleWebKit/537.36 (KHTML, like Gecko) Chrome/146.0.0.0 Safari/537.36','/pricing/config/hojas/28/editar/','POST',NULL,'2026-03-16 00:25:44.758501',5),(1434,'Dario','CREATE','INFO','','','','POST /pricing/config/hojas/24/editar/','152.168.206.173','Mozilla/5.0 (Windows NT 10.0; Win64; x64) AppleWebKit/537.36 (KHTML, like Gecko) Chrome/146.0.0.0 Safari/537.36','/pricing/config/hojas/24/editar/','POST',NULL,'2026-03-16 00:26:38.961908',5),(1435,'Dario','CREATE','INFO','','','','POST /pricing/config/hojas/23/editar/','152.168.206.173','Mozilla/5.0 (Windows NT 10.0; Win64; x64) AppleWebKit/537.36 (KHTML, like Gecko) Chrome/146.0.0.0 Safari/537.36','/pricing/config/hojas/23/editar/','POST',NULL,'2026-03-16 00:26:56.188671',5),(1436,'Dario','CREATE','INFO','','','','POST /pricing/config/hojas/22/editar/','152.168.206.173','Mozilla/5.0 (Windows NT 10.0; Win64; x64) AppleWebKit/537.36 (KHTML, like Gecko) Chrome/146.0.0.0 Safari/537.36','/pricing/config/hojas/22/editar/','POST',NULL,'2026-03-16 00:27:10.463446',5),(1437,'Dario','CREATE','INFO','','','','POST /pricing/config/marcos/nuevo/','152.168.206.173','Mozilla/5.0 (Windows NT 10.0; Win64; x64) AppleWebKit/537.36 (KHTML, like Gecko) Chrome/146.0.0.0 Safari/537.36','/pricing/config/marcos/nuevo/','POST',NULL,'2026-03-16 00:27:46.311290',5),(1438,'Dario','CREATE','INFO','','','','POST /pricing/config/hojas/nueva/','152.168.206.173','Mozilla/5.0 (Windows NT 10.0; Win64; x64) AppleWebKit/537.36 (KHTML, like Gecko) Chrome/146.0.0.0 Safari/537.36','/pricing/config/hojas/nueva/','POST',NULL,'2026-03-16 00:28:29.832324',5),(1439,'Dario','CREATE','INFO','','','','POST /pricing/config/hojas/29/editar/','152.168.206.173','Mozilla/5.0 (Windows NT 10.0; Win64; x64) AppleWebKit/537.36 (KHTML, like Gecko) Chrome/146.0.0.0 Safari/537.36','/pricing/config/hojas/29/editar/','POST',NULL,'2026-03-16 00:28:44.062791',5),(1440,'Dario','CREATE','INFO','','','','POST /pricing/config/vidrios/dvh 1/editar/','152.168.206.173','Mozilla/5.0 (Windows NT 10.0; Win64; x64) AppleWebKit/537.36 (KHTML, like Gecko) Chrome/146.0.0.0 Safari/537.36','/pricing/config/vidrios/dvh 1/editar/','POST',NULL,'2026-03-16 00:29:33.832803',5),(1441,'Dario','CREATE','INFO','','','','POST /pricing/config/vidrios/DVH 2/editar/','152.168.206.173','Mozilla/5.0 (Windows NT 10.0; Win64; x64) AppleWebKit/537.36 (KHTML, like Gecko) Chrome/146.0.0.0 Safari/537.36','/pricing/config/vidrios/DVH 2/editar/','POST',NULL,'2026-03-16 00:29:43.884133',5),(1442,'Dario','CREATE','INFO','','','','POST /pricing/config/vidrios/DVH 3/editar/','152.168.206.173','Mozilla/5.0 (Windows NT 10.0; Win64; x64) AppleWebKit/537.36 (KHTML, like Gecko) Chrome/146.0.0.0 Safari/537.36','/pricing/config/vidrios/DVH 3/editar/','POST',NULL,'2026-03-16 00:29:54.849857',5),(1443,'Dario','CREATE','INFO','','','','POST /pricing/config/marcos/nuevo/','152.168.206.173','Mozilla/5.0 (Windows NT 10.0; Win64; x64) AppleWebKit/537.36 (KHTML, like Gecko) Chrome/146.0.0.0 Safari/537.36','/pricing/config/marcos/nuevo/','POST',NULL,'2026-03-16 00:36:03.906205',5),(1444,'Dario','CREATE','INFO','','','','POST /pricing/config/hojas/nueva/','152.168.206.173','Mozilla/5.0 (Windows NT 10.0; Win64; x64) AppleWebKit/537.36 (KHTML, like Gecko) Chrome/146.0.0.0 Safari/537.36','/pricing/config/hojas/nueva/','POST',NULL,'2026-03-16 00:36:46.001063',5),(1445,'Dario','CREATE','INFO','','','','POST /pricing/config/hojas/30/editar/','152.168.206.173','Mozilla/5.0 (Windows NT 10.0; Win64; x64) AppleWebKit/537.36 (KHTML, like Gecko) Chrome/146.0.0.0 Safari/537.36','/pricing/config/hojas/30/editar/','POST',NULL,'2026-03-16 00:36:50.486139',5),(1446,'Dario','CREATE','INFO','','','','POST /pricing/config/hojas/nueva/','152.168.206.173','Mozilla/5.0 (Windows NT 10.0; Win64; x64) AppleWebKit/537.36 (KHTML, like Gecko) Chrome/146.0.0.0 Safari/537.36','/pricing/config/hojas/nueva/','POST',NULL,'2026-03-16 00:37:23.443499',5),(1447,'Dario','CREATE','INFO','','','','POST /pricing/config/hojas/31/editar/','152.168.206.173','Mozilla/5.0 (Windows NT 10.0; Win64; x64) AppleWebKit/537.36 (KHTML, like Gecko) Chrome/146.0.0.0 Safari/537.36','/pricing/config/hojas/31/editar/','POST',NULL,'2026-03-16 00:37:26.760623',5),(1448,'Dario','CREATE','INFO','','','','POST /pricing/config/vidrios/dvh 1/editar/','152.168.206.173','Mozilla/5.0 (Windows NT 10.0; Win64; x64) AppleWebKit/537.36 (KHTML, like Gecko) Chrome/146.0.0.0 Safari/537.36','/pricing/config/vidrios/dvh 1/editar/','POST',NULL,'2026-03-16 00:37:49.642559',5),(1449,'Dario','CREATE','INFO','','','','POST /pricing/config/vidrios/dvh 1/editar/','152.168.206.173','Mozilla/5.0 (Windows NT 10.0; Win64; x64) AppleWebKit/537.36 (KHTML, like Gecko) Chrome/146.0.0.0 Safari/537.36','/pricing/config/vidrios/dvh 1/editar/','POST',NULL,'2026-03-16 00:38:17.080867',5),(1450,'Dario','CREATE','INFO','','','','POST /pricing/config/vidrios/DVH 3/editar/','152.168.206.173','Mozilla/5.0 (Windows NT 10.0; Win64; x64) AppleWebKit/537.36 (KHTML, like Gecko) Chrome/146.0.0.0 Safari/537.36','/pricing/config/vidrios/DVH 3/editar/','POST',NULL,'2026-03-16 00:38:27.978520',5),(1451,'Dario','CREATE','INFO','','','','POST /pricing/config/vidrios/dvh 1/editar/','152.168.206.173','Mozilla/5.0 (Windows NT 10.0; Win64; x64) AppleWebKit/537.36 (KHTML, like Gecko) Chrome/146.0.0.0 Safari/537.36','/pricing/config/vidrios/dvh 1/editar/','POST',NULL,'2026-03-16 00:43:03.234862',5),(1452,'Dario','CREATE','INFO','','','','POST /pricing/config/vidrios/dvh 1/editar/','152.168.206.173','Mozilla/5.0 (Windows NT 10.0; Win64; x64) AppleWebKit/537.36 (KHTML, like Gecko) Chrome/146.0.0.0 Safari/537.36','/pricing/config/vidrios/dvh 1/editar/','POST',NULL,'2026-03-16 00:43:07.388893',5),(1453,'Dario','CREATE','INFO','','','','POST /pricing/config/vidrios/DVH 2/editar/','152.168.206.173','Mozilla/5.0 (Windows NT 10.0; Win64; x64) AppleWebKit/537.36 (KHTML, like Gecko) Chrome/146.0.0.0 Safari/537.36','/pricing/config/vidrios/DVH 2/editar/','POST',NULL,'2026-03-16 00:43:18.946981',5),(1454,'Dario','CREATE','INFO','','','','POST /pricing/config/vidrios/DVH 2/editar/','152.168.206.173','Mozilla/5.0 (Windows NT 10.0; Win64; x64) AppleWebKit/537.36 (KHTML, like Gecko) Chrome/146.0.0.0 Safari/537.36','/pricing/config/vidrios/DVH 2/editar/','POST',NULL,'2026-03-16 00:43:21.650299',5),(1455,'Dario','CREATE','INFO','','','','POST /pricing/config/vidrios/DVH 3/editar/','152.168.206.173','Mozilla/5.0 (Windows NT 10.0; Win64; x64) AppleWebKit/537.36 (KHTML, like Gecko) Chrome/146.0.0.0 Safari/537.36','/pricing/config/vidrios/DVH 3/editar/','POST',NULL,'2026-03-16 00:43:31.866373',5),(1456,'Dario','CREATE','INFO','','','','POST /pricing/config/vidrios/DVH 3/editar/','152.168.206.173','Mozilla/5.0 (Windows NT 10.0; Win64; x64) AppleWebKit/537.36 (KHTML, like Gecko) Chrome/146.0.0.0 Safari/537.36','/pricing/config/vidrios/DVH 3/editar/','POST',NULL,'2026-03-16 00:43:33.750644',5),(1457,'Dario','CREATE','INFO','','','','POST /pricing/config/vidrios/DVH 3/editar/','152.168.206.173','Mozilla/5.0 (Windows NT 10.0; Win64; x64) AppleWebKit/537.36 (KHTML, like Gecko) Chrome/146.0.0.0 Safari/537.36','/pricing/config/vidrios/DVH 3/editar/','POST',NULL,'2026-03-16 00:43:47.982932',5),(1458,'Dario','CREATE','INFO','','','','POST /pricing/config/vidrios/DVH 3/editar/','152.168.206.173','Mozilla/5.0 (Windows NT 10.0; Win64; x64) AppleWebKit/537.36 (KHTML, like Gecko) Chrome/146.0.0.0 Safari/537.36','/pricing/config/vidrios/DVH 3/editar/','POST',NULL,'2026-03-16 00:43:52.429701',5),(1459,'Dario','CREATE','INFO','','','','POST /pricing/config/vidrios/DVH 2/editar/','152.168.206.173','Mozilla/5.0 (Windows NT 10.0; Win64; x64) AppleWebKit/537.36 (KHTML, like Gecko) Chrome/146.0.0.0 Safari/537.36','/pricing/config/vidrios/DVH 2/editar/','POST',NULL,'2026-03-16 00:44:00.178755',5),(1460,'Dario','CREATE','INFO','','','','POST /pricing/config/vidrios/DVH 2/editar/','152.168.206.173','Mozilla/5.0 (Windows NT 10.0; Win64; x64) AppleWebKit/537.36 (KHTML, like Gecko) Chrome/146.0.0.0 Safari/537.36','/pricing/config/vidrios/DVH 2/editar/','POST',NULL,'2026-03-16 00:44:12.538351',5),(1461,'Dario','CREATE','INFO','','','','POST /pricing/config/vidrios/DVH 2/editar/','152.168.206.173','Mozilla/5.0 (Windows NT 10.0; Win64; x64) AppleWebKit/537.36 (KHTML, like Gecko) Chrome/146.0.0.0 Safari/537.36','/pricing/config/vidrios/DVH 2/editar/','POST',NULL,'2026-03-16 00:44:18.371998',5),(1462,'Dario','CREATE','INFO','','','','POST /pricing/config/vidrios/dvh 1/editar/','152.168.206.173','Mozilla/5.0 (Windows NT 10.0; Win64; x64) AppleWebKit/537.36 (KHTML, like Gecko) Chrome/146.0.0.0 Safari/537.36','/pricing/config/vidrios/dvh 1/editar/','POST',NULL,'2026-03-16 00:44:37.171187',5),(1463,'Dario','CREATE','INFO','','','','POST /pricing/config/vidrios/dvh 1/editar/','152.168.206.173','Mozilla/5.0 (Windows NT 10.0; Win64; x64) AppleWebKit/537.36 (KHTML, like Gecko) Chrome/146.0.0.0 Safari/537.36','/pricing/config/vidrios/dvh 1/editar/','POST',NULL,'2026-03-16 00:44:39.192399',5),(1464,'Dario','CREATE','INFO','','','','POST /pricing/config/vidrios/dvh 1/editar/','152.168.206.173','Mozilla/5.0 (Windows NT 10.0; Win64; x64) AppleWebKit/537.36 (KHTML, like Gecko) Chrome/146.0.0.0 Safari/537.36','/pricing/config/vidrios/dvh 1/editar/','POST',NULL,'2026-03-16 00:45:49.725108',5),(1465,'Dario','CREATE','INFO','','','','POST /pricing/config/vidrios/dvh 1/editar/','152.168.206.173','Mozilla/5.0 (Windows NT 10.0; Win64; x64) AppleWebKit/537.36 (KHTML, like Gecko) Chrome/146.0.0.0 Safari/537.36','/pricing/config/vidrios/dvh 1/editar/','POST',NULL,'2026-03-16 00:46:11.108121',5),(1466,'Dario','CREATE','INFO','','','','POST /pricing/config/vidrios/dvh 1/editar/','152.168.206.173','Mozilla/5.0 (Windows NT 10.0; Win64; x64) AppleWebKit/537.36 (KHTML, like Gecko) Chrome/146.0.0.0 Safari/537.36','/pricing/config/vidrios/dvh 1/editar/','POST',NULL,'2026-03-16 00:46:24.715095',5),(1467,'Dario','CREATE','INFO','','','','POST /pricing/config/vidrios/DVH 2/editar/','152.168.206.173','Mozilla/5.0 (Windows NT 10.0; Win64; x64) AppleWebKit/537.36 (KHTML, like Gecko) Chrome/146.0.0.0 Safari/537.36','/pricing/config/vidrios/DVH 2/editar/','POST',NULL,'2026-03-16 00:46:52.153379',5),(1468,'Dario','CREATE','INFO','','','','POST /pricing/config/vidrios/DVH 2/editar/','152.168.206.173','Mozilla/5.0 (Windows NT 10.0; Win64; x64) AppleWebKit/537.36 (KHTML, like Gecko) Chrome/146.0.0.0 Safari/537.36','/pricing/config/vidrios/DVH 2/editar/','POST',NULL,'2026-03-16 00:46:55.805943',5),(1469,'Dario','CREATE','INFO','','','','POST /pricing/config/vidrios/DVH 3/editar/','152.168.206.173','Mozilla/5.0 (Windows NT 10.0; Win64; x64) AppleWebKit/537.36 (KHTML, like Gecko) Chrome/146.0.0.0 Safari/537.36','/pricing/config/vidrios/DVH 3/editar/','POST',NULL,'2026-03-16 00:47:20.435138',5),(1470,'Dario','CREATE','INFO','','','','POST /pricing/config/vidrios/DVH 3/editar/','152.168.206.173','Mozilla/5.0 (Windows NT 10.0; Win64; x64) AppleWebKit/537.36 (KHTML, like Gecko) Chrome/146.0.0.0 Safari/537.36','/pricing/config/vidrios/DVH 3/editar/','POST',NULL,'2026-03-16 00:47:23.139296',5),(1471,'Dario','CREATE','INFO','','','','POST /pricing/config/hojas/nueva/','152.168.206.173','Mozilla/5.0 (Windows NT 10.0; Win64; x64) AppleWebKit/537.36 (KHTML, like Gecko) Chrome/146.0.0.0 Safari/537.36','/pricing/config/hojas/nueva/','POST',NULL,'2026-03-16 00:49:28.878299',5),(1472,'Dario','CREATE','INFO','','','','POST /pricing/config/hojas/32/editar/','152.168.206.173','Mozilla/5.0 (Windows NT 10.0; Win64; x64) AppleWebKit/537.36 (KHTML, like Gecko) Chrome/146.0.0.0 Safari/537.36','/pricing/config/hojas/32/editar/','POST',NULL,'2026-03-16 00:49:36.227604',5),(1473,'Dario','CREATE','INFO','','','','POST /pricing/config/vidrios/dvh 1/editar/','152.168.206.173','Mozilla/5.0 (Windows NT 10.0; Win64; x64) AppleWebKit/537.36 (KHTML, like Gecko) Chrome/146.0.0.0 Safari/537.36','/pricing/config/vidrios/dvh 1/editar/','POST',NULL,'2026-03-16 00:50:46.986602',5),(1474,'Dario','CREATE','INFO','','','','POST /pricing/config/vidrios/dvh 1/editar/','152.168.206.173','Mozilla/5.0 (Windows NT 10.0; Win64; x64) AppleWebKit/537.36 (KHTML, like Gecko) Chrome/146.0.0.0 Safari/537.36','/pricing/config/vidrios/dvh 1/editar/','POST',NULL,'2026-03-16 00:50:58.322000',5),(1475,'Dario','CREATE','INFO','','','','POST /pricing/config/vidrios/DVH 2/editar/','152.168.206.173','Mozilla/5.0 (Windows NT 10.0; Win64; x64) AppleWebKit/537.36 (KHTML, like Gecko) Chrome/146.0.0.0 Safari/537.36','/pricing/config/vidrios/DVH 2/editar/','POST',NULL,'2026-03-16 00:51:25.252001',5),(1476,'Dario','CREATE','INFO','','','','POST /pricing/config/vidrios/DVH 2/editar/','152.168.206.173','Mozilla/5.0 (Windows NT 10.0; Win64; x64) AppleWebKit/537.36 (KHTML, like Gecko) Chrome/146.0.0.0 Safari/537.36','/pricing/config/vidrios/DVH 2/editar/','POST',NULL,'2026-03-16 00:51:27.484442',5),(1477,'Dario','CREATE','INFO','','','','POST /pricing/config/vidrios/DVH 3/editar/','152.168.206.173','Mozilla/5.0 (Windows NT 10.0; Win64; x64) AppleWebKit/537.36 (KHTML, like Gecko) Chrome/146.0.0.0 Safari/537.36','/pricing/config/vidrios/DVH 3/editar/','POST',NULL,'2026-03-16 00:52:05.804037',5),(1478,'Dario','CREATE','INFO','','','','POST /pricing/config/vidrios/DVH 3/editar/','152.168.206.173','Mozilla/5.0 (Windows NT 10.0; Win64; x64) AppleWebKit/537.36 (KHTML, like Gecko) Chrome/146.0.0.0 Safari/537.36','/pricing/config/vidrios/DVH 3/editar/','POST',NULL,'2026-03-16 00:52:08.141851',5),(1479,'Dario','CREATE','INFO','','','','POST /pricing/config/marcos/nuevo/','152.168.206.173','Mozilla/5.0 (Windows NT 10.0; Win64; x64) AppleWebKit/537.36 (KHTML, like Gecko) Chrome/146.0.0.0 Safari/537.36','/pricing/config/marcos/nuevo/','POST',NULL,'2026-03-16 00:52:45.004919',5),(1480,'Dario','CREATE','INFO','','','','POST /pricing/config/marcos/nuevo/','152.168.206.173','Mozilla/5.0 (Windows NT 10.0; Win64; x64) AppleWebKit/537.36 (KHTML, like Gecko) Chrome/146.0.0.0 Safari/537.36','/pricing/config/marcos/nuevo/','POST',NULL,'2026-03-16 00:53:02.484644',5),(1481,'Dario','CREATE','INFO','','','','POST /pricing/config/marcos/31/eliminar/','152.168.206.173','Mozilla/5.0 (Windows NT 10.0; Win64; x64) AppleWebKit/537.36 (KHTML, like Gecko) Chrome/146.0.0.0 Safari/537.36','/pricing/config/marcos/31/eliminar/','POST',NULL,'2026-03-16 00:55:01.271605',5),(1482,'Dario','CREATE','INFO','','','','POST /pricing/config/marcos/30/editar/','152.168.206.173','Mozilla/5.0 (Windows NT 10.0; Win64; x64) AppleWebKit/537.36 (KHTML, like Gecko) Chrome/146.0.0.0 Safari/537.36','/pricing/config/marcos/30/editar/','POST',NULL,'2026-03-16 00:55:29.044319',5),(1483,'Dario','CREATE','INFO','','','','POST /pricing/config/hojas/nueva/','152.168.206.173','Mozilla/5.0 (Windows NT 10.0; Win64; x64) AppleWebKit/537.36 (KHTML, like Gecko) Chrome/146.0.0.0 Safari/537.36','/pricing/config/hojas/nueva/','POST',NULL,'2026-03-16 00:57:10.731267',5),(1484,'Dario','CREATE','INFO','','','','POST /pricing/config/hojas/33/editar/','152.168.206.173','Mozilla/5.0 (Windows NT 10.0; Win64; x64) AppleWebKit/537.36 (KHTML, like Gecko) Chrome/146.0.0.0 Safari/537.36','/pricing/config/hojas/33/editar/','POST',NULL,'2026-03-16 00:57:14.593584',5),(1485,'Dario','CREATE','INFO','','','','POST /pricing/config/hojas/33/editar/','152.168.206.173','Mozilla/5.0 (Windows NT 10.0; Win64; x64) AppleWebKit/537.36 (KHTML, like Gecko) Chrome/146.0.0.0 Safari/537.36','/pricing/config/hojas/33/editar/','POST',NULL,'2026-03-16 00:58:09.208677',5),(1486,'Dario','CREATE','INFO','','','','POST /pricing/config/hojas/nueva/','152.168.206.173','Mozilla/5.0 (Windows NT 10.0; Win64; x64) AppleWebKit/537.36 (KHTML, like Gecko) Chrome/146.0.0.0 Safari/537.36','/pricing/config/hojas/nueva/','POST',NULL,'2026-03-16 00:58:49.584888',5),(1487,'Dario','CREATE','INFO','','','','POST /pricing/config/hojas/34/editar/','152.168.206.173','Mozilla/5.0 (Windows NT 10.0; Win64; x64) AppleWebKit/537.36 (KHTML, like Gecko) Chrome/146.0.0.0 Safari/537.36','/pricing/config/hojas/34/editar/','POST',NULL,'2026-03-16 00:58:53.294123',5),(1488,'Dario','CREATE','INFO','','','','POST /pricing/config/vidrios/dvh 1/editar/','152.168.206.173','Mozilla/5.0 (Windows NT 10.0; Win64; x64) AppleWebKit/537.36 (KHTML, like Gecko) Chrome/146.0.0.0 Safari/537.36','/pricing/config/vidrios/dvh 1/editar/','POST',NULL,'2026-03-16 00:59:16.526870',5),(1489,'Dario','CREATE','INFO','','','','POST /pricing/config/vidrios/dvh 1/editar/','152.168.206.173','Mozilla/5.0 (Windows NT 10.0; Win64; x64) AppleWebKit/537.36 (KHTML, like Gecko) Chrome/146.0.0.0 Safari/537.36','/pricing/config/vidrios/dvh 1/editar/','POST',NULL,'2026-03-16 00:59:23.642377',5),(1490,'Dario','CREATE','INFO','','','','POST /pricing/config/vidrios/DVH 2/editar/','152.168.206.173','Mozilla/5.0 (Windows NT 10.0; Win64; x64) AppleWebKit/537.36 (KHTML, like Gecko) Chrome/146.0.0.0 Safari/537.36','/pricing/config/vidrios/DVH 2/editar/','POST',NULL,'2026-03-16 00:59:41.805061',5),(1491,'Dario','CREATE','INFO','','','','POST /pricing/config/vidrios/DVH 2/editar/','152.168.206.173','Mozilla/5.0 (Windows NT 10.0; Win64; x64) AppleWebKit/537.36 (KHTML, like Gecko) Chrome/146.0.0.0 Safari/537.36','/pricing/config/vidrios/DVH 2/editar/','POST',NULL,'2026-03-16 00:59:44.020573',5),(1492,'Dario','CREATE','INFO','','','','POST /pricing/config/vidrios/DVH 3/editar/','152.168.206.173','Mozilla/5.0 (Windows NT 10.0; Win64; x64) AppleWebKit/537.36 (KHTML, like Gecko) Chrome/146.0.0.0 Safari/537.36','/pricing/config/vidrios/DVH 3/editar/','POST',NULL,'2026-03-16 01:00:02.175025',5),(1493,'Dario','CREATE','INFO','','','','POST /pricing/config/vidrios/DVH 3/editar/','152.168.206.173','Mozilla/5.0 (Windows NT 10.0; Win64; x64) AppleWebKit/537.36 (KHTML, like Gecko) Chrome/146.0.0.0 Safari/537.36','/pricing/config/vidrios/DVH 3/editar/','POST',NULL,'2026-03-16 01:00:04.328554',5),(1494,'Dario','CREATE','INFO','','','','POST /pricing/config/marcos/nuevo/','152.168.206.173','Mozilla/5.0 (Windows NT 10.0; Win64; x64) AppleWebKit/537.36 (KHTML, like Gecko) Chrome/146.0.0.0 Safari/537.36','/pricing/config/marcos/nuevo/','POST',NULL,'2026-03-16 01:00:51.004844',5),(1495,'Dario','CREATE','INFO','','','','POST /pricing/config/hojas/nueva/','152.168.206.173','Mozilla/5.0 (Windows NT 10.0; Win64; x64) AppleWebKit/537.36 (KHTML, like Gecko) Chrome/146.0.0.0 Safari/537.36','/pricing/config/hojas/nueva/','POST',NULL,'2026-03-16 01:02:02.433723',5),(1496,'Dario','CREATE','INFO','','','','POST /pricing/config/hojas/35/editar/','152.168.206.173','Mozilla/5.0 (Windows NT 10.0; Win64; x64) AppleWebKit/537.36 (KHTML, like Gecko) Chrome/146.0.0.0 Safari/537.36','/pricing/config/hojas/35/editar/','POST',NULL,'2026-03-16 01:02:06.749624',5),(1497,'Dario','CREATE','INFO','','','','POST /pricing/config/hojas/nueva/','152.168.206.173','Mozilla/5.0 (Windows NT 10.0; Win64; x64) AppleWebKit/537.36 (KHTML, like Gecko) Chrome/146.0.0.0 Safari/537.36','/pricing/config/hojas/nueva/','POST',NULL,'2026-03-16 01:02:36.738104',5),(1498,'Dario','CREATE','INFO','','','','POST /pricing/config/hojas/36/editar/','152.168.206.173','Mozilla/5.0 (Windows NT 10.0; Win64; x64) AppleWebKit/537.36 (KHTML, like Gecko) Chrome/146.0.0.0 Safari/537.36','/pricing/config/hojas/36/editar/','POST',NULL,'2026-03-16 01:02:40.989748',5),(1499,'Dario','CREATE','INFO','','','','POST /pricing/config/vidrios/dvh 1/editar/','152.168.206.173','Mozilla/5.0 (Windows NT 10.0; Win64; x64) AppleWebKit/537.36 (KHTML, like Gecko) Chrome/146.0.0.0 Safari/537.36','/pricing/config/vidrios/dvh 1/editar/','POST',NULL,'2026-03-16 01:03:11.278067',5),(1500,'Dario','CREATE','INFO','','','','POST /pricing/config/vidrios/dvh 1/editar/','152.168.206.173','Mozilla/5.0 (Windows NT 10.0; Win64; x64) AppleWebKit/537.36 (KHTML, like Gecko) Chrome/146.0.0.0 Safari/537.36','/pricing/config/vidrios/dvh 1/editar/','POST',NULL,'2026-03-16 01:03:19.811814',5),(1501,'Dario','CREATE','INFO','','','','POST /pricing/config/vidrios/DVH 2/editar/','152.168.206.173','Mozilla/5.0 (Windows NT 10.0; Win64; x64) AppleWebKit/537.36 (KHTML, like Gecko) Chrome/146.0.0.0 Safari/537.36','/pricing/config/vidrios/DVH 2/editar/','POST',NULL,'2026-03-16 01:03:37.205646',5),(1502,'Dario','CREATE','INFO','','','','POST /pricing/config/vidrios/DVH 2/editar/','152.168.206.173','Mozilla/5.0 (Windows NT 10.0; Win64; x64) AppleWebKit/537.36 (KHTML, like Gecko) Chrome/146.0.0.0 Safari/537.36','/pricing/config/vidrios/DVH 2/editar/','POST',NULL,'2026-03-16 01:03:38.960182',5),(1503,'Dario','CREATE','INFO','','','','POST /pricing/config/vidrios/DVH 3/editar/','152.168.206.173','Mozilla/5.0 (Windows NT 10.0; Win64; x64) AppleWebKit/537.36 (KHTML, like Gecko) Chrome/146.0.0.0 Safari/537.36','/pricing/config/vidrios/DVH 3/editar/','POST',NULL,'2026-03-16 01:03:55.202336',5),(1504,'Dario','CREATE','INFO','','','','POST /pricing/config/vidrios/DVH 3/editar/','152.168.206.173','Mozilla/5.0 (Windows NT 10.0; Win64; x64) AppleWebKit/537.36 (KHTML, like Gecko) Chrome/146.0.0.0 Safari/537.36','/pricing/config/vidrios/DVH 3/editar/','POST',NULL,'2026-03-16 01:03:57.519676',5),(1505,'Dario','CREATE','INFO','','','','POST /pricing/config/vidrios/dvh 1/editar/','152.168.206.173','Mozilla/5.0 (Windows NT 10.0; Win64; x64) AppleWebKit/537.36 (KHTML, like Gecko) Chrome/146.0.0.0 Safari/537.36','/pricing/config/vidrios/dvh 1/editar/','POST',NULL,'2026-03-16 01:04:27.805103',5),(1506,'Dario','CREATE','INFO','','','','POST /pricing/config/marcos/nuevo/','152.168.206.173','Mozilla/5.0 (Windows NT 10.0; Win64; x64) AppleWebKit/537.36 (KHTML, like Gecko) Chrome/146.0.0.0 Safari/537.36','/pricing/config/marcos/nuevo/','POST',NULL,'2026-03-16 01:05:24.272653',5),(1507,'Dario','CREATE','INFO','','','','POST /pricing/config/marcos/33/editar/','152.168.206.173','Mozilla/5.0 (Windows NT 10.0; Win64; x64) AppleWebKit/537.36 (KHTML, like Gecko) Chrome/146.0.0.0 Safari/537.36','/pricing/config/marcos/33/editar/','POST',NULL,'2026-03-16 01:05:38.713044',5),(1508,'Dario','CREATE','INFO','','','','POST /pricing/config/hojas/nueva/','152.168.206.173','Mozilla/5.0 (Windows NT 10.0; Win64; x64) AppleWebKit/537.36 (KHTML, like Gecko) Chrome/146.0.0.0 Safari/537.36','/pricing/config/hojas/nueva/','POST',NULL,'2026-03-16 01:06:19.623896',5),(1509,'Dario','CREATE','INFO','','','','POST /pricing/config/hojas/37/editar/','152.168.206.173','Mozilla/5.0 (Windows NT 10.0; Win64; x64) AppleWebKit/537.36 (KHTML, like Gecko) Chrome/146.0.0.0 Safari/537.36','/pricing/config/hojas/37/editar/','POST',NULL,'2026-03-16 01:06:23.932367',5),(1510,'Dario','CREATE','INFO','','','','POST /pricing/config/hojas/nueva/','152.168.206.173','Mozilla/5.0 (Windows NT 10.0; Win64; x64) AppleWebKit/537.36 (KHTML, like Gecko) Chrome/146.0.0.0 Safari/537.36','/pricing/config/hojas/nueva/','POST',NULL,'2026-03-16 01:06:49.564404',5),(1511,'Dario','CREATE','INFO','','','','POST /pricing/config/hojas/38/editar/','152.168.206.173','Mozilla/5.0 (Windows NT 10.0; Win64; x64) AppleWebKit/537.36 (KHTML, like Gecko) Chrome/146.0.0.0 Safari/537.36','/pricing/config/hojas/38/editar/','POST',NULL,'2026-03-16 01:06:53.253011',5),(1512,'Dario','CREATE','INFO','','','','POST /pricing/config/vidrios/dvh 1/editar/','152.168.206.173','Mozilla/5.0 (Windows NT 10.0; Win64; x64) AppleWebKit/537.36 (KHTML, like Gecko) Chrome/146.0.0.0 Safari/537.36','/pricing/config/vidrios/dvh 1/editar/','POST',NULL,'2026-03-16 01:07:24.617790',5),(1513,'Dario','CREATE','INFO','','','','POST /pricing/config/vidrios/dvh 1/editar/','152.168.206.173','Mozilla/5.0 (Windows NT 10.0; Win64; x64) AppleWebKit/537.36 (KHTML, like Gecko) Chrome/146.0.0.0 Safari/537.36','/pricing/config/vidrios/dvh 1/editar/','POST',NULL,'2026-03-16 01:07:30.829955',5),(1514,'Dario','CREATE','INFO','','','','POST /pricing/config/vidrios/DVH 2/editar/','152.168.206.173','Mozilla/5.0 (Windows NT 10.0; Win64; x64) AppleWebKit/537.36 (KHTML, like Gecko) Chrome/146.0.0.0 Safari/537.36','/pricing/config/vidrios/DVH 2/editar/','POST',NULL,'2026-03-16 01:07:45.756786',5),(1515,'Dario','CREATE','INFO','','','','POST /pricing/config/vidrios/DVH 2/editar/','152.168.206.173','Mozilla/5.0 (Windows NT 10.0; Win64; x64) AppleWebKit/537.36 (KHTML, like Gecko) Chrome/146.0.0.0 Safari/537.36','/pricing/config/vidrios/DVH 2/editar/','POST',NULL,'2026-03-16 01:07:48.407913',5),(1516,'Dario','CREATE','INFO','','','','POST /pricing/config/vidrios/DVH 3/editar/','152.168.206.173','Mozilla/5.0 (Windows NT 10.0; Win64; x64) AppleWebKit/537.36 (KHTML, like Gecko) Chrome/146.0.0.0 Safari/537.36','/pricing/config/vidrios/DVH 3/editar/','POST',NULL,'2026-03-16 01:08:05.195059',5),(1517,'Dario','CREATE','INFO','','','','POST /pricing/config/marcos/nuevo/','152.168.206.173','Mozilla/5.0 (Windows NT 10.0; Win64; x64) AppleWebKit/537.36 (KHTML, like Gecko) Chrome/146.0.0.0 Safari/537.36','/pricing/config/marcos/nuevo/','POST',NULL,'2026-03-16 01:09:04.443376',5),(1518,'Dario','CREATE','INFO','','','','POST /pricing/config/marcos/nuevo/','152.168.206.173','Mozilla/5.0 (Windows NT 10.0; Win64; x64) AppleWebKit/537.36 (KHTML, like Gecko) Chrome/146.0.0.0 Safari/537.36','/pricing/config/marcos/nuevo/','POST',NULL,'2026-03-16 01:09:33.725383',5),(1519,'Dario','CREATE','INFO','','','','POST /pricing/config/marcos/nuevo/','152.168.206.173','Mozilla/5.0 (Windows NT 10.0; Win64; x64) AppleWebKit/537.36 (KHTML, like Gecko) Chrome/146.0.0.0 Safari/537.36','/pricing/config/marcos/nuevo/','POST',NULL,'2026-03-16 01:09:47.796524',5),(1520,'Dario','CREATE','INFO','','','','POST /pricing/config/marcos/nuevo/','152.168.206.173','Mozilla/5.0 (Windows NT 10.0; Win64; x64) AppleWebKit/537.36 (KHTML, like Gecko) Chrome/146.0.0.0 Safari/537.36','/pricing/config/marcos/nuevo/','POST',NULL,'2026-03-16 01:09:59.371754',5),(1521,'Dario','CREATE','INFO','','','','POST /pricing/config/marcos/nuevo/','152.168.206.173','Mozilla/5.0 (Windows NT 10.0; Win64; x64) AppleWebKit/537.36 (KHTML, like Gecko) Chrome/146.0.0.0 Safari/537.36','/pricing/config/marcos/nuevo/','POST',NULL,'2026-03-16 01:10:11.016622',5),(1522,'Dario','CREATE','INFO','','','','POST /pricing/config/marcos/nuevo/','152.168.206.173','Mozilla/5.0 (Windows NT 10.0; Win64; x64) AppleWebKit/537.36 (KHTML, like Gecko) Chrome/146.0.0.0 Safari/537.36','/pricing/config/marcos/nuevo/','POST',NULL,'2026-03-16 01:10:25.357376',5),(1523,'Dario','CREATE','INFO','','','','POST /pricing/config/marcos/nuevo/','152.168.206.173','Mozilla/5.0 (Windows NT 10.0; Win64; x64) AppleWebKit/537.36 (KHTML, like Gecko) Chrome/146.0.0.0 Safari/537.36','/pricing/config/marcos/nuevo/','POST',NULL,'2026-03-16 01:10:46.805580',5),(1524,'Dario','CREATE','INFO','','','','POST /pricing/config/marcos/nuevo/','152.168.206.173','Mozilla/5.0 (Windows NT 10.0; Win64; x64) AppleWebKit/537.36 (KHTML, like Gecko) Chrome/146.0.0.0 Safari/537.36','/pricing/config/marcos/nuevo/','POST',NULL,'2026-03-16 01:11:04.053502',5),(1525,'Dario','CREATE','INFO','','','','POST /pricing/config/hojas/nueva/','152.168.206.173','Mozilla/5.0 (Windows NT 10.0; Win64; x64) AppleWebKit/537.36 (KHTML, like Gecko) Chrome/146.0.0.0 Safari/537.36','/pricing/config/hojas/nueva/','POST',NULL,'2026-03-16 01:11:40.497975',5),(1526,'Dario','CREATE','INFO','','','','POST /pricing/config/hojas/39/editar/','152.168.206.173','Mozilla/5.0 (Windows NT 10.0; Win64; x64) AppleWebKit/537.36 (KHTML, like Gecko) Chrome/146.0.0.0 Safari/537.36','/pricing/config/hojas/39/editar/','POST',NULL,'2026-03-16 01:11:43.972579',5),(1527,'Dario','CREATE','INFO','','','','POST /pricing/config/hojas/nueva/','152.168.206.173','Mozilla/5.0 (Windows NT 10.0; Win64; x64) AppleWebKit/537.36 (KHTML, like Gecko) Chrome/146.0.0.0 Safari/537.36','/pricing/config/hojas/nueva/','POST',NULL,'2026-03-16 01:12:11.186496',5),(1528,'Dario','CREATE','INFO','','','','POST /pricing/config/hojas/40/editar/','152.168.206.173','Mozilla/5.0 (Windows NT 10.0; Win64; x64) AppleWebKit/537.36 (KHTML, like Gecko) Chrome/146.0.0.0 Safari/537.36','/pricing/config/hojas/40/editar/','POST',NULL,'2026-03-16 01:12:15.743094',5),(1529,'Dario','CREATE','INFO','','','','POST /pricing/config/hojas/nueva/','152.168.206.173','Mozilla/5.0 (Windows NT 10.0; Win64; x64) AppleWebKit/537.36 (KHTML, like Gecko) Chrome/146.0.0.0 Safari/537.36','/pricing/config/hojas/nueva/','POST',NULL,'2026-03-16 01:12:41.779558',5),(1530,'Dario','CREATE','INFO','','','','POST /pricing/config/hojas/41/editar/','152.168.206.173','Mozilla/5.0 (Windows NT 10.0; Win64; x64) AppleWebKit/537.36 (KHTML, like Gecko) Chrome/146.0.0.0 Safari/537.36','/pricing/config/hojas/41/editar/','POST',NULL,'2026-03-16 01:12:46.133088',5),(1531,'Dario','CREATE','INFO','','','','POST /pricing/config/hojas/nueva/','152.168.206.173','Mozilla/5.0 (Windows NT 10.0; Win64; x64) AppleWebKit/537.36 (KHTML, like Gecko) Chrome/146.0.0.0 Safari/537.36','/pricing/config/hojas/nueva/','POST',NULL,'2026-03-16 01:13:07.129880',5),(1532,'Dario','CREATE','INFO','','','','POST /pricing/config/hojas/42/editar/','152.168.206.173','Mozilla/5.0 (Windows NT 10.0; Win64; x64) AppleWebKit/537.36 (KHTML, like Gecko) Chrome/146.0.0.0 Safari/537.36','/pricing/config/hojas/42/editar/','POST',NULL,'2026-03-16 01:13:11.445277',5),(1533,'Dario','CREATE','INFO','','','','POST /pricing/config/hojas/nueva/','152.168.206.173','Mozilla/5.0 (Windows NT 10.0; Win64; x64) AppleWebKit/537.36 (KHTML, like Gecko) Chrome/146.0.0.0 Safari/537.36','/pricing/config/hojas/nueva/','POST',NULL,'2026-03-16 01:13:38.612401',5),(1534,'Dario','CREATE','INFO','','','','POST /pricing/config/hojas/43/editar/','152.168.206.173','Mozilla/5.0 (Windows NT 10.0; Win64; x64) AppleWebKit/537.36 (KHTML, like Gecko) Chrome/146.0.0.0 Safari/537.36','/pricing/config/hojas/43/editar/','POST',NULL,'2026-03-16 01:13:41.818047',5),(1535,'Dario','CREATE','INFO','','','','POST /pricing/config/hojas/nueva/','152.168.206.173','Mozilla/5.0 (Windows NT 10.0; Win64; x64) AppleWebKit/537.36 (KHTML, like Gecko) Chrome/146.0.0.0 Safari/537.36','/pricing/config/hojas/nueva/','POST',NULL,'2026-03-16 01:13:56.069344',5),(1536,'Dario','CREATE','INFO','','','','POST /pricing/config/hojas/44/editar/','152.168.206.173','Mozilla/5.0 (Windows NT 10.0; Win64; x64) AppleWebKit/537.36 (KHTML, like Gecko) Chrome/146.0.0.0 Safari/537.36','/pricing/config/hojas/44/editar/','POST',NULL,'2026-03-16 01:13:59.554062',5),(1537,'Dario','CREATE','INFO','','','','POST /pricing/config/hojas/nueva/','152.168.206.173','Mozilla/5.0 (Windows NT 10.0; Win64; x64) AppleWebKit/537.36 (KHTML, like Gecko) Chrome/146.0.0.0 Safari/537.36','/pricing/config/hojas/nueva/','POST',NULL,'2026-03-16 01:14:21.938750',5),(1538,'Dario','CREATE','INFO','','','','POST /pricing/config/hojas/45/editar/','152.168.206.173','Mozilla/5.0 (Windows NT 10.0; Win64; x64) AppleWebKit/537.36 (KHTML, like Gecko) Chrome/146.0.0.0 Safari/537.36','/pricing/config/hojas/45/editar/','POST',NULL,'2026-03-16 01:14:25.156142',5),(1539,'Dario','CREATE','INFO','','','','POST /pricing/config/hojas/nueva/','152.168.206.173','Mozilla/5.0 (Windows NT 10.0; Win64; x64) AppleWebKit/537.36 (KHTML, like Gecko) Chrome/146.0.0.0 Safari/537.36','/pricing/config/hojas/nueva/','POST',NULL,'2026-03-16 01:14:47.984294',5),(1540,'Dario','CREATE','INFO','','','','POST /pricing/config/hojas/46/editar/','152.168.206.173','Mozilla/5.0 (Windows NT 10.0; Win64; x64) AppleWebKit/537.36 (KHTML, like Gecko) Chrome/146.0.0.0 Safari/537.36','/pricing/config/hojas/46/editar/','POST',NULL,'2026-03-16 01:14:51.601859',5),(1541,'Dario','CREATE','INFO','','','','POST /pricing/config/hojas/nueva/','152.168.206.173','Mozilla/5.0 (Windows NT 10.0; Win64; x64) AppleWebKit/537.36 (KHTML, like Gecko) Chrome/146.0.0.0 Safari/537.36','/pricing/config/hojas/nueva/','POST',NULL,'2026-03-16 01:15:35.445382',5),(1542,'Dario','CREATE','INFO','','','','POST /pricing/config/hojas/47/editar/','152.168.206.173','Mozilla/5.0 (Windows NT 10.0; Win64; x64) AppleWebKit/537.36 (KHTML, like Gecko) Chrome/146.0.0.0 Safari/537.36','/pricing/config/hojas/47/editar/','POST',NULL,'2026-03-16 01:15:39.227357',5),(1543,'Dario','CREATE','INFO','','','','POST /pricing/config/hojas/nueva/','152.168.206.173','Mozilla/5.0 (Windows NT 10.0; Win64; x64) AppleWebKit/537.36 (KHTML, like Gecko) Chrome/146.0.0.0 Safari/537.36','/pricing/config/hojas/nueva/','POST',NULL,'2026-03-16 01:15:51.993466',5),(1544,'Dario','CREATE','INFO','','','','POST /pricing/config/hojas/48/editar/','152.168.206.173','Mozilla/5.0 (Windows NT 10.0; Win64; x64) AppleWebKit/537.36 (KHTML, like Gecko) Chrome/146.0.0.0 Safari/537.36','/pricing/config/hojas/48/editar/','POST',NULL,'2026-03-16 01:15:55.812860',5),(1545,'Dario','CREATE','INFO','','','','POST /pricing/config/hojas/nueva/','152.168.206.173','Mozilla/5.0 (Windows NT 10.0; Win64; x64) AppleWebKit/537.36 (KHTML, like Gecko) Chrome/146.0.0.0 Safari/537.36','/pricing/config/hojas/nueva/','POST',NULL,'2026-03-16 01:16:22.880969',5),(1546,'Dario','CREATE','INFO','','','','POST /pricing/config/hojas/49/editar/','152.168.206.173','Mozilla/5.0 (Windows NT 10.0; Win64; x64) AppleWebKit/537.36 (KHTML, like Gecko) Chrome/146.0.0.0 Safari/537.36','/pricing/config/hojas/49/editar/','POST',NULL,'2026-03-16 01:16:27.279753',5),(1547,'Dario','CREATE','INFO','','','','POST /pricing/config/hojas/nueva/','152.168.206.173','Mozilla/5.0 (Windows NT 10.0; Win64; x64) AppleWebKit/537.36 (KHTML, like Gecko) Chrome/146.0.0.0 Safari/537.36','/pricing/config/hojas/nueva/','POST',NULL,'2026-03-16 01:17:53.231079',5),(1548,'Dario','CREATE','INFO','','','','POST /pricing/config/hojas/50/editar/','152.168.206.173','Mozilla/5.0 (Windows NT 10.0; Win64; x64) AppleWebKit/537.36 (KHTML, like Gecko) Chrome/146.0.0.0 Safari/537.36','/pricing/config/hojas/50/editar/','POST',NULL,'2026-03-16 01:17:56.451359',5),(1549,'Dario','CREATE','INFO','','','','POST /pricing/config/hojas/nueva/','152.168.206.173','Mozilla/5.0 (Windows NT 10.0; Win64; x64) AppleWebKit/537.36 (KHTML, like Gecko) Chrome/146.0.0.0 Safari/537.36','/pricing/config/hojas/nueva/','POST',NULL,'2026-03-16 01:18:22.374607',5),(1550,'Dario','CREATE','INFO','','','','POST /pricing/config/hojas/51/editar/','152.168.206.173','Mozilla/5.0 (Windows NT 10.0; Win64; x64) AppleWebKit/537.36 (KHTML, like Gecko) Chrome/146.0.0.0 Safari/537.36','/pricing/config/hojas/51/editar/','POST',NULL,'2026-03-16 01:18:25.786973',5),(1551,'Dario','CREATE','INFO','','','','POST /pricing/config/hojas/nueva/','152.168.206.173','Mozilla/5.0 (Windows NT 10.0; Win64; x64) AppleWebKit/537.36 (KHTML, like Gecko) Chrome/146.0.0.0 Safari/537.36','/pricing/config/hojas/nueva/','POST',NULL,'2026-03-16 01:18:56.093895',5),(1552,'Dario','CREATE','INFO','','','','POST /pricing/config/hojas/52/editar/','152.168.206.173','Mozilla/5.0 (Windows NT 10.0; Win64; x64) AppleWebKit/537.36 (KHTML, like Gecko) Chrome/146.0.0.0 Safari/537.36','/pricing/config/hojas/52/editar/','POST',NULL,'2026-03-16 01:19:00.276066',5),(1553,'Dario','CREATE','INFO','','','','POST /pricing/config/vidrios/dvh 1/editar/','152.168.206.173','Mozilla/5.0 (Windows NT 10.0; Win64; x64) AppleWebKit/537.36 (KHTML, like Gecko) Chrome/146.0.0.0 Safari/537.36','/pricing/config/vidrios/dvh 1/editar/','POST',NULL,'2026-03-16 01:21:09.833093',5),(1554,'Dario','CREATE','INFO','','','','POST /pricing/config/vidrios/dvh 1/editar/','152.168.206.173','Mozilla/5.0 (Windows NT 10.0; Win64; x64) AppleWebKit/537.36 (KHTML, like Gecko) Chrome/146.0.0.0 Safari/537.36','/pricing/config/vidrios/dvh 1/editar/','POST',NULL,'2026-03-16 01:21:20.063035',5),(1555,'Dario','CREATE','INFO','','','','POST /pricing/config/vidrios/dvh 1/editar/','152.168.206.173','Mozilla/5.0 (Windows NT 10.0; Win64; x64) AppleWebKit/537.36 (KHTML, like Gecko) Chrome/146.0.0.0 Safari/537.36','/pricing/config/vidrios/dvh 1/editar/','POST',NULL,'2026-03-16 01:22:03.129254',5),(1556,'Dario','CREATE','INFO','','','','POST /pricing/config/vidrios/dvh 1/editar/','152.168.206.173','Mozilla/5.0 (Windows NT 10.0; Win64; x64) AppleWebKit/537.36 (KHTML, like Gecko) Chrome/146.0.0.0 Safari/537.36','/pricing/config/vidrios/dvh 1/editar/','POST',NULL,'2026-03-16 01:22:32.721791',5),(1557,'Dario','CREATE','INFO','','','','POST /pricing/config/vidrios/dvh 1/editar/','152.168.206.173','Mozilla/5.0 (Windows NT 10.0; Win64; x64) AppleWebKit/537.36 (KHTML, like Gecko) Chrome/146.0.0.0 Safari/537.36','/pricing/config/vidrios/dvh 1/editar/','POST',NULL,'2026-03-16 01:23:20.097852',5),(1558,'Dario','CREATE','INFO','','','','POST /pricing/config/vidrios/dvh 1/editar/','152.168.206.173','Mozilla/5.0 (Windows NT 10.0; Win64; x64) AppleWebKit/537.36 (KHTML, like Gecko) Chrome/146.0.0.0 Safari/537.36','/pricing/config/vidrios/dvh 1/editar/','POST',NULL,'2026-03-16 01:23:33.630489',5),(1559,'Dario','CREATE','INFO','','','','POST /pricing/config/vidrios/DVH 2/editar/','152.168.206.173','Mozilla/5.0 (Windows NT 10.0; Win64; x64) AppleWebKit/537.36 (KHTML, like Gecko) Chrome/146.0.0.0 Safari/537.36','/pricing/config/vidrios/DVH 2/editar/','POST',NULL,'2026-03-16 01:24:39.497471',5),(1560,'Dario','CREATE','INFO','','','','POST /pricing/config/vidrios/DVH 2/editar/','152.168.206.173','Mozilla/5.0 (Windows NT 10.0; Win64; x64) AppleWebKit/537.36 (KHTML, like Gecko) Chrome/146.0.0.0 Safari/537.36','/pricing/config/vidrios/DVH 2/editar/','POST',NULL,'2026-03-16 01:26:03.491854',5),(1561,'Dario','CREATE','INFO','','','','POST /pricing/config/vidrios/DVH 2/editar/','152.168.206.173','Mozilla/5.0 (Windows NT 10.0; Win64; x64) AppleWebKit/537.36 (KHTML, like Gecko) Chrome/146.0.0.0 Safari/537.36','/pricing/config/vidrios/DVH 2/editar/','POST',NULL,'2026-03-16 01:26:06.335893',5),(1562,'Dario','CREATE','INFO','','','','POST /pricing/config/vidrios/DVH 3/editar/','152.168.206.173','Mozilla/5.0 (Windows NT 10.0; Win64; x64) AppleWebKit/537.36 (KHTML, like Gecko) Chrome/146.0.0.0 Safari/537.36','/pricing/config/vidrios/DVH 3/editar/','POST',NULL,'2026-03-16 01:27:34.005649',5),(1563,'Dario','CREATE','INFO','','','','POST /pricing/config/vidrios/DVH 3/editar/','152.168.206.173','Mozilla/5.0 (Windows NT 10.0; Win64; x64) AppleWebKit/537.36 (KHTML, like Gecko) Chrome/146.0.0.0 Safari/537.36','/pricing/config/vidrios/DVH 3/editar/','POST',NULL,'2026-03-16 01:27:37.815812',5),(1564,'Dario','CREATE','INFO','','','','POST /pricing/config/vidrios/dvh 1/editar/','152.168.206.173','Mozilla/5.0 (Windows NT 10.0; Win64; x64) AppleWebKit/537.36 (KHTML, like Gecko) Chrome/146.0.0.0 Safari/537.36','/pricing/config/vidrios/dvh 1/editar/','POST',NULL,'2026-03-16 01:39:05.333637',5),(1565,'Dario','CREATE','INFO','','','','POST /pricing/config/vidrios/dvh 1/editar/','152.168.206.173','Mozilla/5.0 (Windows NT 10.0; Win64; x64) AppleWebKit/537.36 (KHTML, like Gecko) Chrome/146.0.0.0 Safari/537.36','/pricing/config/vidrios/dvh 1/editar/','POST',NULL,'2026-03-16 01:39:07.958882',5),(1566,'Dario','CREATE','INFO','','','','POST /pricing/config/vidrios/DVH 2/editar/','152.168.206.173','Mozilla/5.0 (Windows NT 10.0; Win64; x64) AppleWebKit/537.36 (KHTML, like Gecko) Chrome/146.0.0.0 Safari/537.36','/pricing/config/vidrios/DVH 2/editar/','POST',NULL,'2026-03-16 01:40:36.723663',5),(1567,'Dario','CREATE','INFO','','','','POST /pricing/config/vidrios/DVH 2/editar/','152.168.206.173','Mozilla/5.0 (Windows NT 10.0; Win64; x64) AppleWebKit/537.36 (KHTML, like Gecko) Chrome/146.0.0.0 Safari/537.36','/pricing/config/vidrios/DVH 2/editar/','POST',NULL,'2026-03-16 01:40:59.542763',5),(1568,'Dario','CREATE','INFO','','','','POST /pricing/config/vidrios/DVH 2/editar/','152.168.206.173','Mozilla/5.0 (Windows NT 10.0; Win64; x64) AppleWebKit/537.36 (KHTML, like Gecko) Chrome/146.0.0.0 Safari/537.36','/pricing/config/vidrios/DVH 2/editar/','POST',NULL,'2026-03-16 01:41:04.062221',5),(1569,'Dario','CREATE','INFO','','','','POST /pricing/config/vidrios/DVH 2/editar/','152.168.206.173','Mozilla/5.0 (Windows NT 10.0; Win64; x64) AppleWebKit/537.36 (KHTML, like Gecko) Chrome/146.0.0.0 Safari/537.36','/pricing/config/vidrios/DVH 2/editar/','POST',NULL,'2026-03-16 01:41:19.458856',5),(1570,'Dario','CREATE','INFO','','','','POST /pricing/config/vidrios/DVH 2/editar/','152.168.206.173','Mozilla/5.0 (Windows NT 10.0; Win64; x64) AppleWebKit/537.36 (KHTML, like Gecko) Chrome/146.0.0.0 Safari/537.36','/pricing/config/vidrios/DVH 2/editar/','POST',NULL,'2026-03-16 01:41:25.640076',5),(1571,'Dario','CREATE','INFO','','','','POST /pricing/config/vidrios/DVH 3/editar/','152.168.206.173','Mozilla/5.0 (Windows NT 10.0; Win64; x64) AppleWebKit/537.36 (KHTML, like Gecko) Chrome/146.0.0.0 Safari/537.36','/pricing/config/vidrios/DVH 3/editar/','POST',NULL,'2026-03-16 01:43:23.943224',5),(1572,'Dario','CREATE','INFO','','','','POST /pricing/config/vidrios/DVH 3/editar/','152.168.206.173','Mozilla/5.0 (Windows NT 10.0; Win64; x64) AppleWebKit/537.36 (KHTML, like Gecko) Chrome/146.0.0.0 Safari/537.36','/pricing/config/vidrios/DVH 3/editar/','POST',NULL,'2026-03-16 01:43:27.305620',5),(1573,'Dario','CREATE','INFO','','','','POST /pricing/config/vidrios/DVH 3/editar/','152.168.206.173','Mozilla/5.0 (Windows NT 10.0; Win64; x64) AppleWebKit/537.36 (KHTML, like Gecko) Chrome/146.0.0.0 Safari/537.36','/pricing/config/vidrios/DVH 3/editar/','POST',NULL,'2026-03-16 01:43:39.908315',5),(1574,'Dario','CREATE','INFO','','','','POST /login/','152.168.206.173','Mozilla/5.0 (Windows NT 10.0; Win64; x64) AppleWebKit/537.36 (KHTML, like Gecko) Chrome/146.0.0.0 Safari/537.36','/login/','POST',NULL,'2026-03-16 01:44:13.040300',5),(1575,'Dario','CREATE','INFO','','','','POST /login/','190.48.193.13','Mozilla/5.0 (Windows NT 10.0; Win64; x64) AppleWebKit/537.36 (KHTML, like Gecko) Chrome/145.0.0.0 Safari/537.36','/login/','POST',NULL,'2026-03-16 12:19:30.554528',5),(1576,'Dario','CREATE','INFO','','','','POST /login/','152.168.206.173','Mozilla/5.0 (Windows NT 10.0; Win64; x64) AppleWebKit/537.36 (KHTML, like Gecko) Chrome/146.0.0.0 Safari/537.36','/login/','POST',NULL,'2026-03-16 21:32:27.704227',5),(1577,'romina','CREATE','INFO','','','','POST /login/','152.168.206.173','Mozilla/5.0 (Windows NT 10.0; Win64; x64) AppleWebKit/537.36 (KHTML, like Gecko) Chrome/145.0.0.0 Safari/537.36','/login/','POST',NULL,'2026-03-16 21:41:24.354441',1),(1578,'romina','CREATE','INFO','','','','POST /security/backups/','152.168.206.173','Mozilla/5.0 (Windows NT 10.0; Win64; x64) AppleWebKit/537.36 (KHTML, like Gecko) Chrome/145.0.0.0 Safari/537.36','/security/backups/','POST',NULL,'2026-03-16 21:48:17.385813',1),(1579,'romina','CREATE','INFO','','','','POST /security/backups/settings/','152.168.206.173','Mozilla/5.0 (Windows NT 10.0; Win64; x64) AppleWebKit/537.36 (KHTML, like Gecko) Chrome/145.0.0.0 Safari/537.36','/security/backups/settings/','POST',NULL,'2026-03-16 21:48:45.870134',1),(1580,'romina','CREATE','INFO','','','','POST /security/backups/create/','152.168.206.173','Mozilla/5.0 (Windows NT 10.0; Win64; x64) AppleWebKit/537.36 (KHTML, like Gecko) Chrome/145.0.0.0 Safari/537.36','/security/backups/create/','POST',NULL,'2026-03-16 21:49:02.694433',1),(1581,'romina','CREATE','INFO','','','','POST /pricing/config/accesorios/nuevo/','152.168.206.173','Mozilla/5.0 (Windows NT 10.0; Win64; x64) AppleWebKit/537.36 (KHTML, like Gecko) Chrome/145.0.0.0 Safari/537.36','/pricing/config/accesorios/nuevo/','POST',NULL,'2026-03-16 22:09:51.489459',1),(1582,'romina','CREATE','INFO','','','','POST /pricing/config/accesorios/nuevo/','152.168.206.173','Mozilla/5.0 (Windows NT 10.0; Win64; x64) AppleWebKit/537.36 (KHTML, like Gecko) Chrome/145.0.0.0 Safari/537.36','/pricing/config/accesorios/nuevo/','POST',NULL,'2026-03-16 22:13:01.115469',1),(1583,'romina','CREATE','INFO','','','','POST /pricing/config/accesorios/nuevo/','152.168.206.173','Mozilla/5.0 (Windows NT 10.0; Win64; x64) AppleWebKit/537.36 (KHTML, like Gecko) Chrome/145.0.0.0 Safari/537.36','/pricing/config/accesorios/nuevo/','POST',NULL,'2026-03-16 22:14:19.981442',1),(1584,'romina','CREATE','INFO','','','','POST /pricing/config/accesorios/nuevo/','152.168.206.173','Mozilla/5.0 (Windows NT 10.0; Win64; x64) AppleWebKit/537.36 (KHTML, like Gecko) Chrome/145.0.0.0 Safari/537.36','/pricing/config/accesorios/nuevo/','POST',NULL,'2026-03-16 22:16:09.524388',1),(1585,'romina','CREATE','INFO','','','','POST /pricing/config/accesorios/T-131/editar/','152.168.206.173','Mozilla/5.0 (Windows NT 10.0; Win64; x64) AppleWebKit/537.36 (KHTML, like Gecko) Chrome/145.0.0.0 Safari/537.36','/pricing/config/accesorios/T-131/editar/','POST',NULL,'2026-03-16 22:16:49.234034',1),(1586,'romina','CREATE','INFO','','','','POST /pricing/config/accesorios/nuevo/','152.168.206.173','Mozilla/5.0 (Windows NT 10.0; Win64; x64) AppleWebKit/537.36 (KHTML, like Gecko) Chrome/145.0.0.0 Safari/537.36','/pricing/config/accesorios/nuevo/','POST',NULL,'2026-03-16 22:20:13.637828',1),(1587,'romina','CREATE','INFO','','','','POST /pricing/config/accesorios/nuevo/','152.168.206.173','Mozilla/5.0 (Windows NT 10.0; Win64; x64) AppleWebKit/537.36 (KHTML, like Gecko) Chrome/145.0.0.0 Safari/537.36','/pricing/config/accesorios/nuevo/','POST',NULL,'2026-03-16 22:25:57.325943',1),(1588,'romina','CREATE','INFO','','','','POST /pricing/config/accesorios/nuevo/','152.168.206.173','Mozilla/5.0 (Windows NT 10.0; Win64; x64) AppleWebKit/537.36 (KHTML, like Gecko) Chrome/145.0.0.0 Safari/537.36','/pricing/config/accesorios/nuevo/','POST',NULL,'2026-03-16 22:26:40.286083',1),(1589,'romina','CREATE','INFO','','','','POST /pricing/config/accesorios/H-62/editar/','152.168.206.173','Mozilla/5.0 (Windows NT 10.0; Win64; x64) AppleWebKit/537.36 (KHTML, like Gecko) Chrome/145.0.0.0 Safari/537.36','/pricing/config/accesorios/H-62/editar/','POST',NULL,'2026-03-16 22:27:00.752123',1),(1590,'romina','CREATE','INFO','','','','POST /pricing/config/accesorios/H-62/editar/','152.168.206.173','Mozilla/5.0 (Windows NT 10.0; Win64; x64) AppleWebKit/537.36 (KHTML, like Gecko) Chrome/145.0.0.0 Safari/537.36','/pricing/config/accesorios/H-62/editar/','POST',NULL,'2026-03-16 22:27:01.222791',1),(1591,'romina','CREATE','INFO','','','','POST /pricing/config/accesorios/nuevo/','152.168.206.173','Mozilla/5.0 (Windows NT 10.0; Win64; x64) AppleWebKit/537.36 (KHTML, like Gecko) Chrome/145.0.0.0 Safari/537.36','/pricing/config/accesorios/nuevo/','POST',NULL,'2026-03-16 22:28:27.172391',1),(1592,'romina','CREATE','INFO','','','','POST /pricing/config/accesorios/nuevo/','152.168.206.173','Mozilla/5.0 (Windows NT 10.0; Win64; x64) AppleWebKit/537.36 (KHTML, like Gecko) Chrome/145.0.0.0 Safari/537.36','/pricing/config/accesorios/nuevo/','POST',NULL,'2026-03-16 22:29:47.123220',1),(1593,'romina','CREATE','INFO','','','','POST /pricing/config/accesorios/nuevo/','152.168.206.173','Mozilla/5.0 (Windows NT 10.0; Win64; x64) AppleWebKit/537.36 (KHTML, like Gecko) Chrome/145.0.0.0 Safari/537.36','/pricing/config/accesorios/nuevo/','POST',NULL,'2026-03-16 22:30:24.960139',1),(1594,'romina','CREATE','INFO','','','','POST /pricing/config/accesorios/nuevo/','152.168.206.173','Mozilla/5.0 (Windows NT 10.0; Win64; x64) AppleWebKit/537.36 (KHTML, like Gecko) Chrome/145.0.0.0 Safari/537.36','/pricing/config/accesorios/nuevo/','POST',NULL,'2026-03-16 22:31:29.338085',1),(1595,'romina','CREATE','INFO','','','','POST /pricing/config/accesorios/nuevo/','152.168.206.173','Mozilla/5.0 (Windows NT 10.0; Win64; x64) AppleWebKit/537.36 (KHTML, like Gecko) Chrome/145.0.0.0 Safari/537.36','/pricing/config/accesorios/nuevo/','POST',NULL,'2026-03-16 22:32:08.001740',1),(1596,'romina','CREATE','INFO','','','','POST /pricing/config/accesorios/nuevo/','152.168.206.173','Mozilla/5.0 (Windows NT 10.0; Win64; x64) AppleWebKit/537.36 (KHTML, like Gecko) Chrome/145.0.0.0 Safari/537.36','/pricing/config/accesorios/nuevo/','POST',NULL,'2026-03-16 22:32:45.770115',1),(1597,'Dario','CREATE','INFO','','','','POST /pricing/api/pricing/calculate/','152.168.206.173','Mozilla/5.0 (Windows NT 10.0; Win64; x64) AppleWebKit/537.36 (KHTML, like Gecko) Chrome/146.0.0.0 Safari/537.36','/pricing/api/pricing/calculate/','POST',NULL,'2026-03-16 22:33:04.142767',5),(1598,'Dario','CREATE','INFO','','','','POST /pricing/api/pricing/calculate/','152.168.206.173','Mozilla/5.0 (Windows NT 10.0; Win64; x64) AppleWebKit/537.36 (KHTML, like Gecko) Chrome/146.0.0.0 Safari/537.36','/pricing/api/pricing/calculate/','POST',NULL,'2026-03-16 22:33:05.255662',5),(1599,'romina','CREATE','INFO','','','','POST /pricing/config/accesorios/nuevo/','152.168.206.173','Mozilla/5.0 (Windows NT 10.0; Win64; x64) AppleWebKit/537.36 (KHTML, like Gecko) Chrome/145.0.0.0 Safari/537.36','/pricing/config/accesorios/nuevo/','POST',NULL,'2026-03-16 22:33:11.136488',1),(1600,'Dario','CREATE','INFO','','','','POST /pricing/config/accesorios/cuña mediana/editar/','152.168.206.173','Mozilla/5.0 (Windows NT 10.0; Win64; x64) AppleWebKit/537.36 (KHTML, like Gecko) Chrome/146.0.0.0 Safari/537.36','/pricing/config/accesorios/cuña mediana/editar/','POST',NULL,'2026-03-16 22:37:29.495797',5),(1601,'Dario','CREATE','INFO','','','','POST /pricing/config/accesorios/B-52/editar/','152.168.206.173','Mozilla/5.0 (Windows NT 10.0; Win64; x64) AppleWebKit/537.36 (KHTML, like Gecko) Chrome/146.0.0.0 Safari/537.36','/pricing/config/accesorios/B-52/editar/','POST',NULL,'2026-03-16 22:37:56.617649',5),(1602,'romina','CREATE','INFO','','','','POST /pricing/config/accesorios/cuña mediana/editar/','152.168.206.173','Mozilla/5.0 (Windows NT 10.0; Win64; x64) AppleWebKit/537.36 (KHTML, like Gecko) Chrome/145.0.0.0 Safari/537.36','/pricing/config/accesorios/cuña mediana/editar/','POST',NULL,'2026-03-16 22:38:13.484144',1),(1603,'Dario','CREATE','INFO','','','','POST /pricing/config/accesorios/T-96/editar/','152.168.206.173','Mozilla/5.0 (Windows NT 10.0; Win64; x64) AppleWebKit/537.36 (KHTML, like Gecko) Chrome/146.0.0.0 Safari/537.36','/pricing/config/accesorios/T-96/editar/','POST',NULL,'2026-03-16 22:40:50.761391',5),(1604,'Dario','CREATE','INFO','','','','POST /pricing/config/accesorios/B-68/editar/','152.168.206.173','Mozilla/5.0 (Windows NT 10.0; Win64; x64) AppleWebKit/537.36 (KHTML, like Gecko) Chrome/146.0.0.0 Safari/537.36','/pricing/config/accesorios/B-68/editar/','POST',NULL,'2026-03-16 22:48:37.823345',5),(1605,'romina','CREATE','INFO','','','','POST /pricing/config/marcos/7/editar/','152.168.206.173','Mozilla/5.0 (Windows NT 10.0; Win64; x64) AppleWebKit/537.36 (KHTML, like Gecko) Chrome/145.0.0.0 Safari/537.36','/pricing/config/marcos/7/editar/','POST',NULL,'2026-03-16 22:52:31.996575',1),(1606,'romina','CREATE','INFO','','','','POST /pricing/config/marcos/7/editar/','152.168.206.173','Mozilla/5.0 (Windows NT 10.0; Win64; x64) AppleWebKit/537.36 (KHTML, like Gecko) Chrome/145.0.0.0 Safari/537.36','/pricing/config/marcos/7/editar/','POST',NULL,'2026-03-16 22:52:34.958003',1),(1607,'Dario','CREATE','INFO','','','','POST /pricing/config/accesorios/nuevo/','152.168.206.173','Mozilla/5.0 (Windows NT 10.0; Win64; x64) AppleWebKit/537.36 (KHTML, like Gecko) Chrome/146.0.0.0 Safari/537.36','/pricing/config/accesorios/nuevo/','POST',NULL,'2026-03-16 22:55:48.130646',5),(1608,'romina','CREATE','INFO','','','','POST /pricing/config/marcos/8/editar/','152.168.206.173','Mozilla/5.0 (Windows NT 10.0; Win64; x64) AppleWebKit/537.36 (KHTML, like Gecko) Chrome/145.0.0.0 Safari/537.36','/pricing/config/marcos/8/editar/','POST',NULL,'2026-03-16 22:57:14.527890',1),(1609,'romina','CREATE','INFO','','','','POST /pricing/config/marcos/8/editar/','152.168.206.173','Mozilla/5.0 (Windows NT 10.0; Win64; x64) AppleWebKit/537.36 (KHTML, like Gecko) Chrome/145.0.0.0 Safari/537.36','/pricing/config/marcos/8/editar/','POST',NULL,'2026-03-16 22:57:19.945554',1),(1610,'romina','CREATE','INFO','','','','POST /pricing/config/marcos/8/editar/','152.168.206.173','Mozilla/5.0 (Windows NT 10.0; Win64; x64) AppleWebKit/537.36 (KHTML, like Gecko) Chrome/145.0.0.0 Safari/537.36','/pricing/config/marcos/8/editar/','POST',NULL,'2026-03-16 22:57:22.578592',1),(1611,'romina','CREATE','INFO','','','','POST /pricing/config/marcos/8/editar/','152.168.206.173','Mozilla/5.0 (Windows NT 10.0; Win64; x64) AppleWebKit/537.36 (KHTML, like Gecko) Chrome/145.0.0.0 Safari/537.36','/pricing/config/marcos/8/editar/','POST',NULL,'2026-03-16 22:58:06.500526',1),(1612,'romina','CREATE','INFO','','','','POST /pricing/config/marcos/8/editar/','152.168.206.173','Mozilla/5.0 (Windows NT 10.0; Win64; x64) AppleWebKit/537.36 (KHTML, like Gecko) Chrome/145.0.0.0 Safari/537.36','/pricing/config/marcos/8/editar/','POST',NULL,'2026-03-16 22:58:17.979277',1),(1613,'romina','CREATE','INFO','','','','POST /pricing/config/marcos/8/editar/','152.168.206.173','Mozilla/5.0 (Windows NT 10.0; Win64; x64) AppleWebKit/537.36 (KHTML, like Gecko) Chrome/145.0.0.0 Safari/537.36','/pricing/config/marcos/8/editar/','POST',NULL,'2026-03-16 22:58:21.177776',1),(1614,'romina','CREATE','INFO','','','','POST /pricing/config/marcos/8/editar/','152.168.206.173','Mozilla/5.0 (Windows NT 10.0; Win64; x64) AppleWebKit/537.36 (KHTML, like Gecko) Chrome/145.0.0.0 Safari/537.36','/pricing/config/marcos/8/editar/','POST',NULL,'2026-03-16 22:58:28.203525',1),(1615,'romina','CREATE','INFO','','','','POST /pricing/config/marcos/13/editar/','152.168.206.173','Mozilla/5.0 (Windows NT 10.0; Win64; x64) AppleWebKit/537.36 (KHTML, like Gecko) Chrome/145.0.0.0 Safari/537.36','/pricing/config/marcos/13/editar/','POST',NULL,'2026-03-16 22:59:25.816562',1),(1616,'romina','CREATE','INFO','','','','POST /pricing/config/marcos/13/editar/','152.168.206.173','Mozilla/5.0 (Windows NT 10.0; Win64; x64) AppleWebKit/537.36 (KHTML, like Gecko) Chrome/145.0.0.0 Safari/537.36','/pricing/config/marcos/13/editar/','POST',NULL,'2026-03-16 22:59:28.376268',1),(1617,'romina','CREATE','INFO','','','','POST /pricing/config/marcos/13/editar/','152.168.206.173','Mozilla/5.0 (Windows NT 10.0; Win64; x64) AppleWebKit/537.36 (KHTML, like Gecko) Chrome/145.0.0.0 Safari/537.36','/pricing/config/marcos/13/editar/','POST',NULL,'2026-03-16 22:59:40.413086',1),(1618,'romina','CREATE','INFO','','','','POST /pricing/config/marcos/14/editar/','152.168.206.173','Mozilla/5.0 (Windows NT 10.0; Win64; x64) AppleWebKit/537.36 (KHTML, like Gecko) Chrome/145.0.0.0 Safari/537.36','/pricing/config/marcos/14/editar/','POST',NULL,'2026-03-16 23:00:57.647604',1),(1619,'romina','CREATE','INFO','','','','POST /pricing/config/marcos/14/editar/','152.168.206.173','Mozilla/5.0 (Windows NT 10.0; Win64; x64) AppleWebKit/537.36 (KHTML, like Gecko) Chrome/145.0.0.0 Safari/537.36','/pricing/config/marcos/14/editar/','POST',NULL,'2026-03-16 23:01:00.746294',1),(1620,'romina','CREATE','INFO','','','','POST /pricing/config/marcos/15/editar/','152.168.206.173','Mozilla/5.0 (Windows NT 10.0; Win64; x64) AppleWebKit/537.36 (KHTML, like Gecko) Chrome/145.0.0.0 Safari/537.36','/pricing/config/marcos/15/editar/','POST',NULL,'2026-03-16 23:02:21.351644',1),(1621,'romina','CREATE','INFO','','','','POST /pricing/config/marcos/15/editar/','152.168.206.173','Mozilla/5.0 (Windows NT 10.0; Win64; x64) AppleWebKit/537.36 (KHTML, like Gecko) Chrome/145.0.0.0 Safari/537.36','/pricing/config/marcos/15/editar/','POST',NULL,'2026-03-16 23:02:23.969425',1),(1622,'romina','CREATE','INFO','','','','POST /pricing/config/marcos/16/editar/','152.168.206.173','Mozilla/5.0 (Windows NT 10.0; Win64; x64) AppleWebKit/537.36 (KHTML, like Gecko) Chrome/145.0.0.0 Safari/537.36','/pricing/config/marcos/16/editar/','POST',NULL,'2026-03-16 23:03:35.357593',1),(1623,'romina','CREATE','INFO','','','','POST /pricing/config/marcos/16/editar/','152.168.206.173','Mozilla/5.0 (Windows NT 10.0; Win64; x64) AppleWebKit/537.36 (KHTML, like Gecko) Chrome/145.0.0.0 Safari/537.36','/pricing/config/marcos/16/editar/','POST',NULL,'2026-03-16 23:03:37.954007',1),(1624,'romina','CREATE','INFO','','','','POST /pricing/config/hojas/3/editar/','152.168.206.173','Mozilla/5.0 (Windows NT 10.0; Win64; x64) AppleWebKit/537.36 (KHTML, like Gecko) Chrome/145.0.0.0 Safari/537.36','/pricing/config/hojas/3/editar/','POST',NULL,'2026-03-16 23:04:38.914124',1),(1625,'romina','CREATE','INFO','','','','POST /pricing/config/hojas/4/editar/','152.168.206.173','Mozilla/5.0 (Windows NT 10.0; Win64; x64) AppleWebKit/537.36 (KHTML, like Gecko) Chrome/145.0.0.0 Safari/537.36','/pricing/config/hojas/4/editar/','POST',NULL,'2026-03-16 23:06:15.999933',1),(1626,'romina','CREATE','INFO','','','','POST /pricing/config/accesorios/E69/editar/','152.168.206.173','Mozilla/5.0 (Windows NT 10.0; Win64; x64) AppleWebKit/537.36 (KHTML, like Gecko) Chrome/145.0.0.0 Safari/537.36','/pricing/config/accesorios/E69/editar/','POST',NULL,'2026-03-16 23:07:37.676854',1),(1627,'romina','CREATE','INFO','','','','POST /pricing/config/hojas/4/editar/','152.168.206.173','Mozilla/5.0 (Windows NT 10.0; Win64; x64) AppleWebKit/537.36 (KHTML, like Gecko) Chrome/145.0.0.0 Safari/537.36','/pricing/config/hojas/4/editar/','POST',NULL,'2026-03-16 23:08:40.295626',1),(1628,'romina','CREATE','INFO','','','','POST /pricing/config/accesorios/nuevo/','152.168.206.173','Mozilla/5.0 (Windows NT 10.0; Win64; x64) AppleWebKit/537.36 (KHTML, like Gecko) Chrome/145.0.0.0 Safari/537.36','/pricing/config/accesorios/nuevo/','POST',NULL,'2026-03-16 23:11:24.781225',1),(1629,'romina','CREATE','INFO','','','','POST /pricing/config/accesorios/nuevo/','152.168.206.173','Mozilla/5.0 (Windows NT 10.0; Win64; x64) AppleWebKit/537.36 (KHTML, like Gecko) Chrome/145.0.0.0 Safari/537.36','/pricing/config/accesorios/nuevo/','POST',NULL,'2026-03-16 23:13:02.126038',1),(1630,'romina','CREATE','INFO','','','','POST /pricing/config/accesorios/nuevo/','152.168.206.173','Mozilla/5.0 (Windows NT 10.0; Win64; x64) AppleWebKit/537.36 (KHTML, like Gecko) Chrome/145.0.0.0 Safari/537.36','/pricing/config/accesorios/nuevo/','POST',NULL,'2026-03-16 23:15:50.948483',1),(1631,'romina','CREATE','INFO','','','','POST /pricing/config/accesorios/nuevo/','152.168.206.173','Mozilla/5.0 (Windows NT 10.0; Win64; x64) AppleWebKit/537.36 (KHTML, like Gecko) Chrome/145.0.0.0 Safari/537.36','/pricing/config/accesorios/nuevo/','POST',NULL,'2026-03-16 23:15:57.629685',1),(1632,'romina','CREATE','INFO','','','','POST /pricing/config/accesorios/T-96/editar/','152.168.206.173','Mozilla/5.0 (Windows NT 10.0; Win64; x64) AppleWebKit/537.36 (KHTML, like Gecko) Chrome/145.0.0.0 Safari/537.36','/pricing/config/accesorios/T-96/editar/','POST',NULL,'2026-03-16 23:16:22.443261',1),(1633,'romina','CREATE','INFO','','','','POST /pricing/config/hojas/4/editar/','152.168.206.173','Mozilla/5.0 (Windows NT 10.0; Win64; x64) AppleWebKit/537.36 (KHTML, like Gecko) Chrome/145.0.0.0 Safari/537.36','/pricing/config/hojas/4/editar/','POST',NULL,'2026-03-16 23:17:18.817507',1),(1634,'romina','CREATE','INFO','','','','POST /pricing/config/hojas/4/editar/','152.168.206.173','Mozilla/5.0 (Windows NT 10.0; Win64; x64) AppleWebKit/537.36 (KHTML, like Gecko) Chrome/145.0.0.0 Safari/537.36','/pricing/config/hojas/4/editar/','POST',NULL,'2026-03-16 23:17:23.217822',1),(1635,'romina','CREATE','INFO','','','','POST /pricing/config/hojas/12/editar/','152.168.206.173','Mozilla/5.0 (Windows NT 10.0; Win64; x64) AppleWebKit/537.36 (KHTML, like Gecko) Chrome/145.0.0.0 Safari/537.36','/pricing/config/hojas/12/editar/','POST',NULL,'2026-03-16 23:18:59.297233',1),(1636,'romina','CREATE','INFO','','','','POST /pricing/config/hojas/12/editar/','152.168.206.173','Mozilla/5.0 (Windows NT 10.0; Win64; x64) AppleWebKit/537.36 (KHTML, like Gecko) Chrome/145.0.0.0 Safari/537.36','/pricing/config/hojas/12/editar/','POST',NULL,'2026-03-16 23:19:02.469805',1),(1637,'romina','CREATE','INFO','','','','POST /pricing/config/hojas/14/editar/','152.168.206.173','Mozilla/5.0 (Windows NT 10.0; Win64; x64) AppleWebKit/537.36 (KHTML, like Gecko) Chrome/145.0.0.0 Safari/537.36','/pricing/config/hojas/14/editar/','POST',NULL,'2026-03-16 23:20:43.015337',1),(1638,'romina','CREATE','INFO','','','','POST /pricing/config/hojas/14/editar/','152.168.206.173','Mozilla/5.0 (Windows NT 10.0; Win64; x64) AppleWebKit/537.36 (KHTML, like Gecko) Chrome/145.0.0.0 Safari/537.36','/pricing/config/hojas/14/editar/','POST',NULL,'2026-03-16 23:20:45.449179',1),(1639,'romina','CREATE','INFO','','','','POST /pricing/config/accesorios/nuevo/','152.168.206.173','Mozilla/5.0 (Windows NT 10.0; Win64; x64) AppleWebKit/537.36 (KHTML, like Gecko) Chrome/145.0.0.0 Safari/537.36','/pricing/config/accesorios/nuevo/','POST',NULL,'2026-03-16 23:21:36.533421',1),(1640,'romina','CREATE','INFO','','','','POST /pricing/config/hojas/14/editar/','152.168.206.173','Mozilla/5.0 (Windows NT 10.0; Win64; x64) AppleWebKit/537.36 (KHTML, like Gecko) Chrome/145.0.0.0 Safari/537.36','/pricing/config/hojas/14/editar/','POST',NULL,'2026-03-16 23:22:04.673654',1),(1641,'Dario','CREATE','INFO','','','','POST /login/','190.48.217.119','Mozilla/5.0 (Windows NT 10.0; Win64; x64) AppleWebKit/537.36 (KHTML, like Gecko) Chrome/146.0.0.0 Safari/537.36','/login/','POST',NULL,'2026-03-17 19:27:24.660440',5),(1642,'Dario','CREATE','INFO','','','','POST /pricing/api/pricing/calculate/','190.48.217.119','Mozilla/5.0 (Windows NT 10.0; Win64; x64) AppleWebKit/537.36 (KHTML, like Gecko) Chrome/146.0.0.0 Safari/537.36','/pricing/api/pricing/calculate/','POST',NULL,'2026-03-17 19:28:51.108111',5),(1643,'Dario','CREATE','INFO','','','','POST /pricing/api/pricing/calculate/','190.48.217.119','Mozilla/5.0 (Windows NT 10.0; Win64; x64) AppleWebKit/537.36 (KHTML, like Gecko) Chrome/146.0.0.0 Safari/537.36','/pricing/api/pricing/calculate/','POST',NULL,'2026-03-17 19:29:41.902031',5),(1644,'Dario','CREATE','INFO','','','','POST /pricing/api/pricing/calculate/','190.48.217.119','Mozilla/5.0 (Windows NT 10.0; Win64; x64) AppleWebKit/537.36 (KHTML, like Gecko) Chrome/146.0.0.0 Safari/537.36','/pricing/api/pricing/calculate/','POST',NULL,'2026-03-17 19:30:30.989664',5),(1645,'Dario','CREATE','INFO','','','','POST /pricing/api/pricing/calculate/','190.48.217.119','Mozilla/5.0 (Windows NT 10.0; Win64; x64) AppleWebKit/537.36 (KHTML, like Gecko) Chrome/146.0.0.0 Safari/537.36','/pricing/api/pricing/calculate/','POST',NULL,'2026-03-17 19:33:16.722290',5),(1646,'Dario','CREATE','INFO','','','','POST /pricing/api/pricing/calculate/','190.48.217.119','Mozilla/5.0 (Windows NT 10.0; Win64; x64) AppleWebKit/537.36 (KHTML, like Gecko) Chrome/146.0.0.0 Safari/537.36','/pricing/api/pricing/calculate/','POST',NULL,'2026-03-17 19:33:39.519411',5),(1647,'Dario','CREATE','INFO','','','','POST /login/','190.48.217.119','Mozilla/5.0 (Windows NT 10.0; Win64; x64) AppleWebKit/537.36 (KHTML, like Gecko) Chrome/146.0.0.0 Safari/537.36','/login/','POST',NULL,'2026-03-17 19:49:53.989205',5),(1648,'Dario','CREATE','INFO','','','','POST /login/','190.48.217.119','Mozilla/5.0 (Windows NT 10.0; Win64; x64) AppleWebKit/537.36 (KHTML, like Gecko) Chrome/146.0.0.0 Safari/537.36','/login/','POST',NULL,'2026-03-19 15:40:36.505698',5),(1649,'Dario','CREATE','INFO','','','','POST /login/','190.48.217.119','Mozilla/5.0 (Windows NT 10.0; Win64; x64) AppleWebKit/537.36 (KHTML, like Gecko) Chrome/146.0.0.0 Safari/537.36','/login/','POST',NULL,'2026-03-20 16:53:03.913814',5),(1650,'Anonymous','CREATE','INFO','','','','POST /login/','190.48.205.76','Mozilla/5.0 (Windows NT 10.0; Win64; x64) AppleWebKit/537.36 (KHTML, like Gecko) Chrome/146.0.0.0 Safari/537.36','/login/','POST',NULL,'2026-03-23 13:19:07.569738',NULL),(1651,'Anonymous','CREATE','INFO','','','','POST /login/','190.48.205.76','Mozilla/5.0 (Windows NT 10.0; Win64; x64) AppleWebKit/537.36 (KHTML, like Gecko) Chrome/146.0.0.0 Safari/537.36','/login/','POST',NULL,'2026-03-23 13:19:48.340201',NULL),(1652,'admin','CREATE','INFO','','','','POST /login/','190.48.205.76','Mozilla/5.0 (Windows NT 10.0; Win64; x64) AppleWebKit/537.36 (KHTML, like Gecko) Chrome/146.0.0.0 Safari/537.36','/login/','POST',NULL,'2026-03-23 13:20:47.922623',2),(1653,'admin','CREATE','INFO','','','','POST /security/backups/','190.48.205.76','Mozilla/5.0 (Windows NT 10.0; Win64; x64) AppleWebKit/537.36 (KHTML, like Gecko) Chrome/146.0.0.0 Safari/537.36','/security/backups/','POST',NULL,'2026-03-23 13:20:56.973810',2),(1654,'admin','CREATE','INFO','','','','POST /security/backups/','190.48.205.76','Mozilla/5.0 (Windows NT 10.0; Win64; x64) AppleWebKit/537.36 (KHTML, like Gecko) Chrome/146.0.0.0 Safari/537.36','/security/backups/','POST',NULL,'2026-03-23 13:21:06.603278',2),(1655,'admin','CREATE','INFO','','','','POST /login/','190.48.205.76','Mozilla/5.0 (Windows NT 10.0; Win64; x64) AppleWebKit/537.36 (KHTML, like Gecko) Chrome/146.0.0.0 Safari/537.36','/login/','POST',NULL,'2026-03-23 13:23:38.692568',2),(1656,'admin','CREATE','INFO','','','','POST /comercial/reportes/','190.48.205.76','Mozilla/5.0 (Windows NT 10.0; Win64; x64) AppleWebKit/537.36 (KHTML, like Gecko) Chrome/146.0.0.0 Safari/537.36','/comercial/reportes/','POST',NULL,'2026-03-23 13:24:21.912323',2),(1657,'admin','CREATE','INFO','','','','POST /login/','190.48.205.76','Mozilla/5.0 (Windows NT 10.0; Win64; x64) AppleWebKit/537.36 (KHTML, like Gecko) Chrome/146.0.0.0 Safari/537.36','/login/','POST',NULL,'2026-03-23 14:24:46.134369',2),(1658,'admin','CREATE','INFO','','','','POST /comercial/reportes/','190.48.205.76','Mozilla/5.0 (Windows NT 10.0; Win64; x64) AppleWebKit/537.36 (KHTML, like Gecko) Chrome/146.0.0.0 Safari/537.36','/comercial/reportes/','POST',NULL,'2026-03-23 14:25:56.456697',2),(1659,'Kiara','CREATE','INFO','','','','POST /login/','190.48.205.76','Mozilla/5.0 (Windows NT 10.0; Win64; x64) AppleWebKit/537.36 (KHTML, like Gecko) Chrome/145.0.0.0 Safari/537.36','/login/','POST',NULL,'2026-03-23 15:14:58.851428',4),(1660,'Kiara','CREATE','INFO','','','','POST /comercial/ventas/75/pago/','190.48.205.76','Mozilla/5.0 (Windows NT 10.0; Win64; x64) AppleWebKit/537.36 (KHTML, like Gecko) Chrome/145.0.0.0 Safari/537.36','/comercial/ventas/75/pago/','POST',NULL,'2026-03-23 15:18:47.384286',4),(1661,'Kiara','CREATE','INFO','','','','POST /comercial/api/pago/60/eliminar/','128.1.179.147','Mozilla/5.0 (Windows NT 10.0; Win64; x64) AppleWebKit/537.36 (KHTML, like Gecko) Chrome/145.0.0.0 Safari/537.36','/comercial/api/pago/60/eliminar/','POST',NULL,'2026-03-23 15:19:37.715018',4),(1662,'Kiara','CREATE','INFO','','','','POST /comercial/ventas/75/pago/','128.1.179.147','Mozilla/5.0 (Windows NT 10.0; Win64; x64) AppleWebKit/537.36 (KHTML, like Gecko) Chrome/145.0.0.0 Safari/537.36','/comercial/ventas/75/pago/','POST',NULL,'2026-03-23 15:20:38.541338',4),(1663,'Kiara','CREATE','INFO','','','','POST /comercial/api/venta/75/cambiar-estado/','128.1.179.147','Mozilla/5.0 (Windows NT 10.0; Win64; x64) AppleWebKit/537.36 (KHTML, like Gecko) Chrome/145.0.0.0 Safari/537.36','/comercial/api/venta/75/cambiar-estado/','POST',NULL,'2026-03-23 15:20:46.970766',4),(1664,'Kiara','CREATE','INFO','','','','POST /comercial/api/venta/75/cambiar-estado/','128.1.179.147','Mozilla/5.0 (Windows NT 10.0; Win64; x64) AppleWebKit/537.36 (KHTML, like Gecko) Chrome/145.0.0.0 Safari/537.36','/comercial/api/venta/75/cambiar-estado/','POST',NULL,'2026-03-23 15:20:51.945655',4),(1665,'Kiara','CREATE','INFO','','','','POST /comercial/ventas/96/pago/','128.1.179.147','Mozilla/5.0 (Windows NT 10.0; Win64; x64) AppleWebKit/537.36 (KHTML, like Gecko) Chrome/145.0.0.0 Safari/537.36','/comercial/ventas/96/pago/','POST',NULL,'2026-03-23 15:22:21.013680',4),(1666,'Kiara','CREATE','INFO','','','','POST /comercial/api/venta/96/cambiar-estado/','128.1.179.147','Mozilla/5.0 (Windows NT 10.0; Win64; x64) AppleWebKit/537.36 (KHTML, like Gecko) Chrome/145.0.0.0 Safari/537.36','/comercial/api/venta/96/cambiar-estado/','POST',NULL,'2026-03-23 15:22:27.328001',4),(1667,'Kiara','CREATE','INFO','','','','POST /comercial/ventas/71/editar/','128.1.179.147','Mozilla/5.0 (Windows NT 10.0; Win64; x64) AppleWebKit/537.36 (KHTML, like Gecko) Chrome/145.0.0.0 Safari/537.36','/comercial/ventas/71/editar/','POST',NULL,'2026-03-23 15:27:17.335439',4),(1668,'Kiara','CREATE','INFO','','','','POST /comercial/ventas/71/pago/','128.1.179.147','Mozilla/5.0 (Windows NT 10.0; Win64; x64) AppleWebKit/537.36 (KHTML, like Gecko) Chrome/145.0.0.0 Safari/537.36','/comercial/ventas/71/pago/','POST',NULL,'2026-03-23 15:28:25.134546',4),(1669,'Kiara','CREATE','INFO','','','','POST /comercial/api/venta/71/cambiar-estado/','128.1.179.147','Mozilla/5.0 (Windows NT 10.0; Win64; x64) AppleWebKit/537.36 (KHTML, like Gecko) Chrome/145.0.0.0 Safari/537.36','/comercial/api/venta/71/cambiar-estado/','POST',NULL,'2026-03-23 15:28:32.070762',4),(1670,'Kiara','CREATE','INFO','','','','POST /comercial/ventas/34/pago/','128.1.179.147','Mozilla/5.0 (Windows NT 10.0; Win64; x64) AppleWebKit/537.36 (KHTML, like Gecko) Chrome/145.0.0.0 Safari/537.36','/comercial/ventas/34/pago/','POST',NULL,'2026-03-23 15:30:55.322884',4),(1671,'Kiara','CREATE','INFO','','','','POST /comercial/api/venta/34/cambiar-estado/','128.1.179.147','Mozilla/5.0 (Windows NT 10.0; Win64; x64) AppleWebKit/537.36 (KHTML, like Gecko) Chrome/145.0.0.0 Safari/537.36','/comercial/api/venta/34/cambiar-estado/','POST',NULL,'2026-03-23 15:31:04.807782',4),(1672,'Kiara','CREATE','INFO','','','','POST /comercial/ventas/80/editar/','128.1.179.147','Mozilla/5.0 (Windows NT 10.0; Win64; x64) AppleWebKit/537.36 (KHTML, like Gecko) Chrome/145.0.0.0 Safari/537.36','/comercial/ventas/80/editar/','POST',NULL,'2026-03-23 15:34:16.071776',4),(1673,'Kiara','CREATE','INFO','','','','POST /comercial/ventas/80/pago/','128.1.179.147','Mozilla/5.0 (Windows NT 10.0; Win64; x64) AppleWebKit/537.36 (KHTML, like Gecko) Chrome/145.0.0.0 Safari/537.36','/comercial/ventas/80/pago/','POST',NULL,'2026-03-23 15:35:11.805683',4),(1674,'Kiara','CREATE','INFO','','','','POST /comercial/ventas/80/pago/','128.1.179.147','Mozilla/5.0 (Windows NT 10.0; Win64; x64) AppleWebKit/537.36 (KHTML, like Gecko) Chrome/145.0.0.0 Safari/537.36','/comercial/ventas/80/pago/','POST',NULL,'2026-03-23 15:35:53.454459',4),(1675,'Kiara','CREATE','INFO','','','','POST /comercial/api/venta/80/cambiar-estado/','128.1.179.147','Mozilla/5.0 (Windows NT 10.0; Win64; x64) AppleWebKit/537.36 (KHTML, like Gecko) Chrome/145.0.0.0 Safari/537.36','/comercial/api/venta/80/cambiar-estado/','POST',NULL,'2026-03-23 15:36:09.548807',4),(1676,'Kiara','CREATE','INFO','','','','POST /comercial/ventas/74/editar/','128.1.179.147','Mozilla/5.0 (Windows NT 10.0; Win64; x64) AppleWebKit/537.36 (KHTML, like Gecko) Chrome/145.0.0.0 Safari/537.36','/comercial/ventas/74/editar/','POST',NULL,'2026-03-23 15:40:08.019106',4),(1677,'Kiara','CREATE','INFO','','','','POST /comercial/ventas/74/pago/','128.1.179.147','Mozilla/5.0 (Windows NT 10.0; Win64; x64) AppleWebKit/537.36 (KHTML, like Gecko) Chrome/145.0.0.0 Safari/537.36','/comercial/ventas/74/pago/','POST',NULL,'2026-03-23 15:41:07.880672',4),(1678,'Kiara','CREATE','INFO','','','','POST /comercial/api/venta/74/cambiar-estado/','128.1.179.147','Mozilla/5.0 (Windows NT 10.0; Win64; x64) AppleWebKit/537.36 (KHTML, like Gecko) Chrome/145.0.0.0 Safari/537.36','/comercial/api/venta/74/cambiar-estado/','POST',NULL,'2026-03-23 15:41:21.691870',4),(1679,'Kiara','CREATE','INFO','','','','POST /comercial/ventas/67/editar/','128.1.179.147','Mozilla/5.0 (Windows NT 10.0; Win64; x64) AppleWebKit/537.36 (KHTML, like Gecko) Chrome/145.0.0.0 Safari/537.36','/comercial/ventas/67/editar/','POST',NULL,'2026-03-23 15:45:10.387623',4),(1680,'Kiara','CREATE','INFO','','','','POST /comercial/ventas/67/pago/','128.1.179.83','Mozilla/5.0 (Windows NT 10.0; Win64; x64) AppleWebKit/537.36 (KHTML, like Gecko) Chrome/145.0.0.0 Safari/537.36','/comercial/ventas/67/pago/','POST',NULL,'2026-03-23 15:46:41.055975',4),(1681,'Kiara','CREATE','INFO','','','','POST /comercial/api/venta/67/cambiar-estado/','128.1.179.83','Mozilla/5.0 (Windows NT 10.0; Win64; x64) AppleWebKit/537.36 (KHTML, like Gecko) Chrome/145.0.0.0 Safari/537.36','/comercial/api/venta/67/cambiar-estado/','POST',NULL,'2026-03-23 15:46:49.360375',4),(1682,'Kiara','CREATE','INFO','','','','POST /comercial/ventas/35/pago/','128.1.179.83','Mozilla/5.0 (Windows NT 10.0; Win64; x64) AppleWebKit/537.36 (KHTML, like Gecko) Chrome/145.0.0.0 Safari/537.36','/comercial/ventas/35/pago/','POST',NULL,'2026-03-23 15:50:08.846026',4),(1683,'Kiara','CREATE','INFO','','','','POST /comercial/api/venta/35/cambiar-estado/','128.1.179.83','Mozilla/5.0 (Windows NT 10.0; Win64; x64) AppleWebKit/537.36 (KHTML, like Gecko) Chrome/145.0.0.0 Safari/537.36','/comercial/api/venta/35/cambiar-estado/','POST',NULL,'2026-03-23 15:51:45.267322',4),(1684,'Kiara','CREATE','INFO','','','','POST /comercial/ventas/60/pago/','128.1.179.83','Mozilla/5.0 (Windows NT 10.0; Win64; x64) AppleWebKit/537.36 (KHTML, like Gecko) Chrome/145.0.0.0 Safari/537.36','/comercial/ventas/60/pago/','POST',NULL,'2026-03-23 15:53:58.562055',4),(1685,'Kiara','CREATE','INFO','','','','POST /comercial/api/pago/69/editar/','128.1.179.83','Mozilla/5.0 (Windows NT 10.0; Win64; x64) AppleWebKit/537.36 (KHTML, like Gecko) Chrome/145.0.0.0 Safari/537.36','/comercial/api/pago/69/editar/','POST',NULL,'2026-03-23 15:54:27.865801',4),(1686,'Kiara','CREATE','INFO','','','','POST /comercial/api/pago/69/editar/','128.1.179.83','Mozilla/5.0 (Windows NT 10.0; Win64; x64) AppleWebKit/537.36 (KHTML, like Gecko) Chrome/145.0.0.0 Safari/537.36','/comercial/api/pago/69/editar/','POST',NULL,'2026-03-23 15:54:33.135676',4),(1687,'Kiara','CREATE','INFO','','','','POST /comercial/api/pago/69/eliminar/','128.1.179.83','Mozilla/5.0 (Windows NT 10.0; Win64; x64) AppleWebKit/537.36 (KHTML, like Gecko) Chrome/145.0.0.0 Safari/537.36','/comercial/api/pago/69/eliminar/','POST',NULL,'2026-03-23 15:54:42.738612',4),(1688,'Kiara','CREATE','INFO','','','','POST /comercial/ventas/60/pago/','128.1.179.83','Mozilla/5.0 (Windows NT 10.0; Win64; x64) AppleWebKit/537.36 (KHTML, like Gecko) Chrome/145.0.0.0 Safari/537.36','/comercial/ventas/60/pago/','POST',NULL,'2026-03-23 15:55:23.690358',4),(1689,'Kiara','CREATE','INFO','','','','POST /comercial/api/venta/60/cambiar-estado/','128.1.179.83','Mozilla/5.0 (Windows NT 10.0; Win64; x64) AppleWebKit/537.36 (KHTML, like Gecko) Chrome/145.0.0.0 Safari/537.36','/comercial/api/venta/60/cambiar-estado/','POST',NULL,'2026-03-23 15:55:31.834339',4),(1690,'Kiara','CREATE','INFO','','','','POST /comercial/ventas/76/editar/','128.1.179.83','Mozilla/5.0 (Windows NT 10.0; Win64; x64) AppleWebKit/537.36 (KHTML, like Gecko) Chrome/145.0.0.0 Safari/537.36','/comercial/ventas/76/editar/','POST',NULL,'2026-03-23 16:07:19.637314',4),(1691,'Kiara','CREATE','INFO','','','','POST /comercial/ventas/76/pago/','128.1.179.83','Mozilla/5.0 (Windows NT 10.0; Win64; x64) AppleWebKit/537.36 (KHTML, like Gecko) Chrome/145.0.0.0 Safari/537.36','/comercial/ventas/76/pago/','POST',NULL,'2026-03-23 16:08:11.864492',4),(1692,'Kiara','CREATE','INFO','','','','POST /comercial/api/venta/76/cambiar-estado/','128.1.179.83','Mozilla/5.0 (Windows NT 10.0; Win64; x64) AppleWebKit/537.36 (KHTML, like Gecko) Chrome/145.0.0.0 Safari/537.36','/comercial/api/venta/76/cambiar-estado/','POST',NULL,'2026-03-23 16:08:32.619000',4),(1693,'Kiara','CREATE','INFO','','','','POST /comercial/ventas/18/pago/','128.1.179.83','Mozilla/5.0 (Windows NT 10.0; Win64; x64) AppleWebKit/537.36 (KHTML, like Gecko) Chrome/145.0.0.0 Safari/537.36','/comercial/ventas/18/pago/','POST',NULL,'2026-03-23 16:10:18.909050',4),(1694,'Kiara','CREATE','INFO','','','','POST /comercial/api/venta/18/cambiar-estado/','128.1.179.83','Mozilla/5.0 (Windows NT 10.0; Win64; x64) AppleWebKit/537.36 (KHTML, like Gecko) Chrome/145.0.0.0 Safari/537.36','/comercial/api/venta/18/cambiar-estado/','POST',NULL,'2026-03-23 16:11:02.586057',4),(1695,'Kiara','CREATE','INFO','','','','POST /comercial/ventas/68/editar/','128.1.179.83','Mozilla/5.0 (Windows NT 10.0; Win64; x64) AppleWebKit/537.36 (KHTML, like Gecko) Chrome/145.0.0.0 Safari/537.36','/comercial/ventas/68/editar/','POST',NULL,'2026-03-23 16:13:25.653642',4),(1696,'Kiara','CREATE','INFO','','','','POST /comercial/ventas/68/pago/','128.1.179.83','Mozilla/5.0 (Windows NT 10.0; Win64; x64) AppleWebKit/537.36 (KHTML, like Gecko) Chrome/145.0.0.0 Safari/537.36','/comercial/ventas/68/pago/','POST',NULL,'2026-03-23 16:14:11.798677',4),(1697,'Kiara','CREATE','INFO','','','','POST /comercial/api/venta/68/cambiar-estado/','128.1.179.83','Mozilla/5.0 (Windows NT 10.0; Win64; x64) AppleWebKit/537.36 (KHTML, like Gecko) Chrome/145.0.0.0 Safari/537.36','/comercial/api/venta/68/cambiar-estado/','POST',NULL,'2026-03-23 16:14:20.189865',4),(1698,'Kiara','CREATE','INFO','','','','POST /comercial/ventas/38/pago/','128.1.179.83','Mozilla/5.0 (Windows NT 10.0; Win64; x64) AppleWebKit/537.36 (KHTML, like Gecko) Chrome/145.0.0.0 Safari/537.36','/comercial/ventas/38/pago/','POST',NULL,'2026-03-23 16:16:09.919187',4),(1699,'Kiara','CREATE','INFO','','','','POST /comercial/api/venta/38/cambiar-estado/','128.1.179.83','Mozilla/5.0 (Windows NT 10.0; Win64; x64) AppleWebKit/537.36 (KHTML, like Gecko) Chrome/145.0.0.0 Safari/537.36','/comercial/api/venta/38/cambiar-estado/','POST',NULL,'2026-03-23 16:16:18.483475',4),(1700,'Kiara','CREATE','INFO','','','','POST /comercial/ventas/61/editar/','128.1.179.83','Mozilla/5.0 (Windows NT 10.0; Win64; x64) AppleWebKit/537.36 (KHTML, like Gecko) Chrome/145.0.0.0 Safari/537.36','/comercial/ventas/61/editar/','POST',NULL,'2026-03-23 16:18:50.933369',4),(1701,'Kiara','CREATE','INFO','','','','POST /comercial/ventas/61/pago/','128.1.179.83','Mozilla/5.0 (Windows NT 10.0; Win64; x64) AppleWebKit/537.36 (KHTML, like Gecko) Chrome/145.0.0.0 Safari/537.36','/comercial/ventas/61/pago/','POST',NULL,'2026-03-23 16:19:38.915776',4),(1702,'Kiara','CREATE','INFO','','','','POST /comercial/api/venta/61/cambiar-estado/','128.1.179.83','Mozilla/5.0 (Windows NT 10.0; Win64; x64) AppleWebKit/537.36 (KHTML, like Gecko) Chrome/145.0.0.0 Safari/537.36','/comercial/api/venta/61/cambiar-estado/','POST',NULL,'2026-03-23 16:19:54.579644',4),(1703,'Kiara','CREATE','INFO','','','','POST /comercial/ventas/19/pago/','128.1.179.83','Mozilla/5.0 (Windows NT 10.0; Win64; x64) AppleWebKit/537.36 (KHTML, like Gecko) Chrome/145.0.0.0 Safari/537.36','/comercial/ventas/19/pago/','POST',NULL,'2026-03-23 16:20:55.941730',4),(1704,'Kiara','CREATE','INFO','','','','POST /comercial/api/venta/19/cambiar-estado/','128.1.179.83','Mozilla/5.0 (Windows NT 10.0; Win64; x64) AppleWebKit/537.36 (KHTML, like Gecko) Chrome/145.0.0.0 Safari/537.36','/comercial/api/venta/19/cambiar-estado/','POST',NULL,'2026-03-23 16:21:40.506187',4),(1705,'Kiara','CREATE','INFO','','','','POST /comercial/cuentas/nueva/','128.1.179.83','Mozilla/5.0 (Windows NT 10.0; Win64; x64) AppleWebKit/537.36 (KHTML, like Gecko) Chrome/145.0.0.0 Safari/537.36','/comercial/cuentas/nueva/','POST',NULL,'2026-03-23 16:26:18.536331',4),(1706,'Kiara','CREATE','INFO','','','','POST /comercial/compras/nueva/','128.1.179.83','Mozilla/5.0 (Windows NT 10.0; Win64; x64) AppleWebKit/537.36 (KHTML, like Gecko) Chrome/145.0.0.0 Safari/537.36','/comercial/compras/nueva/','POST',NULL,'2026-03-23 16:27:19.920606',4),(1707,'Kiara','CREATE','INFO','','','','POST /comercial/compras/nueva/','128.1.179.83','Mozilla/5.0 (Windows NT 10.0; Win64; x64) AppleWebKit/537.36 (KHTML, like Gecko) Chrome/145.0.0.0 Safari/537.36','/comercial/compras/nueva/','POST',NULL,'2026-03-23 16:28:20.211273',4),(1708,'Kiara','CREATE','INFO','','','','POST /comercial/compras/nueva/','128.1.179.83','Mozilla/5.0 (Windows NT 10.0; Win64; x64) AppleWebKit/537.36 (KHTML, like Gecko) Chrome/145.0.0.0 Safari/537.36','/comercial/compras/nueva/','POST',NULL,'2026-03-23 16:29:15.610259',4),(1709,'admin','CREATE','INFO','','','','POST /login/','190.48.205.76','Mozilla/5.0 (Windows NT 10.0; Win64; x64) AppleWebKit/537.36 (KHTML, like Gecko) Chrome/146.0.0.0 Safari/537.36','/login/','POST',NULL,'2026-03-23 16:29:41.395356',2),(1710,'Kiara','CREATE','INFO','','','','POST /comercial/cuentas/nueva/','128.1.179.83','Mozilla/5.0 (Windows NT 10.0; Win64; x64) AppleWebKit/537.36 (KHTML, like Gecko) Chrome/145.0.0.0 Safari/537.36','/comercial/cuentas/nueva/','POST',NULL,'2026-03-23 16:30:38.935614',4),(1711,'Kiara','CREATE','INFO','','','','POST /comercial/compras/nueva/','128.1.179.83','Mozilla/5.0 (Windows NT 10.0; Win64; x64) AppleWebKit/537.36 (KHTML, like Gecko) Chrome/145.0.0.0 Safari/537.36','/comercial/compras/nueva/','POST',NULL,'2026-03-23 16:31:38.209155',4),(1712,'Kiara','CREATE','INFO','','','','POST /comercial/compras/110/eliminar/','128.1.179.83','Mozilla/5.0 (Windows NT 10.0; Win64; x64) AppleWebKit/537.36 (KHTML, like Gecko) Chrome/145.0.0.0 Safari/537.36','/comercial/compras/110/eliminar/','POST',NULL,'2026-03-23 16:33:38.765900',4),(1713,'Kiara','CREATE','INFO','','','','POST /comercial/cuentas/nueva/','128.1.179.148','Mozilla/5.0 (Windows NT 10.0; Win64; x64) AppleWebKit/537.36 (KHTML, like Gecko) Chrome/145.0.0.0 Safari/537.36','/comercial/cuentas/nueva/','POST',NULL,'2026-03-23 17:02:12.086849',4),(1714,'Kiara','CREATE','INFO','','','','POST /comercial/compras/nueva/','128.1.179.148','Mozilla/5.0 (Windows NT 10.0; Win64; x64) AppleWebKit/537.36 (KHTML, like Gecko) Chrome/145.0.0.0 Safari/537.36','/comercial/compras/nueva/','POST',NULL,'2026-03-23 17:03:18.959715',4),(1715,'Kiara','CREATE','INFO','','','','POST /comercial/compras/nueva/','128.1.179.148','Mozilla/5.0 (Windows NT 10.0; Win64; x64) AppleWebKit/537.36 (KHTML, like Gecko) Chrome/145.0.0.0 Safari/537.36','/comercial/compras/nueva/','POST',NULL,'2026-03-23 17:04:47.361484',4),(1716,'Kiara','CREATE','INFO','','','','POST /comercial/cuentas/nueva/','128.1.179.148','Mozilla/5.0 (Windows NT 10.0; Win64; x64) AppleWebKit/537.36 (KHTML, like Gecko) Chrome/145.0.0.0 Safari/537.36','/comercial/cuentas/nueva/','POST',NULL,'2026-03-23 17:06:08.184804',4),(1717,'Kiara','CREATE','INFO','','','','POST /comercial/cuentas/nueva/','104.166.164.52','Mozilla/5.0 (Windows NT 10.0; Win64; x64) AppleWebKit/537.36 (KHTML, like Gecko) Chrome/145.0.0.0 Safari/537.36','/comercial/cuentas/nueva/','POST',NULL,'2026-03-23 17:10:55.647193',4),(1718,'Kiara','CREATE','INFO','','','','POST /comercial/compras/nueva/','104.166.164.52','Mozilla/5.0 (Windows NT 10.0; Win64; x64) AppleWebKit/537.36 (KHTML, like Gecko) Chrome/145.0.0.0 Safari/537.36','/comercial/compras/nueva/','POST',NULL,'2026-03-23 17:11:49.610378',4),(1719,'Kiara','CREATE','INFO','','','','POST /comercial/compras/nueva/','104.166.164.52','Mozilla/5.0 (Windows NT 10.0; Win64; x64) AppleWebKit/537.36 (KHTML, like Gecko) Chrome/145.0.0.0 Safari/537.36','/comercial/compras/nueva/','POST',NULL,'2026-03-23 17:13:11.231454',4),(1720,'Kiara','CREATE','INFO','','','','POST /comercial/compras/nueva/','104.166.164.52','Mozilla/5.0 (Windows NT 10.0; Win64; x64) AppleWebKit/537.36 (KHTML, like Gecko) Chrome/145.0.0.0 Safari/537.36','/comercial/compras/nueva/','POST',NULL,'2026-03-23 17:14:02.426753',4),(1721,'Kiara','CREATE','INFO','','','','POST /comercial/compras/nueva/','104.166.164.52','Mozilla/5.0 (Windows NT 10.0; Win64; x64) AppleWebKit/537.36 (KHTML, like Gecko) Chrome/145.0.0.0 Safari/537.36','/comercial/compras/nueva/','POST',NULL,'2026-03-23 17:22:07.362664',4),(1722,'Kiara','CREATE','INFO','','','','POST /comercial/compras/nueva/','104.166.164.52','Mozilla/5.0 (Windows NT 10.0; Win64; x64) AppleWebKit/537.36 (KHTML, like Gecko) Chrome/145.0.0.0 Safari/537.36','/comercial/compras/nueva/','POST',NULL,'2026-03-23 17:28:22.132506',4),(1723,'Kiara','CREATE','INFO','','','','POST /comercial/compras/nueva/','104.166.164.52','Mozilla/5.0 (Windows NT 10.0; Win64; x64) AppleWebKit/537.36 (KHTML, like Gecko) Chrome/145.0.0.0 Safari/537.36','/comercial/compras/nueva/','POST',NULL,'2026-03-23 17:30:34.310334',4),(1724,'Kiara','CREATE','INFO','','','','POST /comercial/cuentas/nueva/','104.166.164.52','Mozilla/5.0 (Windows NT 10.0; Win64; x64) AppleWebKit/537.36 (KHTML, like Gecko) Chrome/145.0.0.0 Safari/537.36','/comercial/cuentas/nueva/','POST',NULL,'2026-03-23 17:52:17.769949',4),(1725,'Kiara','CREATE','INFO','','','','POST /comercial/compras/nueva/','104.166.164.52','Mozilla/5.0 (Windows NT 10.0; Win64; x64) AppleWebKit/537.36 (KHTML, like Gecko) Chrome/145.0.0.0 Safari/537.36','/comercial/compras/nueva/','POST',NULL,'2026-03-23 17:54:36.489843',4),(1726,'Kiara','CREATE','INFO','','','','POST /comercial/cuentas/nueva/','104.166.164.52','Mozilla/5.0 (Windows NT 10.0; Win64; x64) AppleWebKit/537.36 (KHTML, like Gecko) Chrome/145.0.0.0 Safari/537.36','/comercial/cuentas/nueva/','POST',NULL,'2026-03-23 17:58:37.665039',4),(1727,'Kiara','CREATE','INFO','','','','POST /comercial/compras/nueva/','104.166.164.52','Mozilla/5.0 (Windows NT 10.0; Win64; x64) AppleWebKit/537.36 (KHTML, like Gecko) Chrome/145.0.0.0 Safari/537.36','/comercial/compras/nueva/','POST',NULL,'2026-03-23 18:00:25.616110',4),(1728,'Kiara','CREATE','INFO','','','','POST /comercial/compras/nueva/','104.166.164.52','Mozilla/5.0 (Windows NT 10.0; Win64; x64) AppleWebKit/537.36 (KHTML, like Gecko) Chrome/145.0.0.0 Safari/537.36','/comercial/compras/nueva/','POST',NULL,'2026-03-23 18:07:05.496600',4),(1729,'Kiara','CREATE','INFO','','','','POST /comercial/compras/nueva/','104.166.164.52','Mozilla/5.0 (Windows NT 10.0; Win64; x64) AppleWebKit/537.36 (KHTML, like Gecko) Chrome/145.0.0.0 Safari/537.36','/comercial/compras/nueva/','POST',NULL,'2026-03-23 18:09:02.621580',4),(1730,'Kiara','CREATE','INFO','','','','POST /comercial/cuentas/nueva/','104.166.164.52','Mozilla/5.0 (Windows NT 10.0; Win64; x64) AppleWebKit/537.36 (KHTML, like Gecko) Chrome/145.0.0.0 Safari/537.36','/comercial/cuentas/nueva/','POST',NULL,'2026-03-23 18:11:04.506867',4),(1731,'Kiara','CREATE','INFO','','','','POST /comercial/compras/nueva/','104.166.164.52','Mozilla/5.0 (Windows NT 10.0; Win64; x64) AppleWebKit/537.36 (KHTML, like Gecko) Chrome/145.0.0.0 Safari/537.36','/comercial/compras/nueva/','POST',NULL,'2026-03-23 18:12:31.627520',4),(1732,'Kiara','CREATE','INFO','','','','POST /comercial/cuentas/nueva/','104.166.164.52','Mozilla/5.0 (Windows NT 10.0; Win64; x64) AppleWebKit/537.36 (KHTML, like Gecko) Chrome/145.0.0.0 Safari/537.36','/comercial/cuentas/nueva/','POST',NULL,'2026-03-23 18:16:39.294739',4),(1733,'Kiara','CREATE','INFO','','','','POST /comercial/compras/nueva/','104.166.164.52','Mozilla/5.0 (Windows NT 10.0; Win64; x64) AppleWebKit/537.36 (KHTML, like Gecko) Chrome/145.0.0.0 Safari/537.36','/comercial/compras/nueva/','POST',NULL,'2026-03-23 18:19:06.638918',4),(1734,'Kiara','CREATE','INFO','','','','POST /comercial/cuentas/nueva/','104.166.164.52','Mozilla/5.0 (Windows NT 10.0; Win64; x64) AppleWebKit/537.36 (KHTML, like Gecko) Chrome/145.0.0.0 Safari/537.36','/comercial/cuentas/nueva/','POST',NULL,'2026-03-23 18:20:58.261045',4),(1735,'Kiara','CREATE','INFO','','','','POST /comercial/compras/nueva/','104.166.164.52','Mozilla/5.0 (Windows NT 10.0; Win64; x64) AppleWebKit/537.36 (KHTML, like Gecko) Chrome/145.0.0.0 Safari/537.36','/comercial/compras/nueva/','POST',NULL,'2026-03-23 18:22:45.051202',4),(1736,'Kiara','CREATE','INFO','','','','POST /comercial/compras/nueva/','104.166.164.52','Mozilla/5.0 (Windows NT 10.0; Win64; x64) AppleWebKit/537.36 (KHTML, like Gecko) Chrome/145.0.0.0 Safari/537.36','/comercial/compras/nueva/','POST',NULL,'2026-03-23 18:23:56.814473',4),(1737,'Kiara','CREATE','INFO','','','','POST /comercial/compras/nueva/','104.166.164.52','Mozilla/5.0 (Windows NT 10.0; Win64; x64) AppleWebKit/537.36 (KHTML, like Gecko) Chrome/145.0.0.0 Safari/537.36','/comercial/compras/nueva/','POST',NULL,'2026-03-23 18:25:36.359709',4),(1738,'Kiara','CREATE','INFO','','','','POST /comercial/compras/nueva/','104.166.164.52','Mozilla/5.0 (Windows NT 10.0; Win64; x64) AppleWebKit/537.36 (KHTML, like Gecko) Chrome/145.0.0.0 Safari/537.36','/comercial/compras/nueva/','POST',NULL,'2026-03-23 18:30:13.291231',4),(1739,'admin','CREATE','INFO','','','','POST /login/','190.48.205.76','Mozilla/5.0 (Windows NT 10.0; Win64; x64) AppleWebKit/537.36 (KHTML, like Gecko) Chrome/146.0.0.0 Safari/537.36','/login/','POST',NULL,'2026-03-23 18:49:20.946738',2),(1740,'admin','CREATE','INFO','','','','POST /comercial/clientes/nuevo/','190.48.205.76','Mozilla/5.0 (Windows NT 10.0; Win64; x64) AppleWebKit/537.36 (KHTML, like Gecko) Chrome/146.0.0.0 Safari/537.36','/comercial/clientes/nuevo/','POST',NULL,'2026-03-23 18:53:12.159432',2),(1741,'admin','CREATE','INFO','','','','POST /comercial/ventas/nueva/','190.48.205.76','Mozilla/5.0 (Windows NT 10.0; Win64; x64) AppleWebKit/537.36 (KHTML, like Gecko) Chrome/146.0.0.0 Safari/537.36','/comercial/ventas/nueva/','POST',NULL,'2026-03-23 18:54:17.975197',2),(1742,'admin','CREATE','INFO','','','','POST /comercial/clientes/nuevo/','190.48.205.76','Mozilla/5.0 (Windows NT 10.0; Win64; x64) AppleWebKit/537.36 (KHTML, like Gecko) Chrome/146.0.0.0 Safari/537.36','/comercial/clientes/nuevo/','POST',NULL,'2026-03-23 18:55:52.769139',2),(1743,'admin','CREATE','INFO','','','','POST /comercial/ventas/nueva/','190.48.205.76','Mozilla/5.0 (Windows NT 10.0; Win64; x64) AppleWebKit/537.36 (KHTML, like Gecko) Chrome/146.0.0.0 Safari/537.36','/comercial/ventas/nueva/','POST',NULL,'2026-03-23 18:56:29.855589',2),(1744,'admin','CREATE','INFO','','','','POST /comercial/clientes/nuevo/','190.48.205.76','Mozilla/5.0 (Windows NT 10.0; Win64; x64) AppleWebKit/537.36 (KHTML, like Gecko) Chrome/146.0.0.0 Safari/537.36','/comercial/clientes/nuevo/','POST',NULL,'2026-03-23 18:57:33.881767',2),(1745,'admin','CREATE','INFO','','','','POST /comercial/ventas/nueva/','190.48.205.76','Mozilla/5.0 (Windows NT 10.0; Win64; x64) AppleWebKit/537.36 (KHTML, like Gecko) Chrome/146.0.0.0 Safari/537.36','/comercial/ventas/nueva/','POST',NULL,'2026-03-23 18:58:07.448465',2),(1746,'admin','CREATE','INFO','','','','POST /comercial/clientes/100/editar/','190.48.205.76','Mozilla/5.0 (Windows NT 10.0; Win64; x64) AppleWebKit/537.36 (KHTML, like Gecko) Chrome/146.0.0.0 Safari/537.36','/comercial/clientes/100/editar/','POST',NULL,'2026-03-23 18:58:23.147408',2),(1747,'admin','CREATE','INFO','','','','POST /comercial/ventas/115/pago/','190.48.205.76','Mozilla/5.0 (Windows NT 10.0; Win64; x64) AppleWebKit/537.36 (KHTML, like Gecko) Chrome/146.0.0.0 Safari/537.36','/comercial/ventas/115/pago/','POST',NULL,'2026-03-23 18:59:12.657119',2),(1748,'admin','CREATE','INFO','','','','POST /comercial/clientes/nuevo/','190.48.205.76','Mozilla/5.0 (Windows NT 10.0; Win64; x64) AppleWebKit/537.36 (KHTML, like Gecko) Chrome/146.0.0.0 Safari/537.36','/comercial/clientes/nuevo/','POST',NULL,'2026-03-23 19:01:22.315565',2),(1749,'admin','CREATE','INFO','','','','POST /comercial/ventas/nueva/','190.48.205.76','Mozilla/5.0 (Windows NT 10.0; Win64; x64) AppleWebKit/537.36 (KHTML, like Gecko) Chrome/146.0.0.0 Safari/537.36','/comercial/ventas/nueva/','POST',NULL,'2026-03-23 19:02:15.527777',2),(1750,'admin','CREATE','INFO','','','','POST /comercial/clientes/nuevo/','190.48.205.76','Mozilla/5.0 (Windows NT 10.0; Win64; x64) AppleWebKit/537.36 (KHTML, like Gecko) Chrome/146.0.0.0 Safari/537.36','/comercial/clientes/nuevo/','POST',NULL,'2026-03-23 19:05:03.327179',2),(1751,'admin','CREATE','INFO','','','','POST /comercial/ventas/nueva/','190.48.205.76','Mozilla/5.0 (Windows NT 10.0; Win64; x64) AppleWebKit/537.36 (KHTML, like Gecko) Chrome/146.0.0.0 Safari/537.36','/comercial/ventas/nueva/','POST',NULL,'2026-03-23 19:05:54.076251',2),(1752,'admin','CREATE','INFO','','','','POST /comercial/clientes/nuevo/','190.48.205.76','Mozilla/5.0 (Windows NT 10.0; Win64; x64) AppleWebKit/537.36 (KHTML, like Gecko) Chrome/146.0.0.0 Safari/537.36','/comercial/clientes/nuevo/','POST',NULL,'2026-03-23 19:07:04.154155',2),(1753,'admin','CREATE','INFO','','','','POST /comercial/ventas/nueva/','190.48.205.76','Mozilla/5.0 (Windows NT 10.0; Win64; x64) AppleWebKit/537.36 (KHTML, like Gecko) Chrome/146.0.0.0 Safari/537.36','/comercial/ventas/nueva/','POST',NULL,'2026-03-23 19:10:08.499096',2),(1754,'admin','CREATE','INFO','','','','POST /comercial/clientes/nuevo/','190.48.205.76','Mozilla/5.0 (Windows NT 10.0; Win64; x64) AppleWebKit/537.36 (KHTML, like Gecko) Chrome/146.0.0.0 Safari/537.36','/comercial/clientes/nuevo/','POST',NULL,'2026-03-23 19:14:12.028996',2),(1755,'admin','CREATE','INFO','','','','POST /comercial/ventas/nueva/','190.48.205.76','Mozilla/5.0 (Windows NT 10.0; Win64; x64) AppleWebKit/537.36 (KHTML, like Gecko) Chrome/146.0.0.0 Safari/537.36','/comercial/ventas/nueva/','POST',NULL,'2026-03-23 19:14:15.532462',2),(1756,'admin','CREATE','INFO','','','','POST /comercial/clientes/nuevo/','190.48.205.76','Mozilla/5.0 (Windows NT 10.0; Win64; x64) AppleWebKit/537.36 (KHTML, like Gecko) Chrome/146.0.0.0 Safari/537.36','/comercial/clientes/nuevo/','POST',NULL,'2026-03-23 19:17:31.932466',2),(1757,'admin','CREATE','INFO','','','','POST /comercial/ventas/nueva/','190.48.205.76','Mozilla/5.0 (Windows NT 10.0; Win64; x64) AppleWebKit/537.36 (KHTML, like Gecko) Chrome/146.0.0.0 Safari/537.36','/comercial/ventas/nueva/','POST',NULL,'2026-03-23 19:19:31.960986',2),(1758,'admin','CREATE','INFO','','','','POST /comercial/clientes/nuevo/','190.48.205.76','Mozilla/5.0 (Windows NT 10.0; Win64; x64) AppleWebKit/537.36 (KHTML, like Gecko) Chrome/146.0.0.0 Safari/537.36','/comercial/clientes/nuevo/','POST',NULL,'2026-03-23 19:21:02.210187',2),(1759,'admin','CREATE','INFO','','','','POST /comercial/ventas/nueva/','190.48.205.76','Mozilla/5.0 (Windows NT 10.0; Win64; x64) AppleWebKit/537.36 (KHTML, like Gecko) Chrome/146.0.0.0 Safari/537.36','/comercial/ventas/nueva/','POST',NULL,'2026-03-23 19:22:25.380866',2),(1760,'admin','CREATE','INFO','','','','POST /comercial/clientes/nuevo/','190.48.205.76','Mozilla/5.0 (Windows NT 10.0; Win64; x64) AppleWebKit/537.36 (KHTML, like Gecko) Chrome/146.0.0.0 Safari/537.36','/comercial/clientes/nuevo/','POST',NULL,'2026-03-23 19:23:54.035561',2),(1761,'admin','CREATE','INFO','','','','POST /comercial/ventas/nueva/','190.48.205.76','Mozilla/5.0 (Windows NT 10.0; Win64; x64) AppleWebKit/537.36 (KHTML, like Gecko) Chrome/146.0.0.0 Safari/537.36','/comercial/ventas/nueva/','POST',NULL,'2026-03-23 19:25:27.508529',2),(1762,'Dario','CREATE','INFO','','','','POST /login/','190.48.200.69','Mozilla/5.0 (Windows NT 10.0; Win64; x64) AppleWebKit/537.36 (KHTML, like Gecko) Chrome/146.0.0.0 Safari/537.36','/login/','POST',NULL,'2026-03-25 11:46:58.987029',5),(1763,'Dario','CREATE','INFO','','','','POST /login/','190.48.200.69','Mozilla/5.0 (Windows NT 10.0; Win64; x64) AppleWebKit/537.36 (KHTML, like Gecko) Chrome/146.0.0.0 Safari/537.36','/login/','POST',NULL,'2026-03-25 14:01:04.755872',5),(1764,'Dario','CREATE','INFO','','','','POST /login/','190.48.200.69','Mozilla/5.0 (Windows NT 10.0; Win64; x64) AppleWebKit/537.36 (KHTML, like Gecko) Chrome/146.0.0.0 Safari/537.36','/login/','POST',NULL,'2026-03-25 16:02:01.544414',5),(1765,'Dario','CREATE','INFO','','','','POST /login/','190.48.200.69','Mozilla/5.0 (Windows NT 10.0; Win64; x64) AppleWebKit/537.36 (KHTML, like Gecko) Chrome/146.0.0.0 Safari/537.36','/login/','POST',NULL,'2026-03-26 13:03:19.501768',5),(1766,'Dario','CREATE','INFO','','','','POST /login/','190.48.200.69','Mozilla/5.0 (Windows NT 10.0; Win64; x64) AppleWebKit/537.36 (KHTML, like Gecko) Chrome/146.0.0.0 Safari/537.36','/login/','POST',NULL,'2026-03-26 14:06:48.747657',5),(1767,'Anonymous','CREATE','INFO','','','','POST /login/','82.62.6.93','Mozilla/5.0 (Windows NT 10.0; Win64; x64) AppleWebKit/537.36 (KHTML, like Gecko) Chrome/146.0.0.0 Safari/537.36','/login/','POST',NULL,'2026-03-28 15:54:01.884263',NULL),(1768,'Anonymous','CREATE','INFO','','','','POST /login/','82.62.6.93','Mozilla/5.0 (Windows NT 10.0; Win64; x64) AppleWebKit/537.36 (KHTML, like Gecko) Chrome/146.0.0.0 Safari/537.36','/login/','POST',NULL,'2026-03-28 15:54:11.521805',NULL),(1769,'admin','CREATE','INFO','','','','POST /login/','82.62.6.93','Mozilla/5.0 (Windows NT 10.0; Win64; x64) AppleWebKit/537.36 (KHTML, like Gecko) Chrome/146.0.0.0 Safari/537.36','/login/','POST',NULL,'2026-03-28 15:54:16.668274',2),(1770,'admin','CREATE','INFO','','','','POST /login/','82.62.6.93','Mozilla/5.0 (Windows NT 10.0; Win64; x64) AppleWebKit/537.36 (KHTML, like Gecko) Chrome/146.0.0.0 Safari/537.36','/login/','POST',NULL,'2026-03-29 11:26:57.026188',2),(1771,'admin','CREATE','INFO','','','','POST /security/backups/','82.62.6.93','Mozilla/5.0 (Windows NT 10.0; Win64; x64) AppleWebKit/537.36 (KHTML, like Gecko) Chrome/146.0.0.0 Safari/537.36','/security/backups/','POST',NULL,'2026-03-29 11:34:00.290605',2);
/*!40000 ALTER TABLE `security_auditlog` ENABLE KEYS */;
UNLOCK TABLES;

--
-- Table structure for table `security_backup`
--

DROP TABLE IF EXISTS `security_backup`;
/*!40101 SET @saved_cs_client     = @@character_set_client */;
/*!50503 SET character_set_client = utf8mb4 */;
CREATE TABLE `security_backup` (
  `id` bigint NOT NULL AUTO_INCREMENT,
  `filename` varchar(255) NOT NULL,
  `filepath` varchar(500) NOT NULL,
  `size_bytes` bigint NOT NULL,
  `status` varchar(20) NOT NULL,
  `created_at` datetime(6) NOT NULL,
  `completed_at` datetime(6) DEFAULT NULL,
  `error_message` longtext NOT NULL,
  `tables_count` int NOT NULL,
  `records_count` int NOT NULL,
  `created_by_id` int DEFAULT NULL,
  PRIMARY KEY (`id`),
  KEY `security_backup_created_by_id_41e82d3b_fk_auth_user_id` (`created_by_id`),
  CONSTRAINT `security_backup_created_by_id_41e82d3b_fk_auth_user_id` FOREIGN KEY (`created_by_id`) REFERENCES `auth_user` (`id`)
) ENGINE=InnoDB AUTO_INCREMENT=8 DEFAULT CHARSET=utf8mb3;
/*!40101 SET character_set_client = @saved_cs_client */;

--
-- Dumping data for table `security_backup`
--

LOCK TABLES `security_backup` WRITE;
/*!40000 ALTER TABLE `security_backup` DISABLE KEYS */;
INSERT INTO `security_backup` VALUES (1,'','',0,'failed','2026-02-27 00:18:23.445692',NULL,'Error en mysqldump: mysqldump: [ERROR] mysqldump: Empty value for \'port\' specified.\n',0,0,NULL),(2,'','',0,'failed','2026-02-27 00:18:57.005061',NULL,'Error en mysqldump: mysqldump: [ERROR] mysqldump: Empty value for \'port\' specified.\n',0,0,NULL),(3,'','',0,'failed','2026-02-27 00:21:39.087948',NULL,'Error en mysqldump: mysqldump: [Warning] Using a password on the command line interface can be insecure.\nmysqldump: [ERROR] unknown option \'--skip-ssl\'.\n',0,0,NULL),(4,'backup_20260226_212333.sql','/home/AKUN/akunCalcu/akuna_calc/backups/backup_20260226_212333.sql',175669,'completed','2026-02-27 00:23:33.683904','2026-02-27 00:23:35.008902','',30,0,NULL),(5,'backup_20260306_115701.sql','/home/AKUN/akunCalcu/akuna_calc/backups/backup_20260306_115701.sql',294339,'completed','2026-03-06 14:57:01.843854','2026-03-06 14:57:03.649514','',51,0,NULL),(6,'backup_20260316_184856.sql','/home/AKUN/akunCalcu/akuna_calc/backups/backup_20260316_184856.sql',702919,'completed','2026-03-16 21:48:56.772749','2026-03-16 21:49:02.668931','',67,0,NULL),(7,'','',0,'running','2026-03-29 11:34:08.393015',NULL,'',0,0,NULL);
/*!40000 ALTER TABLE `security_backup` ENABLE KEYS */;
UNLOCK TABLES;

--
-- Table structure for table `security_ipblacklist`
--

DROP TABLE IF EXISTS `security_ipblacklist`;
/*!40101 SET @saved_cs_client     = @@character_set_client */;
/*!50503 SET character_set_client = utf8mb4 */;
CREATE TABLE `security_ipblacklist` (
  `id` bigint NOT NULL AUTO_INCREMENT,
  `ip_address` char(39) NOT NULL,
  `reason` longtext NOT NULL,
  `blocked_at` datetime(6) NOT NULL,
  `expires_at` datetime(6) DEFAULT NULL,
  `is_active` tinyint(1) NOT NULL,
  `blocked_by_id` int DEFAULT NULL,
  PRIMARY KEY (`id`),
  UNIQUE KEY `ip_address` (`ip_address`),
  KEY `security_ipblacklist_blocked_by_id_15db8a99_fk_auth_user_id` (`blocked_by_id`),
  CONSTRAINT `security_ipblacklist_blocked_by_id_15db8a99_fk_auth_user_id` FOREIGN KEY (`blocked_by_id`) REFERENCES `auth_user` (`id`)
) ENGINE=InnoDB AUTO_INCREMENT=2 DEFAULT CHARSET=utf8mb3;
/*!40101 SET character_set_client = @saved_cs_client */;

--
-- Dumping data for table `security_ipblacklist`
--

LOCK TABLES `security_ipblacklist` WRITE;
/*!40000 ALTER TABLE `security_ipblacklist` DISABLE KEYS */;
INSERT INTO `security_ipblacklist` VALUES (1,'190.48.214.52','Excedió 5 intentos fallidos de login','2026-03-12 13:20:54.608567','2026-03-12 13:50:54.595527',0,NULL);
/*!40000 ALTER TABLE `security_ipblacklist` ENABLE KEYS */;
UNLOCK TABLES;

--
-- Table structure for table `security_loginattempt`
--

DROP TABLE IF EXISTS `security_loginattempt`;
/*!40101 SET @saved_cs_client     = @@character_set_client */;
/*!50503 SET character_set_client = utf8mb4 */;
CREATE TABLE `security_loginattempt` (
  `id` bigint NOT NULL AUTO_INCREMENT,
  `username` varchar(150) NOT NULL,
  `ip_address` char(39) NOT NULL,
  `user_agent` longtext NOT NULL,
  `success` tinyint(1) NOT NULL,
  `timestamp` datetime(6) NOT NULL,
  PRIMARY KEY (`id`),
  KEY `security_loginattempt_timestamp_9b315407` (`timestamp`),
  KEY `security_lo_ip_addr_622cb0_idx` (`ip_address`,`timestamp` DESC),
  KEY `security_lo_usernam_6d99d9_idx` (`username`,`timestamp` DESC)
) ENGINE=InnoDB AUTO_INCREMENT=214 DEFAULT CHARSET=utf8mb3;
/*!40101 SET character_set_client = @saved_cs_client */;

--
-- Dumping data for table `security_loginattempt`
--

LOCK TABLES `security_loginattempt` WRITE;
/*!40000 ALTER TABLE `security_loginattempt` DISABLE KEYS */;
INSERT INTO `security_loginattempt` VALUES (1,'admin','190.48.205.77','Mozilla/5.0 (Windows NT 10.0; Win64; x64) AppleWebKit/537.36 (KHTML, like Gecko) Chrome/144.0.0.0 Safari/537.36',1,'2026-02-18 15:44:32.038022'),(2,'admin','152.168.206.173','Mozilla/5.0 (Windows NT 10.0; Win64; x64) AppleWebKit/537.36 (KHTML, like Gecko) Chrome/144.0.0.0 Safari/537.36',1,'2026-02-19 13:53:15.180257'),(3,'admin','152.168.206.173','Mozilla/5.0 (Windows NT 10.0; Win64; x64) AppleWebKit/537.36 (KHTML, like Gecko) Chrome/145.0.0.0 Safari/537.36',0,'2026-02-19 14:05:54.272718'),(4,'admin','152.168.206.173','Mozilla/5.0 (Windows NT 10.0; Win64; x64) AppleWebKit/537.36 (KHTML, like Gecko) Chrome/145.0.0.0 Safari/537.36',1,'2026-02-19 14:06:00.438305'),(5,'admin','152.168.206.173','Mozilla/5.0 (Windows NT 10.0; Win64; x64) AppleWebKit/537.36 (KHTML, like Gecko) Chrome/144.0.0.0 Safari/537.36',1,'2026-02-19 18:53:43.846698'),(6,'kiara','190.48.203.234','Mozilla/5.0 (Windows NT 10.0; Win64; x64) AppleWebKit/537.36 (KHTML, like Gecko) Chrome/144.0.0.0 Safari/537.36',1,'2026-02-23 14:26:23.297205'),(7,'admin','190.48.203.234','Mozilla/5.0 (Windows NT 10.0; Win64; x64) AppleWebKit/537.36 (KHTML, like Gecko) Chrome/145.0.0.0 Safari/537.36',1,'2026-02-23 14:33:43.305461'),(8,'kiara','190.48.203.234','Mozilla/5.0 (Windows NT 10.0; Win64; x64) AppleWebKit/537.36 (KHTML, like Gecko) Chrome/144.0.0.0 Safari/537.36',1,'2026-02-23 14:34:32.197581'),(9,'admin','190.48.203.234','Mozilla/5.0 (Windows NT 10.0; Win64; x64) AppleWebKit/537.36 (KHTML, like Gecko) Chrome/145.0.0.0 Safari/537.36',1,'2026-02-23 14:40:09.792267'),(10,'admin','190.48.203.234','Mozilla/5.0 (Windows NT 10.0; Win64; x64) AppleWebKit/537.36 (KHTML, like Gecko) Chrome/145.0.0.0 Safari/537.36',1,'2026-02-23 14:53:28.575543'),(11,'admin','190.48.203.234','Mozilla/5.0 (Windows NT 10.0; Win64; x64) AppleWebKit/537.36 (KHTML, like Gecko) Chrome/145.0.0.0 Safari/537.36',1,'2026-02-23 15:06:46.051612'),(12,'admin','190.48.203.234','Mozilla/5.0 (Windows NT 10.0; Win64; x64) AppleWebKit/537.36 (KHTML, like Gecko) Chrome/145.0.0.0 Safari/537.36',1,'2026-02-23 15:09:53.180618'),(13,'admin','190.48.203.234','Mozilla/5.0 (Windows NT 10.0; Win64; x64) AppleWebKit/537.36 (KHTML, like Gecko) Chrome/145.0.0.0 Safari/537.36',1,'2026-02-23 15:11:53.437142'),(14,'admin','190.48.203.234','Mozilla/5.0 (Windows NT 10.0; Win64; x64) AppleWebKit/537.36 (KHTML, like Gecko) Chrome/145.0.0.0 Safari/537.36',1,'2026-02-23 15:11:54.147021'),(15,'admin','190.48.203.234','Mozilla/5.0 (Windows NT 10.0; Win64; x64) AppleWebKit/537.36 (KHTML, like Gecko) Chrome/145.0.0.0 Safari/537.36',1,'2026-02-23 15:12:23.867583'),(16,'admin','190.48.203.234','Mozilla/5.0 (Windows NT 10.0; Win64; x64) AppleWebKit/537.36 (KHTML, like Gecko) Chrome/145.0.0.0 Safari/537.36',1,'2026-02-23 15:13:58.420094'),(17,'admin','190.48.203.234','Mozilla/5.0 (Windows NT 10.0; Win64; x64) AppleWebKit/537.36 (KHTML, like Gecko) Chrome/145.0.0.0 Safari/537.36',1,'2026-02-23 15:42:59.868281'),(18,'kiara','104.166.164.25','Mozilla/5.0 (Windows NT 10.0; Win64; x64) AppleWebKit/537.36 (KHTML, like Gecko) Chrome/144.0.0.0 Safari/537.36',1,'2026-02-23 16:06:10.070023'),(19,'admin','190.48.203.234','Mozilla/5.0 (Windows NT 10.0; Win64; x64) AppleWebKit/537.36 (KHTML, like Gecko) Chrome/145.0.0.0 Safari/537.36',1,'2026-02-23 18:40:46.377872'),(20,'admin','190.48.203.234','Mozilla/5.0 (Windows NT 10.0; Win64; x64) AppleWebKit/537.36 (KHTML, like Gecko) Chrome/145.0.0.0 Safari/537.36',0,'2026-02-23 18:40:47.096543'),(21,'admin','190.48.203.234','Mozilla/5.0 (Windows NT 10.0; Win64; x64) AppleWebKit/537.36 (KHTML, like Gecko) Chrome/145.0.0.0 Safari/537.36',1,'2026-02-23 18:40:56.332415'),(22,'kiara','104.166.164.38','Mozilla/5.0 (Windows NT 10.0; Win64; x64) AppleWebKit/537.36 (KHTML, like Gecko) Chrome/144.0.0.0 Safari/537.36',1,'2026-02-23 19:21:57.664409'),(23,'Admin','181.238.52.32','Mozilla/5.0 (Linux; Android 10; K) AppleWebKit/537.36 (KHTML, like Gecko) Chrome/145.0.0.0 Mobile Safari/537.36',1,'2026-02-24 11:26:56.124581'),(24,'admin','190.48.203.234','Mozilla/5.0 (Windows NT 10.0; Win64; x64) AppleWebKit/537.36 (KHTML, like Gecko) Chrome/145.0.0.0 Safari/537.36',1,'2026-02-24 12:15:51.527862'),(25,'admin','181.30.1.45','Mozilla/5.0 (Windows NT 10.0; Win64; x64) AppleWebKit/537.36 (KHTML, like Gecko) Chrome/145.0.0.0 Safari/537.36',1,'2026-02-25 15:35:46.412073'),(26,'admin','190.48.203.234','Mozilla/5.0 (Windows NT 10.0; Win64; x64) AppleWebKit/537.36 (KHTML, like Gecko) Chrome/145.0.0.0 Safari/537.36',1,'2026-02-25 15:40:46.296760'),(27,'admin','190.48.203.234','Mozilla/5.0 (Windows NT 10.0; Win64; x64) AppleWebKit/537.36 (KHTML, like Gecko) Chrome/145.0.0.0 Safari/537.36',1,'2026-02-25 16:54:34.875400'),(28,'admin','152.168.206.173','Mozilla/5.0 (Windows NT 10.0; Win64; x64) AppleWebKit/537.36 (KHTML, like Gecko) Chrome/145.0.0.0 Safari/537.36',1,'2026-02-26 01:29:06.128561'),(29,'admin','181.30.1.45','Mozilla/5.0 (Windows NT 10.0; Win64; x64) AppleWebKit/537.36 (KHTML, like Gecko) Chrome/145.0.0.0 Safari/537.36',1,'2026-02-26 13:13:37.673939'),(30,'admin','181.30.1.45','Mozilla/5.0 (Windows NT 10.0; Win64; x64) AppleWebKit/537.36 (KHTML, like Gecko) Chrome/145.0.0.0 Safari/537.36',1,'2026-02-26 14:33:56.785262'),(31,'admin','181.30.1.45','Mozilla/5.0 (Windows NT 10.0; Win64; x64) AppleWebKit/537.36 (KHTML, like Gecko) Chrome/145.0.0.0 Safari/537.36',1,'2026-02-26 14:40:18.313802'),(32,'admin','181.30.1.45','Mozilla/5.0 (Windows NT 10.0; Win64; x64) AppleWebKit/537.36 (KHTML, like Gecko) Chrome/145.0.0.0 Safari/537.36',1,'2026-02-26 15:41:56.658983'),(33,'admin','152.168.206.173','Mozilla/5.0 (Windows NT 10.0; Win64; x64) AppleWebKit/537.36 (KHTML, like Gecko) Chrome/145.0.0.0 Safari/537.36',1,'2026-02-26 21:57:14.254434'),(34,'admin','152.168.206.173','Mozilla/5.0 (Windows NT 10.0; Win64; x64) AppleWebKit/537.36 (KHTML, like Gecko) Chrome/145.0.0.0 Safari/537.36',1,'2026-02-26 21:57:36.992912'),(35,'admin','152.168.206.173','Mozilla/5.0 (Windows NT 10.0; Win64; x64) AppleWebKit/537.36 (KHTML, like Gecko) Chrome/145.0.0.0 Safari/537.36',1,'2026-02-26 23:07:56.993026'),(36,'kiara','152.168.206.173','Mozilla/5.0 (Windows NT 10.0; Win64; x64) AppleWebKit/537.36 (KHTML, like Gecko) Chrome/145.0.0.0 Safari/537.36',1,'2026-02-27 00:25:05.100713'),(37,'kiara','152.168.206.173','Mozilla/5.0 (Windows NT 10.0; Win64; x64) AppleWebKit/537.36 (KHTML, like Gecko) Chrome/145.0.0.0 Safari/537.36',1,'2026-02-27 00:28:00.328183'),(38,'romina','152.168.206.173','Mozilla/5.0 (Windows NT 10.0; Win64; x64) AppleWebKit/537.36 (KHTML, like Gecko) Chrome/145.0.0.0 Safari/537.36',1,'2026-02-27 00:34:19.275160'),(39,'romina','152.168.206.173','Mozilla/5.0 (Windows NT 10.0; Win64; x64) AppleWebKit/537.36 (KHTML, like Gecko) Chrome/145.0.0.0 Safari/537.36',1,'2026-02-27 00:34:58.954135'),(40,'romina','152.168.206.173','Mozilla/5.0 (Windows NT 10.0; Win64; x64) AppleWebKit/537.36 (KHTML, like Gecko) Chrome/145.0.0.0 Safari/537.36',1,'2026-02-27 00:34:59.478607'),(41,'romina','181.30.1.45','Mozilla/5.0 (Windows NT 10.0; Win64; x64) AppleWebKit/537.36 (KHTML, like Gecko) Chrome/145.0.0.0 Safari/537.36',1,'2026-02-27 14:25:34.367525'),(42,'admin','190.48.197.56','Mozilla/5.0 (Windows NT 10.0; Win64; x64) AppleWebKit/537.36 (KHTML, like Gecko) Chrome/145.0.0.0 Safari/537.36',1,'2026-02-27 14:41:57.758377'),(43,'romina','181.30.1.45','Mozilla/5.0 (Windows NT 10.0; Win64; x64) AppleWebKit/537.36 (KHTML, like Gecko) Chrome/145.0.0.0 Safari/537.36',1,'2026-02-27 15:47:08.930383'),(44,'romina','181.30.1.45','Mozilla/5.0 (Windows NT 10.0; Win64; x64) AppleWebKit/537.36 (KHTML, like Gecko) Chrome/145.0.0.0 Safari/537.36',1,'2026-02-27 19:28:23.589613'),(45,'romina','190.48.197.56','Mozilla/5.0 (Windows NT 10.0; Win64; x64) AppleWebKit/537.36 (KHTML, like Gecko) Chrome/145.0.0.0 Safari/537.36',1,'2026-02-28 12:45:26.676980'),(46,'romina','190.48.197.56','Mozilla/5.0 (Windows NT 10.0; Win64; x64) AppleWebKit/537.36 (KHTML, like Gecko) Chrome/145.0.0.0 Safari/537.36',1,'2026-02-28 13:45:35.161923'),(47,'admin','190.48.197.56','Mozilla/5.0 (Windows NT 10.0; Win64; x64) AppleWebKit/537.36 (KHTML, like Gecko) Chrome/145.0.0.0 Safari/537.36',1,'2026-02-28 14:37:18.788738'),(48,'romina','190.48.197.56','Mozilla/5.0 (Windows NT 10.0; Win64; x64) AppleWebKit/537.36 (KHTML, like Gecko) Chrome/145.0.0.0 Safari/537.36',1,'2026-02-28 15:07:13.961206'),(49,'romina','190.48.197.56','Mozilla/5.0 (Windows NT 10.0; Win64; x64) AppleWebKit/537.36 (KHTML, like Gecko) Chrome/145.0.0.0 Safari/537.36',1,'2026-02-28 15:09:30.380777'),(50,'admin','190.48.197.56','Mozilla/5.0 (Windows NT 10.0; Win64; x64) AppleWebKit/537.36 (KHTML, like Gecko) Chrome/145.0.0.0 Safari/537.36',1,'2026-03-02 17:28:55.622789'),(51,'admin','152.168.206.173','Mozilla/5.0 (Windows NT 10.0; Win64; x64) AppleWebKit/537.36 (KHTML, like Gecko) Chrome/145.0.0.0 Safari/537.36',1,'2026-03-02 23:09:21.329085'),(52,'romina','152.168.206.173','Mozilla/5.0 (Windows NT 10.0; Win64; x64) AppleWebKit/537.36 (KHTML, like Gecko) Chrome/145.0.0.0 Safari/537.36',1,'2026-03-03 14:48:01.511570'),(53,'admin','152.168.206.173','Mozilla/5.0 (Windows NT 10.0; Win64; x64) AppleWebKit/537.36 (KHTML, like Gecko) Chrome/145.0.0.0 Safari/537.36',1,'2026-03-03 15:01:24.596350'),(54,'romina','190.48.208.70','Mozilla/5.0 (Windows NT 10.0; Win64; x64) AppleWebKit/537.36 (KHTML, like Gecko) Chrome/145.0.0.0 Safari/537.36',1,'2026-03-03 18:36:44.365080'),(55,'admin','190.48.208.70','Mozilla/5.0 (Windows NT 10.0; Win64; x64) AppleWebKit/537.36 (KHTML, like Gecko) Chrome/145.0.0.0 Safari/537.36',1,'2026-03-03 18:45:16.647875'),(56,'adm','181.238.71.50','Mozilla/5.0 (Linux; Android 10; K) AppleWebKit/537.36 (KHTML, like Gecko) Chrome/145.0.0.0 Mobile Safari/537.36',0,'2026-03-04 00:30:23.037574'),(57,'admina','181.238.71.50','Mozilla/5.0 (Linux; Android 10; K) AppleWebKit/537.36 (KHTML, like Gecko) Chrome/145.0.0.0 Mobile Safari/537.36',0,'2026-03-04 00:30:38.342695'),(58,'admina','181.238.71.50','Mozilla/5.0 (Linux; Android 10; K) AppleWebKit/537.36 (KHTML, like Gecko) Chrome/145.0.0.0 Mobile Safari/537.36',0,'2026-03-04 00:30:39.187494'),(59,'admin','181.238.71.50','Mozilla/5.0 (Linux; Android 10; K) AppleWebKit/537.36 (KHTML, like Gecko) Chrome/145.0.0.0 Mobile Safari/537.36',1,'2026-03-04 00:30:47.377650'),(60,'admin','190.48.208.70','Mozilla/5.0 (Windows NT 10.0; Win64; x64) AppleWebKit/537.36 (KHTML, like Gecko) Chrome/145.0.0.0 Safari/537.36',1,'2026-03-04 14:03:30.589302'),(61,'admin','190.48.208.70','Mozilla/5.0 (Windows NT 10.0; Win64; x64) AppleWebKit/537.36 (KHTML, like Gecko) Chrome/145.0.0.0 Safari/537.36',1,'2026-03-04 17:46:03.988342'),(62,'Romina','152.168.206.173','Mozilla/5.0 (iPhone; CPU iPhone OS 18_7 like Mac OS X) AppleWebKit/605.1.15 (KHTML, like Gecko) Version/26.3 Mobile/15E148 Safari/604.1',0,'2026-03-05 00:43:05.150299'),(63,'admin','152.168.206.173','Mozilla/5.0 (iPhone; CPU iPhone OS 18_7 like Mac OS X) AppleWebKit/605.1.15 (KHTML, like Gecko) Version/26.3 Mobile/15E148 Safari/604.1',0,'2026-03-05 00:43:32.931193'),(64,'admin','152.168.206.173','Mozilla/5.0 (iPhone; CPU iPhone OS 18_7 like Mac OS X) AppleWebKit/605.1.15 (KHTML, like Gecko) Version/26.3 Mobile/15E148 Safari/604.1',1,'2026-03-05 00:43:46.620054'),(65,'admin','152.168.206.173','Mozilla/5.0 (iPhone; CPU iPhone OS 18_7 like Mac OS X) AppleWebKit/605.1.15 (KHTML, like Gecko) Version/26.3 Mobile/15E148 Safari/604.1',0,'2026-03-05 00:46:11.547583'),(66,'admin','152.168.206.173','Mozilla/5.0 (Linux; Android 10; K) AppleWebKit/537.36 (KHTML, like Gecko) Chrome/145.0.0.0 Mobile Safari/537.36',1,'2026-03-05 01:05:45.747984'),(67,'admin','152.168.206.173','Mozilla/5.0 (iPhone; CPU iPhone OS 18_7 like Mac OS X) AppleWebKit/605.1.15 (KHTML, like Gecko) Version/26.3 Mobile/15E148 Safari/604.1',1,'2026-03-05 01:09:43.088885'),(68,'admin','190.48.208.70','Mozilla/5.0 (Windows NT 10.0; Win64; x64) AppleWebKit/537.36 (KHTML, like Gecko) Chrome/145.0.0.0 Safari/537.36',1,'2026-03-05 13:56:57.256113'),(69,'admin','152.168.206.173','Mozilla/5.0 (Windows NT 10.0; Win64; x64) AppleWebKit/537.36 (KHTML, like Gecko) Chrome/145.0.0.0 Safari/537.36',1,'2026-03-05 14:29:30.148090'),(70,'admin','152.168.206.173','Mozilla/5.0 (Linux; Android 10; K) AppleWebKit/537.36 (KHTML, like Gecko) Chrome/145.0.0.0 Mobile Safari/537.36',1,'2026-03-05 14:55:15.083550'),(71,'admin','190.48.208.70','Mozilla/5.0 (Windows NT 10.0; Win64; x64) AppleWebKit/537.36 (KHTML, like Gecko) Chrome/145.0.0.0 Safari/537.36',1,'2026-03-05 15:26:25.066745'),(72,'admin','152.168.206.173','Mozilla/5.0 (Windows NT 10.0; Win64; x64) AppleWebKit/537.36 (KHTML, like Gecko) Chrome/145.0.0.0 Safari/537.36',1,'2026-03-05 16:54:30.129567'),(73,'admin','152.168.206.173','Mozilla/5.0 (Windows NT 10.0; Win64; x64) AppleWebKit/537.36 (KHTML, like Gecko) Chrome/145.0.0.0 Safari/537.36',1,'2026-03-05 16:55:16.947983'),(74,'admin','152.168.206.173','Mozilla/5.0 (Linux; Android 10; K) AppleWebKit/537.36 (KHTML, like Gecko) Chrome/145.0.0.0 Mobile Safari/537.36',1,'2026-03-05 17:09:39.108819'),(75,'admin','152.168.206.173','Mozilla/5.0 (Linux; Android 10; K) AppleWebKit/537.36 (KHTML, like Gecko) Chrome/145.0.0.0 Mobile Safari/537.36',1,'2026-03-05 17:58:38.526365'),(76,'romina','152.168.206.173','Mozilla/5.0 (Windows NT 10.0; Win64; x64) AppleWebKit/537.36 (KHTML, like Gecko) Chrome/145.0.0.0 Safari/537.36',1,'2026-03-05 18:33:13.959937'),(77,'admin123','181.239.22.10','Mozilla/5.0 (Linux; Android 10; K) AppleWebKit/537.36 (KHTML, like Gecko) Chrome/145.0.0.0 Mobile Safari/537.36',0,'2026-03-05 23:15:14.488302'),(78,'admin','181.239.22.10','Mozilla/5.0 (Linux; Android 10; K) AppleWebKit/537.36 (KHTML, like Gecko) Chrome/145.0.0.0 Mobile Safari/537.36',1,'2026-03-05 23:15:23.496252'),(79,'romina','190.48.208.70','Mozilla/5.0 (Windows NT 10.0; Win64; x64) AppleWebKit/537.36 (KHTML, like Gecko) Chrome/145.0.0.0 Safari/537.36',1,'2026-03-06 14:38:48.945033'),(80,'admin','190.48.208.70','Mozilla/5.0 (Windows NT 10.0; Win64; x64) AppleWebKit/537.36 (KHTML, like Gecko) Chrome/145.0.0.0 Safari/537.36',1,'2026-03-06 14:55:26.946064'),(81,'romina','190.48.208.70','Mozilla/5.0 (Windows NT 10.0; Win64; x64) AppleWebKit/537.36 (KHTML, like Gecko) Chrome/145.0.0.0 Safari/537.36',0,'2026-03-06 14:58:22.201527'),(82,'admin','190.48.208.70','Mozilla/5.0 (Windows NT 10.0; Win64; x64) AppleWebKit/537.36 (KHTML, like Gecko) Chrome/145.0.0.0 Safari/537.36',1,'2026-03-06 14:58:31.832825'),(83,'admin','190.48.208.70','Mozilla/5.0 (Windows NT 10.0; Win64; x64) AppleWebKit/537.36 (KHTML, like Gecko) Chrome/145.0.0.0 Safari/537.36',1,'2026-03-06 15:30:15.288128'),(84,'admin','190.48.208.70','Mozilla/5.0 (Windows NT 10.0; Win64; x64) AppleWebKit/537.36 (KHTML, like Gecko) Chrome/145.0.0.0 Safari/537.36',1,'2026-03-06 16:03:25.879895'),(85,'admin','190.48.208.70','Mozilla/5.0 (Windows NT 10.0; Win64; x64) AppleWebKit/537.36 (KHTML, like Gecko) Chrome/145.0.0.0 Safari/537.36',1,'2026-03-06 16:35:43.408759'),(86,'dario','190.48.208.70','Mozilla/5.0 (Windows NT 10.0; Win64; x64) AppleWebKit/537.36 (KHTML, like Gecko) Chrome/145.0.0.0 Safari/537.36',1,'2026-03-06 16:38:23.110233'),(87,'admin','190.48.208.70','Mozilla/5.0 (Windows NT 10.0; Win64; x64) AppleWebKit/537.36 (KHTML, like Gecko) Chrome/145.0.0.0 Safari/537.36',1,'2026-03-06 16:41:16.924775'),(88,'admin','190.48.208.70','Mozilla/5.0 (Windows NT 10.0; Win64; x64) AppleWebKit/537.36 (KHTML, like Gecko) Chrome/145.0.0.0 Safari/537.36',1,'2026-03-06 17:13:55.970109'),(89,'admin','190.48.208.70','Mozilla/5.0 (Windows NT 10.0; Win64; x64) AppleWebKit/537.36 (KHTML, like Gecko) Chrome/145.0.0.0 Safari/537.36',1,'2026-03-06 17:46:37.151781'),(90,'admin','190.48.208.70','Mozilla/5.0 (Windows NT 10.0; Win64; x64) AppleWebKit/537.36 (KHTML, like Gecko) Chrome/145.0.0.0 Safari/537.36',1,'2026-03-06 18:50:40.276655'),(91,'admin','190.48.208.70','Mozilla/5.0 (Windows NT 10.0; Win64; x64) AppleWebKit/537.36 (KHTML, like Gecko) Chrome/145.0.0.0 Safari/537.36',1,'2026-03-06 18:50:41.144200'),(92,'admin','190.48.208.70','Mozilla/5.0 (Windows NT 10.0; Win64; x64) AppleWebKit/537.36 (KHTML, like Gecko) Chrome/145.0.0.0 Safari/537.36',1,'2026-03-06 19:22:06.808532'),(93,'admin','190.48.208.70','Mozilla/5.0 (Windows NT 10.0; Win64; x64) AppleWebKit/537.36 (KHTML, like Gecko) Chrome/145.0.0.0 Safari/537.36',1,'2026-03-06 19:40:55.779707'),(94,'admin','190.48.211.203','Mozilla/5.0 (Windows NT 10.0; Win64; x64) AppleWebKit/537.36 (KHTML, like Gecko) Chrome/145.0.0.0 Safari/537.36',1,'2026-03-07 12:33:38.431375'),(95,'admin','190.48.211.203','Mozilla/5.0 (Windows NT 10.0; Win64; x64) AppleWebKit/537.36 (KHTML, like Gecko) Chrome/145.0.0.0 Safari/537.36',1,'2026-03-07 12:40:22.679683'),(96,'admin','152.168.206.173','Mozilla/5.0 (Windows NT 10.0; Win64; x64) AppleWebKit/537.36 (KHTML, like Gecko) Chrome/145.0.0.0 Safari/537.36',1,'2026-03-07 21:48:16.229457'),(97,'admin','152.168.206.173','Mozilla/5.0 (Windows NT 10.0; Win64; x64) AppleWebKit/537.36 (KHTML, like Gecko) Chrome/145.0.0.0 Safari/537.36',1,'2026-03-08 00:01:35.758927'),(98,'admin','152.168.206.173','Mozilla/5.0 (Windows NT 10.0; Win64; x64) AppleWebKit/537.36 (KHTML, like Gecko) Chrome/145.0.0.0 Safari/537.36',1,'2026-03-08 11:59:11.231941'),(99,'admin','152.168.206.173','Mozilla/5.0 (Windows NT 10.0; Win64; x64) AppleWebKit/537.36 (KHTML, like Gecko) Chrome/145.0.0.0 Safari/537.36',1,'2026-03-08 13:50:48.867233'),(100,'admin','152.168.206.173','Mozilla/5.0 (Windows NT 10.0; Win64; x64) AppleWebKit/537.36 (KHTML, like Gecko) Chrome/145.0.0.0 Safari/537.36',1,'2026-03-08 19:06:18.834277'),(101,'admin','152.168.206.173','Mozilla/5.0 (Windows NT 10.0; Win64; x64) AppleWebKit/537.36 (KHTML, like Gecko) Chrome/145.0.0.0 Safari/537.36',1,'2026-03-08 19:26:17.292884'),(102,'admin','152.168.206.173','Mozilla/5.0 (Windows NT 10.0; Win64; x64) AppleWebKit/537.36 (KHTML, like Gecko) Chrome/145.0.0.0 Safari/537.36',1,'2026-03-08 21:06:33.219234'),(103,'admin','152.168.206.173','Mozilla/5.0 (Windows NT 10.0; Win64; x64) AppleWebKit/537.36 (KHTML, like Gecko) Chrome/145.0.0.0 Safari/537.36',1,'2026-03-08 21:54:16.335812'),(104,'admin','152.168.206.173','Mozilla/5.0 (Windows NT 10.0; Win64; x64) AppleWebKit/537.36 (KHTML, like Gecko) Chrome/145.0.0.0 Safari/537.36',1,'2026-03-08 22:06:30.787579'),(105,'admin','152.168.206.173','Mozilla/5.0 (Windows NT 10.0; Win64; x64) AppleWebKit/537.36 (KHTML, like Gecko) Chrome/145.0.0.0 Safari/537.36',1,'2026-03-08 22:11:06.639259'),(106,'admin','152.168.206.173','Mozilla/5.0 (Windows NT 10.0; Win64; x64) AppleWebKit/537.36 (KHTML, like Gecko) Chrome/145.0.0.0 Safari/537.36',1,'2026-03-08 22:31:53.359084'),(107,'admin','152.168.206.173','Mozilla/5.0 (Windows NT 10.0; Win64; x64) AppleWebKit/537.36 (KHTML, like Gecko) Chrome/145.0.0.0 Safari/537.36',1,'2026-03-09 00:06:46.880672'),(108,'Admin','181.239.157.141','Mozilla/5.0 (Linux; Android 10; K) AppleWebKit/537.36 (KHTML, like Gecko) Chrome/145.0.0.0 Mobile Safari/537.36',1,'2026-03-09 00:35:41.806450'),(109,'Admin','181.239.157.141','Mozilla/5.0 (Linux; Android 10; K) AppleWebKit/537.36 (KHTML, like Gecko) Chrome/145.0.0.0 Mobile Safari/537.36',1,'2026-03-09 03:06:16.158567'),(110,'admin','190.48.211.203','Mozilla/5.0 (Windows NT 10.0; Win64; x64) AppleWebKit/537.36 (KHTML, like Gecko) Chrome/145.0.0.0 Safari/537.36',1,'2026-03-09 11:16:58.802125'),(111,'admin','190.48.211.203','Mozilla/5.0 (Windows NT 10.0; Win64; x64) AppleWebKit/537.36 (KHTML, like Gecko) Chrome/145.0.0.0 Safari/537.36',1,'2026-03-09 11:20:51.484760'),(112,'admin','190.48.211.203','Mozilla/5.0 (Windows NT 10.0; Win64; x64) AppleWebKit/537.36 (KHTML, like Gecko) Chrome/145.0.0.0 Safari/537.36',1,'2026-03-09 13:23:58.683591'),(113,'admin','190.48.211.203','Mozilla/5.0 (Windows NT 10.0; Win64; x64) AppleWebKit/537.36 (KHTML, like Gecko) Chrome/145.0.0.0 Safari/537.36',1,'2026-03-09 13:24:23.539774'),(114,'admin','190.48.211.203','Mozilla/5.0 (Windows NT 10.0; Win64; x64) AppleWebKit/537.36 (KHTML, like Gecko) Chrome/145.0.0.0 Safari/537.36',1,'2026-03-09 13:42:19.214282'),(115,'admin','190.48.211.203','Mozilla/5.0 (Windows NT 10.0; Win64; x64) AppleWebKit/537.36 (KHTML, like Gecko) Chrome/145.0.0.0 Safari/537.36',1,'2026-03-09 14:53:02.900360'),(116,'admin','190.48.211.203','Mozilla/5.0 (Windows NT 10.0; Win64; x64) AppleWebKit/537.36 (KHTML, like Gecko) Chrome/145.0.0.0 Safari/537.36',1,'2026-03-09 19:07:25.682083'),(117,'admin','190.48.211.203','Mozilla/5.0 (Windows NT 10.0; Win64; x64) AppleWebKit/537.36 (KHTML, like Gecko) Chrome/145.0.0.0 Safari/537.36',1,'2026-03-09 19:12:58.989935'),(118,'admin','152.168.206.173','Mozilla/5.0 (Windows NT 10.0; Win64; x64) AppleWebKit/537.36 (KHTML, like Gecko) Chrome/145.0.0.0 Safari/537.36',1,'2026-03-09 22:34:42.259259'),(119,'Dario','152.168.206.173','Mozilla/5.0 (Linux; Android 10; K) AppleWebKit/537.36 (KHTML, like Gecko) Chrome/145.0.0.0 Mobile Safari/537.36',1,'2026-03-10 01:02:47.849211'),(120,'Dario','152.168.206.173','Mozilla/5.0 (Linux; Android 10; K) AppleWebKit/537.36 (KHTML, like Gecko) Chrome/145.0.0.0 Mobile Safari/537.36',1,'2026-03-10 01:03:36.570419'),(121,'dario','190.48.211.203','Mozilla/5.0 (Windows NT 10.0; Win64; x64) AppleWebKit/537.36 (KHTML, like Gecko) Chrome/145.0.0.0 Safari/537.36',1,'2026-03-10 11:31:07.659802'),(122,'dario','190.48.211.203','Mozilla/5.0 (Windows NT 10.0; Win64; x64) AppleWebKit/537.36 (KHTML, like Gecko) Chrome/145.0.0.0 Safari/537.36',0,'2026-03-10 11:45:33.829090'),(123,'dario','190.48.211.203','Mozilla/5.0 (Windows NT 10.0; Win64; x64) AppleWebKit/537.36 (KHTML, like Gecko) Chrome/145.0.0.0 Safari/537.36',1,'2026-03-10 11:46:15.428109'),(124,'dario','190.48.211.203','Mozilla/5.0 (Windows NT 10.0; Win64; x64) AppleWebKit/537.36 (KHTML, like Gecko) Chrome/145.0.0.0 Safari/537.36',0,'2026-03-10 11:50:08.679674'),(125,'dario','190.48.211.203','Mozilla/5.0 (Windows NT 10.0; Win64; x64) AppleWebKit/537.36 (KHTML, like Gecko) Chrome/145.0.0.0 Safari/537.36',1,'2026-03-10 11:59:12.145867'),(126,'admin','190.48.211.203','Mozilla/5.0 (Windows NT 10.0; Win64; x64) AppleWebKit/537.36 (KHTML, like Gecko) Chrome/145.0.0.0 Safari/537.36',1,'2026-03-10 11:59:33.040935'),(127,'admin','190.48.211.203','Mozilla/5.0 (Windows NT 10.0; Win64; x64) AppleWebKit/537.36 (KHTML, like Gecko) Chrome/145.0.0.0 Safari/537.36',0,'2026-03-10 11:59:59.668648'),(128,'Dario','190.48.211.203','Mozilla/5.0 (Linux; Android 10; K) AppleWebKit/537.36 (KHTML, like Gecko) Chrome/145.0.0.0 Mobile Safari/537.36',1,'2026-03-10 12:01:30.634217'),(129,'admin','190.48.211.203','Mozilla/5.0 (Windows NT 10.0; Win64; x64) AppleWebKit/537.36 (KHTML, like Gecko) Chrome/145.0.0.0 Safari/537.36',1,'2026-03-10 12:10:02.883080'),(130,'admin','190.48.211.203','Mozilla/5.0 (Windows NT 10.0; Win64; x64) AppleWebKit/537.36 (KHTML, like Gecko) Chrome/145.0.0.0 Safari/537.36',1,'2026-03-10 12:55:21.176780'),(131,'dario','190.48.211.203','Mozilla/5.0 (Windows NT 10.0; Win64; x64) AppleWebKit/537.36 (KHTML, like Gecko) Chrome/145.0.0.0 Safari/537.36',1,'2026-03-10 13:06:38.628972'),(132,'cristian','190.48.211.203','Mozilla/5.0 (Windows NT 10.0; Win64; x64) AppleWebKit/537.36 (KHTML, like Gecko) Chrome/145.0.0.0 Safari/537.36',1,'2026-03-10 14:48:11.110240'),(133,'admin','190.48.211.203','Mozilla/5.0 (Windows NT 10.0; Win64; x64) AppleWebKit/537.36 (KHTML, like Gecko) Chrome/145.0.0.0 Safari/537.36',1,'2026-03-10 15:16:57.269170'),(134,'dario','190.48.211.203','Mozilla/5.0 (Windows NT 10.0; Win64; x64) AppleWebKit/537.36 (KHTML, like Gecko) Chrome/145.0.0.0 Safari/537.36',1,'2026-03-10 15:46:44.188982'),(135,'dario','190.48.211.203','Mozilla/5.0 (Windows NT 10.0; Win64; x64) AppleWebKit/537.36 (KHTML, like Gecko) Chrome/145.0.0.0 Safari/537.36',1,'2026-03-10 17:00:06.502490'),(136,'admin','152.168.206.173','Mozilla/5.0 (Windows NT 10.0; Win64; x64) AppleWebKit/537.36 (KHTML, like Gecko) Chrome/145.0.0.0 Safari/537.36',1,'2026-03-11 04:00:29.031832'),(137,'admin','152.168.206.173','Mozilla/5.0 (Windows NT 10.0; Win64; x64) AppleWebKit/537.36 (KHTML, like Gecko) Chrome/145.0.0.0 Safari/537.36',1,'2026-03-11 11:39:21.003790'),(138,'admin','186.139.151.245','Mozilla/5.0 (Windows NT 10.0; Win64; x64) AppleWebKit/537.36 (KHTML, like Gecko) Chrome/145.0.0.0 Safari/537.36',1,'2026-03-11 14:51:56.041138'),(139,'dario','190.48.214.52','Mozilla/5.0 (Windows NT 10.0; Win64; x64) AppleWebKit/537.36 (KHTML, like Gecko) Chrome/145.0.0.0 Safari/537.36',1,'2026-03-11 15:54:18.800626'),(140,'dario','190.48.214.52','Mozilla/5.0 (Windows NT 10.0; Win64; x64) AppleWebKit/537.36 (KHTML, like Gecko) Chrome/145.0.0.0 Safari/537.36',1,'2026-03-11 17:23:54.496322'),(141,'Dario','152.168.206.173','Mozilla/5.0 (Linux; Android 10; K) AppleWebKit/537.36 (KHTML, like Gecko) Chrome/145.0.0.0 Mobile Safari/537.36',1,'2026-03-11 23:18:51.303523'),(142,'Dario','152.168.206.173','Mozilla/5.0 (Linux; Android 10; K) AppleWebKit/537.36 (KHTML, like Gecko) Chrome/145.0.0.0 Mobile Safari/537.36',1,'2026-03-11 23:19:21.863576'),(143,'romina','190.48.214.52','Mozilla/5.0 (Windows NT 10.0; Win64; x64) AppleWebKit/537.36 (KHTML, like Gecko) Chrome/145.0.0.0 Safari/537.36',0,'2026-03-12 13:18:14.019904'),(144,'romina','190.48.214.52','Mozilla/5.0 (Windows NT 10.0; Win64; x64) AppleWebKit/537.36 (KHTML, like Gecko) Chrome/145.0.0.0 Safari/537.36',0,'2026-03-12 13:18:34.241809'),(145,'admin','190.48.214.52','Mozilla/5.0 (Windows NT 10.0; Win64; x64) AppleWebKit/537.36 (KHTML, like Gecko) Chrome/145.0.0.0 Safari/537.36',1,'2026-03-12 13:19:11.138195'),(146,'romina','190.48.214.52','Mozilla/5.0 (Windows NT 10.0; Win64; x64) AppleWebKit/537.36 (KHTML, like Gecko) Chrome/145.0.0.0 Safari/537.36',1,'2026-03-12 13:19:56.751293'),(147,'romina','190.48.214.52','Mozilla/5.0 (Windows NT 10.0; Win64; x64) AppleWebKit/537.36 (KHTML, like Gecko) Chrome/145.0.0.0 Safari/537.36',1,'2026-03-12 13:20:03.236672'),(148,'romina','190.48.214.52','Mozilla/5.0 (Windows NT 10.0; Win64; x64) AppleWebKit/537.36 (KHTML, like Gecko) Chrome/145.0.0.0 Safari/537.36',0,'2026-03-12 13:20:03.695845'),(149,'romina','190.48.214.52','Mozilla/5.0 (Windows NT 10.0; Win64; x64) AppleWebKit/537.36 (KHTML, like Gecko) Chrome/145.0.0.0 Safari/537.36',0,'2026-03-12 13:20:31.838958'),(150,'romina','190.48.214.52','Mozilla/5.0 (Windows NT 10.0; Win64; x64) AppleWebKit/537.36 (KHTML, like Gecko) Chrome/145.0.0.0 Safari/537.36',1,'2026-03-12 13:20:46.404547'),(151,'romina','190.48.214.52','Mozilla/5.0 (Windows NT 10.0; Win64; x64) AppleWebKit/537.36 (KHTML, like Gecko) Chrome/145.0.0.0 Safari/537.36',0,'2026-03-12 13:20:54.576147'),(152,'romina','190.48.214.52','Mozilla/5.0 (Windows NT 10.0; Win64; x64) AppleWebKit/537.36 (KHTML, like Gecko) Chrome/145.0.0.0 Safari/537.36',1,'2026-03-12 14:15:46.577427'),(153,'romina','190.48.214.52','Mozilla/5.0 (Windows NT 10.0; Win64; x64) AppleWebKit/537.36 (KHTML, like Gecko) Chrome/145.0.0.0 Safari/537.36',1,'2026-03-12 14:16:07.338317'),(154,'romina','190.48.214.52','Mozilla/5.0 (Windows NT 10.0; Win64; x64) AppleWebKit/537.36 (KHTML, like Gecko) Chrome/145.0.0.0 Safari/537.36',1,'2026-03-12 14:17:17.451192'),(155,'romina','190.48.214.52','Mozilla/5.0 (Windows NT 10.0; Win64; x64) AppleWebKit/537.36 (KHTML, like Gecko) Chrome/145.0.0.0 Safari/537.36',1,'2026-03-12 14:22:59.164717'),(156,'admin','190.48.214.52','Mozilla/5.0 (Windows NT 10.0; Win64; x64) AppleWebKit/537.36 (KHTML, like Gecko) Chrome/145.0.0.0 Safari/537.36',1,'2026-03-12 14:23:54.395719'),(157,'romina','190.48.214.52','Mozilla/5.0 (Windows NT 10.0; Win64; x64) AppleWebKit/537.36 (KHTML, like Gecko) Chrome/145.0.0.0 Safari/537.36',1,'2026-03-12 14:24:13.252507'),(158,'romina','190.48.214.52','Mozilla/5.0 (Windows NT 10.0; Win64; x64) AppleWebKit/537.36 (KHTML, like Gecko) Chrome/145.0.0.0 Safari/537.36',1,'2026-03-12 14:40:10.340760'),(159,'admin','190.48.214.52','Mozilla/5.0 (Windows NT 10.0; Win64; x64) AppleWebKit/537.36 (KHTML, like Gecko) Chrome/145.0.0.0 Safari/537.36',1,'2026-03-12 16:35:56.382848'),(160,'dario','190.48.214.52','Mozilla/5.0 (Windows NT 10.0; Win64; x64) AppleWebKit/537.36 (KHTML, like Gecko) Chrome/146.0.0.0 Safari/537.36',1,'2026-03-12 16:38:13.151057'),(161,'admin','190.48.214.52','Mozilla/5.0 (Windows NT 10.0; Win64; x64) AppleWebKit/537.36 (KHTML, like Gecko) Chrome/145.0.0.0 Safari/537.36',1,'2026-03-12 16:59:29.644074'),(162,'kiara','190.48.214.52','Mozilla/5.0 (Windows NT 10.0; Win64; x64) AppleWebKit/537.36 (KHTML, like Gecko) Chrome/145.0.0.0 Safari/537.36',1,'2026-03-12 17:11:43.943556'),(163,'kiara','190.48.214.52','Mozilla/5.0 (Windows NT 10.0; Win64; x64) AppleWebKit/537.36 (KHTML, like Gecko) Chrome/145.0.0.0 Safari/537.36',1,'2026-03-12 17:12:49.876527'),(164,'dario','190.48.214.52','Mozilla/5.0 (Windows NT 10.0; Win64; x64) AppleWebKit/537.36 (KHTML, like Gecko) Chrome/146.0.0.0 Safari/537.36',1,'2026-03-12 17:42:54.889875'),(165,'romina','190.48.214.52','Mozilla/5.0 (Windows NT 10.0; Win64; x64) AppleWebKit/537.36 (KHTML, like Gecko) Chrome/145.0.0.0 Safari/537.36',1,'2026-03-12 17:59:51.950658'),(166,'romina','190.48.214.52','Mozilla/5.0 (Windows NT 10.0; Win64; x64) AppleWebKit/537.36 (KHTML, like Gecko) Chrome/145.0.0.0 Safari/537.36',1,'2026-03-12 18:46:47.926314'),(167,'dario','190.48.193.13','Mozilla/5.0 (Windows NT 10.0; Win64; x64) AppleWebKit/537.36 (KHTML, like Gecko) Chrome/146.0.0.0 Safari/537.36',1,'2026-03-12 19:52:59.079606'),(168,'dario','152.168.206.173','Mozilla/5.0 (Windows NT 10.0; Win64; x64) AppleWebKit/537.36 (KHTML, like Gecko) Chrome/146.0.0.0 Safari/537.36',1,'2026-03-12 21:25:10.315877'),(169,'admin','152.168.206.173','Mozilla/5.0 (Windows NT 10.0; Win64; x64) AppleWebKit/537.36 (KHTML, like Gecko) Chrome/145.0.0.0 Safari/537.36',1,'2026-03-13 11:09:12.052565'),(170,'admin','152.168.235.81','Mozilla/5.0 (Windows NT 10.0; Win64; x64) AppleWebKit/537.36 (KHTML, like Gecko) Chrome/145.0.0.0 Safari/537.36',1,'2026-03-13 13:01:57.287799'),(171,'admin','152.168.206.173','Mozilla/5.0 (Windows NT 10.0; Win64; x64) AppleWebKit/537.36 (KHTML, like Gecko) Chrome/145.0.0.0 Safari/537.36',1,'2026-03-13 21:40:46.246216'),(172,'dario','152.168.206.173','Mozilla/5.0 (Windows NT 10.0; Win64; x64) AppleWebKit/537.36 (KHTML, like Gecko) Chrome/146.0.0.0 Safari/537.36',1,'2026-03-13 21:41:14.466895'),(173,'dario','152.168.206.173','Mozilla/5.0 (Windows NT 10.0; Win64; x64) AppleWebKit/537.36 (KHTML, like Gecko) Chrome/146.0.0.0 Safari/537.36',1,'2026-03-13 22:02:42.561074'),(174,'dario','152.168.206.173','Mozilla/5.0 (Windows NT 10.0; Win64; x64) AppleWebKit/537.36 (KHTML, like Gecko) Chrome/146.0.0.0 Safari/537.36',1,'2026-03-13 22:10:58.809829'),(175,'dario','181.92.58.103','Mozilla/5.0 (Windows NT 10.0; Win64; x64) AppleWebKit/537.36 (KHTML, like Gecko) Chrome/146.0.0.0 Safari/537.36',1,'2026-03-14 11:49:42.742036'),(176,'dario','181.92.58.103','Mozilla/5.0 (Windows NT 10.0; Win64; x64) AppleWebKit/537.36 (KHTML, like Gecko) Chrome/146.0.0.0 Safari/537.36',1,'2026-03-14 12:10:10.821067'),(177,'dario','181.92.58.103','Mozilla/5.0 (Windows NT 10.0; Win64; x64) AppleWebKit/537.36 (KHTML, like Gecko) Chrome/146.0.0.0 Safari/537.36',0,'2026-03-14 12:10:11.483202'),(178,'dario','181.92.58.103','Mozilla/5.0 (Windows NT 10.0; Win64; x64) AppleWebKit/537.36 (KHTML, like Gecko) Chrome/146.0.0.0 Safari/537.36',1,'2026-03-14 12:10:19.117293'),(179,'dario','181.92.58.103','Mozilla/5.0 (Windows NT 10.0; Win64; x64) AppleWebKit/537.36 (KHTML, like Gecko) Chrome/146.0.0.0 Safari/537.36',1,'2026-03-14 12:11:00.864454'),(180,'admin','152.168.206.173','Mozilla/5.0 (Windows NT 10.0; Win64; x64) AppleWebKit/537.36 (KHTML, like Gecko) Chrome/145.0.0.0 Safari/537.36',1,'2026-03-14 21:35:55.092455'),(181,'admin','152.168.206.173','Mozilla/5.0 (Windows NT 10.0; Win64; x64) AppleWebKit/537.36 (KHTML, like Gecko) Chrome/145.0.0.0 Safari/537.36',1,'2026-03-14 21:36:04.768209'),(182,'dario','152.168.206.173','Mozilla/5.0 (Windows NT 10.0; Win64; x64) AppleWebKit/537.36 (KHTML, like Gecko) Chrome/146.0.0.0 Safari/537.36',1,'2026-03-14 21:53:24.038499'),(183,'dario','152.168.206.173','Mozilla/5.0 (Windows NT 10.0; Win64; x64) AppleWebKit/537.36 (KHTML, like Gecko) Chrome/146.0.0.0 Safari/537.36',1,'2026-03-15 19:39:36.256544'),(184,'dario','152.168.206.173','Mozilla/5.0 (Windows NT 10.0; Win64; x64) AppleWebKit/537.36 (KHTML, like Gecko) Chrome/146.0.0.0 Safari/537.36',1,'2026-03-15 19:49:32.738406'),(185,'admin','152.168.206.173','Mozilla/5.0 (Windows NT 10.0; Win64; x64) AppleWebKit/537.36 (KHTML, like Gecko) Chrome/145.0.0.0 Safari/537.36',1,'2026-03-15 19:57:21.467857'),(186,'dario','152.168.206.173','Mozilla/5.0 (Windows NT 10.0; Win64; x64) AppleWebKit/537.36 (KHTML, like Gecko) Chrome/146.0.0.0 Safari/537.36',1,'2026-03-15 20:03:44.480000'),(187,'dario','152.168.206.173','Mozilla/5.0 (Windows NT 10.0; Win64; x64) AppleWebKit/537.36 (KHTML, like Gecko) Chrome/146.0.0.0 Safari/537.36',1,'2026-03-15 20:04:56.863888'),(188,'dario','152.168.206.173','Mozilla/5.0 (Windows NT 10.0; Win64; x64) AppleWebKit/537.36 (KHTML, like Gecko) Chrome/146.0.0.0 Safari/537.36',1,'2026-03-15 23:47:10.495939'),(189,'dario','152.168.206.173','Mozilla/5.0 (Windows NT 10.0; Win64; x64) AppleWebKit/537.36 (KHTML, like Gecko) Chrome/146.0.0.0 Safari/537.36',1,'2026-03-16 01:44:13.010196'),(190,'dario','190.48.193.13','Mozilla/5.0 (Windows NT 10.0; Win64; x64) AppleWebKit/537.36 (KHTML, like Gecko) Chrome/145.0.0.0 Safari/537.36',1,'2026-03-16 12:19:30.441041'),(191,'dario','152.168.206.173','Mozilla/5.0 (Windows NT 10.0; Win64; x64) AppleWebKit/537.36 (KHTML, like Gecko) Chrome/146.0.0.0 Safari/537.36',1,'2026-03-16 21:32:27.587418'),(192,'romina','152.168.206.173','Mozilla/5.0 (Windows NT 10.0; Win64; x64) AppleWebKit/537.36 (KHTML, like Gecko) Chrome/145.0.0.0 Safari/537.36',1,'2026-03-16 21:41:24.309927'),(193,'dario','190.48.217.119','Mozilla/5.0 (Windows NT 10.0; Win64; x64) AppleWebKit/537.36 (KHTML, like Gecko) Chrome/146.0.0.0 Safari/537.36',1,'2026-03-17 19:27:24.617381'),(194,'dario','190.48.217.119','Mozilla/5.0 (Windows NT 10.0; Win64; x64) AppleWebKit/537.36 (KHTML, like Gecko) Chrome/146.0.0.0 Safari/537.36',1,'2026-03-17 19:49:53.931150'),(195,'dario','190.48.217.119','Mozilla/5.0 (Windows NT 10.0; Win64; x64) AppleWebKit/537.36 (KHTML, like Gecko) Chrome/146.0.0.0 Safari/537.36',1,'2026-03-19 15:40:36.313405'),(196,'dario','190.48.217.119','Mozilla/5.0 (Windows NT 10.0; Win64; x64) AppleWebKit/537.36 (KHTML, like Gecko) Chrome/146.0.0.0 Safari/537.36',1,'2026-03-20 16:53:03.852118'),(197,'romina','190.48.205.76','Mozilla/5.0 (Windows NT 10.0; Win64; x64) AppleWebKit/537.36 (KHTML, like Gecko) Chrome/146.0.0.0 Safari/537.36',0,'2026-03-23 13:19:07.348084'),(198,'romina','190.48.205.76','Mozilla/5.0 (Windows NT 10.0; Win64; x64) AppleWebKit/537.36 (KHTML, like Gecko) Chrome/146.0.0.0 Safari/537.36',0,'2026-03-23 13:19:48.312848'),(199,'admin','190.48.205.76','Mozilla/5.0 (Windows NT 10.0; Win64; x64) AppleWebKit/537.36 (KHTML, like Gecko) Chrome/146.0.0.0 Safari/537.36',1,'2026-03-23 13:20:47.913334'),(200,'admin','190.48.205.76','Mozilla/5.0 (Windows NT 10.0; Win64; x64) AppleWebKit/537.36 (KHTML, like Gecko) Chrome/146.0.0.0 Safari/537.36',1,'2026-03-23 13:23:38.684512'),(201,'admin','190.48.205.76','Mozilla/5.0 (Windows NT 10.0; Win64; x64) AppleWebKit/537.36 (KHTML, like Gecko) Chrome/146.0.0.0 Safari/537.36',1,'2026-03-23 14:24:46.109092'),(202,'kiara','190.48.205.76','Mozilla/5.0 (Windows NT 10.0; Win64; x64) AppleWebKit/537.36 (KHTML, like Gecko) Chrome/145.0.0.0 Safari/537.36',1,'2026-03-23 15:14:58.814052'),(203,'admin','190.48.205.76','Mozilla/5.0 (Windows NT 10.0; Win64; x64) AppleWebKit/537.36 (KHTML, like Gecko) Chrome/146.0.0.0 Safari/537.36',1,'2026-03-23 16:29:41.370187'),(204,'admin','190.48.205.76','Mozilla/5.0 (Windows NT 10.0; Win64; x64) AppleWebKit/537.36 (KHTML, like Gecko) Chrome/146.0.0.0 Safari/537.36',1,'2026-03-23 18:49:20.916676'),(205,'dario','190.48.200.69','Mozilla/5.0 (Windows NT 10.0; Win64; x64) AppleWebKit/537.36 (KHTML, like Gecko) Chrome/146.0.0.0 Safari/537.36',1,'2026-03-25 11:46:58.803548'),(206,'dario','190.48.200.69','Mozilla/5.0 (Windows NT 10.0; Win64; x64) AppleWebKit/537.36 (KHTML, like Gecko) Chrome/146.0.0.0 Safari/537.36',1,'2026-03-25 14:01:04.701944'),(207,'dario','190.48.200.69','Mozilla/5.0 (Windows NT 10.0; Win64; x64) AppleWebKit/537.36 (KHTML, like Gecko) Chrome/146.0.0.0 Safari/537.36',1,'2026-03-25 16:02:01.380721'),(208,'dario','190.48.200.69','Mozilla/5.0 (Windows NT 10.0; Win64; x64) AppleWebKit/537.36 (KHTML, like Gecko) Chrome/146.0.0.0 Safari/537.36',1,'2026-03-26 13:03:19.424693'),(209,'dario','190.48.200.69','Mozilla/5.0 (Windows NT 10.0; Win64; x64) AppleWebKit/537.36 (KHTML, like Gecko) Chrome/146.0.0.0 Safari/537.36',1,'2026-03-26 14:06:48.712110'),(210,'admin','82.62.6.93','Mozilla/5.0 (Windows NT 10.0; Win64; x64) AppleWebKit/537.36 (KHTML, like Gecko) Chrome/146.0.0.0 Safari/537.36',0,'2026-03-28 15:54:01.820997'),(211,'admin','82.62.6.93','Mozilla/5.0 (Windows NT 10.0; Win64; x64) AppleWebKit/537.36 (KHTML, like Gecko) Chrome/146.0.0.0 Safari/537.36',0,'2026-03-28 15:54:11.501503'),(212,'admin','82.62.6.93','Mozilla/5.0 (Windows NT 10.0; Win64; x64) AppleWebKit/537.36 (KHTML, like Gecko) Chrome/146.0.0.0 Safari/537.36',1,'2026-03-28 15:54:16.652184'),(213,'admin','82.62.6.93','Mozilla/5.0 (Windows NT 10.0; Win64; x64) AppleWebKit/537.36 (KHTML, like Gecko) Chrome/146.0.0.0 Safari/537.36',1,'2026-03-29 11:26:56.892110');
/*!40000 ALTER TABLE `security_loginattempt` ENABLE KEYS */;
UNLOCK TABLES;

--
-- Table structure for table `security_securitysettings`
--

DROP TABLE IF EXISTS `security_securitysettings`;
/*!40101 SET @saved_cs_client     = @@character_set_client */;
/*!50503 SET character_set_client = utf8mb4 */;
CREATE TABLE `security_securitysettings` (
  `id` bigint NOT NULL AUTO_INCREMENT,
  `max_login_attempts` int NOT NULL,
  `lockout_duration` int NOT NULL,
  `session_timeout` int NOT NULL,
  `force_password_change_days` int NOT NULL,
  `min_password_length` int NOT NULL,
  `require_uppercase` tinyint(1) NOT NULL,
  `require_lowercase` tinyint(1) NOT NULL,
  `require_numbers` tinyint(1) NOT NULL,
  `require_special_chars` tinyint(1) NOT NULL,
  `log_all_actions` tinyint(1) NOT NULL,
  `log_retention_days` int NOT NULL,
  `auto_backup_enabled` tinyint(1) NOT NULL,
  `backup_frequency_hours` int NOT NULL,
  `backup_retention_days` int NOT NULL,
  `updated_at` datetime(6) NOT NULL,
  `updated_by_id` int DEFAULT NULL,
  PRIMARY KEY (`id`),
  KEY `security_securitysettings_updated_by_id_b50801eb_fk_auth_user_id` (`updated_by_id`),
  CONSTRAINT `security_securitysettings_updated_by_id_b50801eb_fk_auth_user_id` FOREIGN KEY (`updated_by_id`) REFERENCES `auth_user` (`id`)
) ENGINE=InnoDB AUTO_INCREMENT=2 DEFAULT CHARSET=utf8mb3;
/*!40101 SET character_set_client = @saved_cs_client */;

--
-- Dumping data for table `security_securitysettings`
--

LOCK TABLES `security_securitysettings` WRITE;
/*!40000 ALTER TABLE `security_securitysettings` DISABLE KEYS */;
INSERT INTO `security_securitysettings` VALUES (1,5,30,60,90,8,1,1,1,0,1,365,1,24,30,'2026-03-16 21:48:45.858407',1);
/*!40000 ALTER TABLE `security_securitysettings` ENABLE KEYS */;
UNLOCK TABLES;

--
-- Table structure for table `tratamientos`
--

DROP TABLE IF EXISTS `tratamientos`;
/*!40101 SET @saved_cs_client     = @@character_set_client */;
/*!50503 SET character_set_client = utf8mb4 */;
CREATE TABLE `tratamientos` (
  `Id` int NOT NULL,
  `Descripci_n` text,
  `Precioporkilo` float DEFAULT NULL,
  `color` int DEFAULT NULL,
  `MONEDA` int DEFAULT NULL,
  `Bloqueado` text,
  PRIMARY KEY (`Id`)
) ENGINE=InnoDB DEFAULT CHARSET=utf8mb3;
/*!40101 SET character_set_client = @saved_cs_client */;

--
-- Dumping data for table `tratamientos`
--

LOCK TABLES `tratamientos` WRITE;
/*!40000 ALTER TABLE `tratamientos` DISABLE KEYS */;
INSERT INTO `tratamientos` VALUES (1,'BLANCO',1500,NULL,NULL,NULL),(2,'NEGRO',1875,NULL,NULL,NULL),(3,'BRONCE COLONIAL',2025,NULL,NULL,NULL),(4,'ANODIZADO NATURAL',2025,NULL,NULL,NULL);
/*!40000 ALTER TABLE `tratamientos` ENABLE KEYS */;
UNLOCK TABLES;

--
-- Table structure for table `vidrio_hojas`
--

DROP TABLE IF EXISTS `vidrio_hojas`;
/*!40101 SET @saved_cs_client     = @@character_set_client */;
/*!50503 SET character_set_client = utf8mb4 */;
CREATE TABLE `vidrio_hojas` (
  `id` int NOT NULL AUTO_INCREMENT,
  `vidrio_codigo` varchar(255) NOT NULL,
  `hoja_id` int NOT NULL,
  PRIMARY KEY (`id`),
  UNIQUE KEY `uq_vidrio_hoja` (`vidrio_codigo`,`hoja_id`)
) ENGINE=InnoDB AUTO_INCREMENT=736 DEFAULT CHARSET=utf8mb3;
/*!40101 SET character_set_client = @saved_cs_client */;

--
-- Dumping data for table `vidrio_hojas`
--

LOCK TABLES `vidrio_hojas` WRITE;
/*!40000 ALTER TABLE `vidrio_hojas` DISABLE KEYS */;
INSERT INTO `vidrio_hojas` VALUES (508,'dvh 1',2),(542,'dvh 1',3),(509,'dvh 1',4),(543,'dvh 1',5),(544,'dvh 1',6),(545,'dvh 1',7),(546,'dvh 1',8),(510,'dvh 1',10),(511,'dvh 1',11),(547,'dvh 1',12),(548,'dvh 1',13),(549,'dvh 1',14),(550,'dvh 1',15),(551,'dvh 1',16),(552,'dvh 1',17),(553,'dvh 1',19),(554,'dvh 1',20),(512,'dvh 1',21),(513,'dvh 1',22),(514,'dvh 1',25),(515,'dvh 1',26),(516,'dvh 1',27),(517,'dvh 1',28),(518,'dvh 1',29),(519,'dvh 1',30),(520,'dvh 1',31),(521,'dvh 1',32),(522,'dvh 1',33),(523,'dvh 1',34),(524,'dvh 1',35),(525,'dvh 1',36),(526,'dvh 1',37),(527,'dvh 1',38),(528,'dvh 1',39),(529,'dvh 1',40),(530,'dvh 1',41),(531,'dvh 1',42),(532,'dvh 1',43),(533,'dvh 1',44),(534,'dvh 1',45),(535,'dvh 1',46),(536,'dvh 1',47),(537,'dvh 1',48),(538,'dvh 1',49),(539,'dvh 1',50),(540,'dvh 1',51),(541,'dvh 1',52),(642,'DVH 2',2),(643,'DVH 2',3),(644,'DVH 2',4),(645,'DVH 2',5),(646,'DVH 2',6),(647,'DVH 2',7),(648,'DVH 2',8),(649,'DVH 2',10),(650,'DVH 2',11),(651,'DVH 2',12),(652,'DVH 2',13),(653,'DVH 2',14),(654,'DVH 2',15),(655,'DVH 2',16),(656,'DVH 2',17),(657,'DVH 2',19),(658,'DVH 2',20),(659,'DVH 2',21),(660,'DVH 2',22),(661,'DVH 2',25),(662,'DVH 2',26),(663,'DVH 2',27),(664,'DVH 2',28),(665,'DVH 2',29),(666,'DVH 2',30),(667,'DVH 2',31),(668,'DVH 2',32),(669,'DVH 2',33),(670,'DVH 2',34),(671,'DVH 2',35),(672,'DVH 2',36),(673,'DVH 2',37),(674,'DVH 2',38),(675,'DVH 2',39),(676,'DVH 2',40),(677,'DVH 2',41),(678,'DVH 2',42),(679,'DVH 2',43),(680,'DVH 2',44),(681,'DVH 2',45),(682,'DVH 2',46),(683,'DVH 2',47),(684,'DVH 2',48),(685,'DVH 2',49),(686,'DVH 2',50),(687,'DVH 2',51),(688,'DVH 2',52),(719,'DVH 3',2),(720,'DVH 3',3),(721,'DVH 3',4),(722,'DVH 3',5),(723,'DVH 3',6),(724,'DVH 3',7),(725,'DVH 3',8),(726,'DVH 3',10),(689,'DVH 3',11),(727,'DVH 3',12),(728,'DVH 3',13),(729,'DVH 3',14),(730,'DVH 3',15),(731,'DVH 3',16),(732,'DVH 3',17),(733,'DVH 3',19),(734,'DVH 3',20),(735,'DVH 3',21),(690,'DVH 3',22),(691,'DVH 3',25),(692,'DVH 3',26),(693,'DVH 3',27),(694,'DVH 3',28),(695,'DVH 3',29),(696,'DVH 3',30),(697,'DVH 3',31),(698,'DVH 3',32),(699,'DVH 3',33),(700,'DVH 3',34),(701,'DVH 3',35),(702,'DVH 3',36),(703,'DVH 3',37),(704,'DVH 3',38),(705,'DVH 3',39),(706,'DVH 3',40),(707,'DVH 3',41),(708,'DVH 3',42),(709,'DVH 3',43),(710,'DVH 3',44),(711,'DVH 3',45),(712,'DVH 3',46),(713,'DVH 3',47),(714,'DVH 3',48),(715,'DVH 3',49),(716,'DVH 3',50),(717,'DVH 3',51),(718,'DVH 3',52),(10,'TEST1',2);
/*!40000 ALTER TABLE `vidrio_hojas` ENABLE KEYS */;
UNLOCK TABLES;

--
-- Table structure for table `vidrio_repartido`
--

DROP TABLE IF EXISTS `vidrio_repartido`;
/*!40101 SET @saved_cs_client     = @@character_set_client */;
/*!50503 SET character_set_client = utf8mb4 */;
CREATE TABLE `vidrio_repartido` (
  `Id` int NOT NULL,
  `idinterior` int DEFAULT NULL,
  `Descripci_n` text,
  `Predeterminado` text,
  `no_verificado` text,
  `interior_entero` text,
  PRIMARY KEY (`Id`)
) ENGINE=InnoDB DEFAULT CHARSET=utf8mb3;
/*!40101 SET character_set_client = @saved_cs_client */;

--
-- Dumping data for table `vidrio_repartido`
--

LOCK TABLES `vidrio_repartido` WRITE;
/*!40000 ALTER TABLE `vidrio_repartido` DISABLE KEYS */;
/*!40000 ALTER TABLE `vidrio_repartido` ENABLE KEYS */;
UNLOCK TABLES;

--
-- Table structure for table `vidrios`
--

DROP TABLE IF EXISTS `vidrios`;
/*!40101 SET @saved_cs_client     = @@character_set_client */;
/*!50503 SET character_set_client = utf8mb4 */;
CREATE TABLE `vidrios` (
  `CODIGO` varchar(255) NOT NULL,
  `DESCRI` text,
  `PRECIO` float DEFAULT NULL,
  `BASE` int DEFAULT NULL,
  `ALTURA` int DEFAULT NULL,
  `ESPESOR` int DEFAULT NULL,
  `MONEDA` int DEFAULT NULL,
  `TIPO_REV` int DEFAULT NULL,
  `color` int DEFAULT NULL,
  `Bloqueado` text,
  `Maximo` int DEFAULT NULL,
  `Corte1` text,
  `transparente` text,
  `formula_umbral_dintel` text,
  `formula_zocalo` text,
  `formula_parante` text,
  `formula_ancho_dvh` text,
  `formula_alto_dvh` text,
  `formula_ancho_mosq` text,
  `formula_alto_mosq` text,
  `formula_tope_mosq` text,
  `Idhoja` int DEFAULT NULL,
  `Idproducto` text,
  `rebaje_ancho` text,
  `rebaje_alto` text,
  PRIMARY KEY (`CODIGO`)
) ENGINE=InnoDB DEFAULT CHARSET=utf8mb3;
/*!40101 SET character_set_client = @saved_cs_client */;

--
-- Dumping data for table `vidrios`
--

LOCK TABLES `vidrios` WRITE;
/*!40000 ALTER TABLE `vidrios` DISABLE KEYS */;
INSERT INTO `vidrios` VALUES ('dvh 1','4+9+4',78000,NULL,NULL,NULL,NULL,NULL,NULL,NULL,NULL,NULL,NULL,'','','','','','','','',2,NULL,'(Ancho-149)/2','Alto -169'),('DVH 2','3+3+9+4',NULL,NULL,NULL,NULL,NULL,NULL,NULL,NULL,NULL,NULL,NULL,NULL,NULL,NULL,NULL,NULL,NULL,NULL,NULL,2,NULL,'(Ancho-149)/2','Alto -169'),('DVH 3','3+3+9+3+3',NULL,NULL,NULL,NULL,NULL,NULL,NULL,NULL,NULL,NULL,NULL,NULL,NULL,NULL,NULL,NULL,NULL,NULL,NULL,2,NULL,'(Ancho-149)/2','Alto -169'),('TEST1','TEST',1000,NULL,NULL,NULL,NULL,NULL,NULL,'Si',NULL,NULL,NULL,NULL,NULL,NULL,NULL,NULL,NULL,NULL,NULL,4,NULL,NULL,NULL);
/*!40000 ALTER TABLE `vidrios` ENABLE KEYS */;
UNLOCK TABLES;
/*!40103 SET TIME_ZONE=@OLD_TIME_ZONE */;

/*!40101 SET SQL_MODE=@OLD_SQL_MODE */;
/*!40014 SET FOREIGN_KEY_CHECKS=@OLD_FOREIGN_KEY_CHECKS */;
/*!40014 SET UNIQUE_CHECKS=@OLD_UNIQUE_CHECKS */;
/*!40101 SET CHARACTER_SET_CLIENT=@OLD_CHARACTER_SET_CLIENT */;
/*!40101 SET CHARACTER_SET_RESULTS=@OLD_CHARACTER_SET_RESULTS */;
/*!40101 SET COLLATION_CONNECTION=@OLD_COLLATION_CONNECTION */;
/*!40111 SET SQL_NOTES=@OLD_SQL_NOTES */;

-- Dump completed on 2026-03-29  8:34:11
